{"type":"FeatureCollection","vintage":"ACS 2019-2023 5-year (B19013, B09001); TIGERweb 2020 tracts","source":"U.S. Census Bureau ACS 5-year API + TIGERweb","features":[{"type":"Feature","geometry":{"type":"Polygon","coordinates":[[[-80.160211,25.810076],[-80.160575,25.808785],[-80.137415,25.809593],[-80.135948,25.808697],[-80.132821,25.809664],[-80.12747,25.809061],[-80.126463,25.813696],[-80.116561,25.812311],[-80.11448,25.818481],[-80.123369,25.818865],[-80.122567,25.826274],[-80.125362,25.82615],[-80.126923,25.823041],[-80.131711,25.823792],[-80.13565,25.827774],[-80.160061,25.826914],[-80.159397,25.812967],[-80.160211,25.810076]]]},"properties":{"geoid":"12086004000","state_fips":"12","county_fips":"12086","tract":"004000","county":"Miami-Dade","median_household_income":153229,"moe":85455,"population":4867,"school_age_population":1699}},{"type":"Feature","geometry":{"type":"Polygon","coordinates":[[[-80.271697,25.771465],[-80.271464,25.76417],[-80.25514,25.764687],[-80.255457,25.771834],[-80.271697,25.771465]]]},"properties":{"geoid":"12086005600","state_fips":"12","county_fips":"12086","tract":"005600","county":"Miami-Dade","median_household_income":49782,"moe":15000,"population":4477,"school_age_population":627}},{"type":"Feature","geometry":{"type":"Polygon","coordinates":[[[-80.238255,25.750327],[-80.237842,25.739931],[-80.22987,25.742849],[-80.230134,25.750593],[-80.238255,25.750327]]]},"properties":{"geoid":"12086006901","state_fips":"12","county_fips":"12086","tract":"006901","county":"Miami-Dade","median_household_income":80149,"moe":22839,"population":2781,"school_age_population":479}},{"type":"Feature","geometry":{"type":"Polygon","coordinates":[[[-80.41471,25.633558],[-80.414567,25.626306],[-80.406546,25.626536],[-80.398543,25.635483],[-80.398843,25.641385],[-80.41473,25.641065],[-80.41471,25.633558]]]},"properties":{"geoid":"12086019401","state_fips":"12","county_fips":"12086","tract":"019401","county":"Miami-Dade","median_household_income":108359,"moe":19798,"population":2673,"school_age_population":707}},{"type":"Feature","geometry":{"type":"Polygon","coordinates":[[[-80.472721,25.752588],[-80.472473,25.745333],[-80.464472,25.745617],[-80.464223,25.741933],[-80.440246,25.742756],[-80.440295,25.745531],[-80.444342,25.745308],[-80.444814,25.757118],[-80.464895,25.756512],[-80.464691,25.752888],[-80.472721,25.752588]]]},"properties":{"geoid":"12086015103","state_fips":"12","county_fips":"12086","tract":"015103","county":"Miami-Dade","median_household_income":164762,"moe":76138,"population":3556,"school_age_population":806}},{"type":"Feature","geometry":{"type":"Polygon","coordinates":[[[-80.145045,25.791606],[-80.145025,25.788884],[-80.14116,25.788899],[-80.141278,25.79204],[-80.145045,25.791606]]]},"properties":{"geoid":"12086004208","state_fips":"12","county_fips":"12086","tract":"004208","county":"Miami-Dade","median_household_income":80318,"moe":28835,"population":1184,"school_age_population":43}},{"type":"Feature","geometry":{"type":"Polygon","coordinates":[[[-80.196165,25.783705],[-80.195808,25.781136],[-80.193818,25.780428],[-80.193939,25.783769],[-80.196165,25.783705]]]},"properties":{"geoid":"12086003709","state_fips":"12","county_fips":"12086","tract":"003709","county":"Miami-Dade","median_household_income":67130,"moe":6848,"population":1321,"school_age_population":15}},{"type":"Feature","geometry":{"type":"Polygon","coordinates":[[[-80.214326,25.762935],[-80.214167,25.751283],[-80.199655,25.76125],[-80.199724,25.763327],[-80.214326,25.762935]]]},"properties":{"geoid":"12086006608","state_fips":"12","county_fips":"12086","tract":"006608","county":"Miami-Dade","median_household_income":108006,"moe":40433,"population":3606,"school_age_population":573}},{"type":"Feature","geometry":{"type":"Polygon","coordinates":[[[-80.361171,25.694751],[-80.360746,25.687169],[-80.33354,25.688077],[-80.334138,25.702305],[-80.337844,25.702158],[-80.341116,25.698745],[-80.342681,25.696033],[-80.347061,25.692069],[-80.356547,25.696961],[-80.358451,25.694899],[-80.361171,25.694751]]]},"properties":{"geoid":"12086008423","state_fips":"12","county_fips":"12086","tract":"008423","county":"Miami-Dade","median_household_income":91771,"moe":42299,"population":4999,"school_age_population":986}},{"type":"Feature","geometry":{"type":"Polygon","coordinates":[[[-80.205913,25.965563],[-80.205752,25.959531],[-80.202929,25.959395],[-80.200012,25.957465],[-80.197675,25.957542],[-80.1986,25.960218],[-80.198182,25.965659],[-80.205913,25.965563]]]},"properties":{"geoid":"12086009811","state_fips":"12","county_fips":"12086","tract":"009811","county":"Miami-Dade","median_household_income":36565,"moe":6834,"population":1856,"school_age_population":175}},{"type":"Feature","geometry":{"type":"Polygon","coordinates":[[[-80.199724,25.763327],[-80.199655,25.76125],[-80.198856,25.761454],[-80.197164,25.760478],[-80.197422,25.766282],[-80.199058,25.766239],[-80.199724,25.763327]]]},"properties":{"geoid":"12086006604","state_fips":"12","county_fips":"12086","tract":"006604","county":"Miami-Dade","median_household_income":57209,"moe":13643,"population":1982,"school_age_population":217}},{"type":"Feature","geometry":{"type":"Polygon","coordinates":[[[-80.222683,25.941822],[-80.215555,25.934818],[-80.212781,25.934866],[-80.212901,25.936731],[-80.204895,25.937151],[-80.20519,25.942555],[-80.222683,25.941822]]]},"properties":{"geoid":"12086009506","state_fips":"12","county_fips":"12086","tract":"009506","county":"Miami-Dade","median_household_income":47350,"moe":12170,"population":4181,"school_age_population":1037}},{"type":"Feature","geometry":{"type":"Polygon","coordinates":[[[-80.269432,25.940017],[-80.268667,25.92541],[-80.260652,25.92574],[-80.261378,25.940335],[-80.269432,25.940017]]]},"properties":{"geoid":"12086010021","state_fips":"12","county_fips":"12086","tract":"010021","county":"Miami-Dade","median_household_income":58950,"moe":21476,"population":3905,"school_age_population":925}},{"type":"Feature","geometry":{"type":"Polygon","coordinates":[[[-80.261378,25.940335],[-80.260652,25.92574],[-80.252665,25.926003],[-80.253349,25.940633],[-80.261378,25.940335]]]},"properties":{"geoid":"12086009402","state_fips":"12","county_fips":"12086","tract":"009402","county":"Miami-Dade","median_household_income":68550,"moe":10867,"population":3654,"school_age_population":673}},{"type":"Feature","geometry":{"type":"Polygon","coordinates":[[[-80.244309,25.915378],[-80.24362,25.897269],[-80.235475,25.897446],[-80.23553,25.898176],[-80.236294,25.89818],[-80.236456,25.903046],[-80.235737,25.903397],[-80.236208,25.915704],[-80.244309,25.915378]]]},"properties":{"geoid":"12086000417","state_fips":"12","county_fips":"12086","tract":"000417","county":"Miami-Dade","median_household_income":44672,"moe":13469,"population":4176,"school_age_population":910}},{"type":"Feature","geometry":{"type":"Polygon","coordinates":[[[-80.300188,25.898823],[-80.299866,25.891557],[-80.291643,25.891604],[-80.292017,25.898841],[-80.300188,25.898823]]]},"properties":{"geoid":"12086009325","state_fips":"12","county_fips":"12086","tract":"009325","county":"Miami-Dade","median_household_income":66650,"moe":42031,"population":2529,"school_age_population":531}},{"type":"Feature","geometry":{"type":"Polygon","coordinates":[[[-80.341019,25.913244],[-80.340366,25.898927],[-80.324268,25.89875],[-80.324858,25.913311],[-80.341019,25.913244]]]},"properties":{"geoid":"12086012802","state_fips":"12","county_fips":"12086","tract":"012802","county":"Miami-Dade","median_household_income":102734,"moe":9959,"population":3368,"school_age_population":837}},{"type":"Feature","geometry":{"type":"Polygon","coordinates":[[[-80.412067,25.480292],[-80.411919,25.462862],[-80.347007,25.463371],[-80.326683,25.46298],[-80.331212,25.474059],[-80.32912,25.500315],[-80.315522,25.532613],[-80.325149,25.534521],[-80.33131,25.537539],[-80.365607,25.537294],[-80.368431,25.534347],[-80.372031,25.532315],[-80.388291,25.529253],[-80.388217,25.507206],[-80.385854,25.507228],[-80.385886,25.504034],[-80.379804,25.503958],[-80.378932,25.504555],[-80.376391,25.504608],[-80.375559,25.503717],[-80.369617,25.503858],[-80.367615,25.501698],[-80.366896,25.502244],[-80.36612,25.501428],[-80.366842,25.500863],[-80.365241,25.499171],[-80.367661,25.497143],[-80.367657,25.496475],[-80.368573,25.496436],[-80.371667,25.494039],[-80.371615,25.48801],[-80.373621,25.487995],[-80.373629,25.488958],[-80.378079,25.488915],[-80.3857,25.483494],[-80.385637,25.475932],[-80.396012,25.47587],[-80.398287,25.474117],[-80.399555,25.475349],[-80.403404,25.472345],[-80.403768,25.473546],[-80.400781,25.475841],[-80.403907,25.475828],[-80.403937,25.477818],[-80.404818,25.477809],[-80.404863,25.48037],[-80.412067,25.480292]]]},"properties":{"geoid":"12086010706","state_fips":"12","county_fips":"12086","tract":"010706","county":"Miami-Dade","median_household_income":90087,"moe":27420,"population":3659,"school_age_population":1156}},{"type":"Feature","geometry":{"type":"Polygon","coordinates":[[[-80.413035,25.596561],[-80.412891,25.592819],[-80.409524,25.590252],[-80.40905,25.587849],[-80.404096,25.58185],[-80.403997,25.580832],[-80.39699,25.580835],[-80.397065,25.597083],[-80.413035,25.596561]]]},"properties":{"geoid":"12086010212","state_fips":"12","county_fips":"12086","tract":"010212","county":"Miami-Dade","median_household_income":140000,"moe":72873,"population":2970,"school_age_population":728}},{"type":"Feature","geometry":{"type":"Polygon","coordinates":[[[-80.356078,25.890953],[-80.355685,25.884118],[-80.352044,25.884081],[-80.350932,25.886641],[-80.351101,25.891496],[-80.355996,25.891501],[-80.356078,25.890953]]]},"properties":{"geoid":"12086012602","state_fips":"12","county_fips":"12086","tract":"012602","county":"Miami-Dade","median_household_income":91532,"moe":19456,"population":3697,"school_age_population":738}},{"type":"Feature","geometry":{"type":"Polygon","coordinates":[[[-80.351931,25.884251],[-80.343725,25.88411],[-80.344038,25.891516],[-80.351101,25.891496],[-80.350932,25.886641],[-80.351931,25.884251]]]},"properties":{"geoid":"12086013202","state_fips":"12","county_fips":"12086","tract":"013202","county":"Miami-Dade","median_household_income":103333,"moe":23294,"population":3566,"school_age_population":498}},{"type":"Feature","geometry":{"type":"Polygon","coordinates":[[[-80.325161,25.918538],[-80.324858,25.913311],[-80.32281,25.913054],[-80.318476,25.909914],[-80.313486,25.911029],[-80.313757,25.914316],[-80.310087,25.917854],[-80.309103,25.918016],[-80.309394,25.92467],[-80.321861,25.924106],[-80.324209,25.922244],[-80.325161,25.918538]]]},"properties":{"geoid":"12086009319","state_fips":"12","county_fips":"12086","tract":"009319","county":"Miami-Dade","median_household_income":93125,"moe":13695,"population":4560,"school_age_population":998}},{"type":"Feature","geometry":{"type":"Polygon","coordinates":[[[-80.308213,25.898794],[-80.307864,25.891569],[-80.303882,25.891588],[-80.303821,25.89068],[-80.299805,25.890673],[-80.300188,25.898823],[-80.308213,25.898794]]]},"properties":{"geoid":"12086009324","state_fips":"12","county_fips":"12086","tract":"009324","county":"Miami-Dade","median_household_income":45893,"moe":13202,"population":3935,"school_age_population":725}},{"type":"Feature","geometry":{"type":"Polygon","coordinates":[[[-80.365726,25.886641],[-80.366317,25.886677],[-80.362011,25.883485],[-80.362614,25.883003],[-80.356892,25.878764],[-80.355392,25.880404],[-80.355996,25.891501],[-80.364069,25.891019],[-80.363957,25.887263],[-80.363333,25.886744],[-80.365726,25.886641]]]},"properties":{"geoid":"12086012502","state_fips":"12","county_fips":"12086","tract":"012502","county":"Miami-Dade","median_household_income":89402,"moe":23714,"population":4308,"school_age_population":673}},{"type":"Feature","geometry":{"type":"Polygon","coordinates":[[[-80.347744,25.884096],[-80.34746,25.878797],[-80.339314,25.878821],[-80.339586,25.884173],[-80.347744,25.884096]]]},"properties":{"geoid":"12086013301","state_fips":"12","county_fips":"12086","tract":"013301","county":"Miami-Dade","median_household_income":67217,"moe":11544,"population":2786,"school_age_population":373}},{"type":"Feature","geometry":{"type":"Polygon","coordinates":[[[-80.408721,25.536504],[-80.408626,25.529152],[-80.402393,25.529209],[-80.400476,25.525767],[-80.397528,25.525694],[-80.39399,25.527939],[-80.388335,25.529246],[-80.388362,25.532334],[-80.389386,25.53362],[-80.389433,25.536819],[-80.408721,25.536504]]]},"properties":{"geoid":"12086010710","state_fips":"12","county_fips":"12086","tract":"010710","county":"Miami-Dade","median_household_income":74842,"moe":13994,"population":6640,"school_age_population":1152}},{"type":"Feature","geometry":{"type":"Polygon","coordinates":[[[-80.509767,25.47394],[-80.509701,25.469604],[-80.501627,25.469619],[-80.501565,25.462375],[-80.493495,25.462412],[-80.493711,25.477059],[-80.509765,25.476974],[-80.509767,25.47394]]]},"properties":{"geoid":"12086011205","state_fips":"12","county_fips":"12086","tract":"011205","county":"Miami-Dade","median_household_income":55588,"moe":4933,"population":4059,"school_age_population":1236}},{"type":"Feature","geometry":{"type":"Polygon","coordinates":[[[-80.493711,25.477059],[-80.493446,25.455121],[-80.485336,25.455153],[-80.485543,25.471617],[-80.477376,25.471651],[-80.477408,25.475325],[-80.487621,25.475257],[-80.487665,25.477093],[-80.493711,25.477059]]]},"properties":{"geoid":"12086011302","state_fips":"12","county_fips":"12086","tract":"011302","county":"Miami-Dade","median_household_income":26268,"moe":4300,"population":6080,"school_age_population":1901}},{"type":"Feature","geometry":{"type":"Polygon","coordinates":[[[-80.501565,25.462375],[-80.501551,25.447693],[-80.477164,25.447837],[-80.477197,25.455169],[-80.493446,25.455121],[-80.493495,25.462412],[-80.501565,25.462375]]]},"properties":{"geoid":"12086011405","state_fips":"12","county_fips":"12086","tract":"011405","county":"Miami-Dade","median_household_income":53070,"moe":45178,"population":3961,"school_age_population":1271}},{"type":"Feature","geometry":{"type":"Polygon","coordinates":[[[-80.511065,25.608702],[-80.510894,25.58688],[-80.506812,25.586821],[-80.506661,25.56477],[-80.478232,25.565119],[-80.479018,25.60881],[-80.511065,25.608702]]]},"properties":{"geoid":"12086010302","state_fips":"12","county_fips":"12086","tract":"010302","county":"Miami-Dade","median_household_income":79297,"moe":29756,"population":3099,"school_age_population":656}},{"type":"Feature","geometry":{"type":"Polygon","coordinates":[[[-80.384092,25.671855],[-80.383819,25.664221],[-80.375592,25.664577],[-80.375753,25.67215],[-80.384092,25.671855]]]},"properties":{"geoid":"12086008420","state_fips":"12","county_fips":"12086","tract":"008420","county":"Miami-Dade","median_household_income":136121,"moe":26920,"population":1500,"school_age_population":283}},{"type":"Feature","geometry":{"type":"Polygon","coordinates":[[[-80.375753,25.67215],[-80.375592,25.664577],[-80.372361,25.664733],[-80.365707,25.672156],[-80.375753,25.67215]]]},"properties":{"geoid":"12086008424","state_fips":"12","county_fips":"12086","tract":"008424","county":"Miami-Dade","median_household_income":48232,"moe":16248,"population":3670,"school_age_population":318}},{"type":"Feature","geometry":{"type":"Polygon","coordinates":[[[-80.372361,25.664733],[-80.351095,25.665627],[-80.351421,25.684851],[-80.352035,25.684895],[-80.352119,25.685987],[-80.350769,25.687482],[-80.352019,25.68745],[-80.372361,25.664733]]]},"properties":{"geoid":"12086008428","state_fips":"12","county_fips":"12086","tract":"008428","county":"Miami-Dade","median_household_income":156250,"moe":32445,"population":2408,"school_age_population":481}},{"type":"Feature","geometry":{"type":"Polygon","coordinates":[[[-80.389221,25.686131],[-80.388651,25.671717],[-80.378294,25.672062],[-80.378445,25.675027],[-80.377646,25.678336],[-80.37613,25.678771],[-80.376411,25.68665],[-80.389221,25.686131]]]},"properties":{"geoid":"12086008421","state_fips":"12","county_fips":"12086","tract":"008421","county":"Miami-Dade","median_household_income":165033,"moe":78027,"population":4394,"school_age_population":608}},{"type":"Feature","geometry":{"type":"Polygon","coordinates":[[[-80.462961,25.462762],[-80.461844,25.462574],[-80.439348,25.477495],[-80.460901,25.477313],[-80.460763,25.464382],[-80.462961,25.462762]]]},"properties":{"geoid":"12086011010","state_fips":"12","county_fips":"12086","tract":"011010","county":"Miami-Dade","median_household_income":37988,"moe":6923,"population":4734,"school_age_population":1146}},{"type":"Feature","geometry":{"type":"Polygon","coordinates":[[[-80.442271,25.478685],[-80.442281,25.477423],[-80.439348,25.477495],[-80.428441,25.484302],[-80.428638,25.49219],[-80.436683,25.492123],[-80.436444,25.480736],[-80.43872,25.478947],[-80.442271,25.478685]]]},"properties":{"geoid":"12086011012","state_fips":"12","county_fips":"12086","tract":"011012","county":"Miami-Dade","median_household_income":54300,"moe":6606,"population":2145,"school_age_population":477}},{"type":"Feature","geometry":{"type":"Polygon","coordinates":[[[-80.24848,25.812206],[-80.248375,25.808843],[-80.246328,25.808905],[-80.24588,25.797751],[-80.239819,25.794275],[-80.240419,25.812307],[-80.24848,25.812206]]]},"properties":{"geoid":"12086001704","state_fips":"12","county_fips":"12086","tract":"001704","county":"Miami-Dade","median_household_income":38274,"moe":20027,"population":2412,"school_age_population":634}},{"type":"Feature","geometry":{"type":"Polygon","coordinates":[[[-80.280542,25.822404],[-80.271061,25.815425],[-80.264887,25.815775],[-80.265177,25.82314],[-80.280542,25.822404]]]},"properties":{"geoid":"12086001608","state_fips":"12","county_fips":"12086","tract":"001608","county":"Miami-Dade","median_household_income":65396,"moe":17595,"population":2938,"school_age_population":385}},{"type":"Feature","geometry":{"type":"Polygon","coordinates":[[[-80.271004,25.815467],[-80.258426,25.805959],[-80.258976,25.823358],[-80.265177,25.82314],[-80.264887,25.815775],[-80.271004,25.815467]]]},"properties":{"geoid":"12086001607","state_fips":"12","county_fips":"12086","tract":"001607","county":"Miami-Dade","median_household_income":73350,"moe":20642,"population":2972,"school_age_population":382}},{"type":"Feature","geometry":{"type":"Polygon","coordinates":[[[-80.272743,25.869929],[-80.272645,25.856127],[-80.266583,25.856292],[-80.266869,25.870473],[-80.272682,25.870371],[-80.272743,25.869929]]]},"properties":{"geoid":"12086000612","state_fips":"12","county_fips":"12086","tract":"000612","county":"Miami-Dade","median_household_income":80681,"moe":8619,"population":3156,"school_age_population":443}},{"type":"Feature","geometry":{"type":"Polygon","coordinates":[[[-80.341605,25.927926],[-80.341019,25.913244],[-80.324858,25.913311],[-80.324866,25.920883],[-80.325409,25.927439],[-80.325926,25.928079],[-80.341605,25.927926]]]},"properties":{"geoid":"12086012702","state_fips":"12","county_fips":"12086","tract":"012702","county":"Miami-Dade","median_household_income":159174,"moe":46983,"population":4370,"school_age_population":893}},{"type":"Feature","geometry":{"type":"Polygon","coordinates":[[[-80.360174,25.577326],[-80.360216,25.576307],[-80.35509,25.576542],[-80.345982,25.581522],[-80.343996,25.585435],[-80.342639,25.586655],[-80.347356,25.592046],[-80.348074,25.594406],[-80.350314,25.593678],[-80.354183,25.587132],[-80.358557,25.582419],[-80.358642,25.579038],[-80.360174,25.577326]]]},"properties":{"geoid":"12086010624","state_fips":"12","county_fips":"12086","tract":"010624","county":"Miami-Dade","median_household_income":76136,"moe":9764,"population":3145,"school_age_population":651}},{"type":"Feature","geometry":{"type":"Polygon","coordinates":[[[-80.366908,25.715442],[-80.366206,25.701895],[-80.364678,25.701142],[-80.358137,25.701346],[-80.358887,25.715757],[-80.366908,25.715442]]]},"properties":{"geoid":"12086008604","state_fips":"12","county_fips":"12086","tract":"008604","county":"Miami-Dade","median_household_income":105083,"moe":43249,"population":1272,"school_age_population":293}},{"type":"Feature","geometry":{"type":"Polygon","coordinates":[[[-80.436271,25.477488],[-80.436202,25.462624],[-80.411919,25.462718],[-80.411982,25.477806],[-80.436271,25.477488]]]},"properties":{"geoid":"12086011015","state_fips":"12","county_fips":"12086","tract":"011015","county":"Miami-Dade","median_household_income":104151,"moe":18059,"population":10123,"school_age_population":3561}},{"type":"Feature","geometry":{"type":"Polygon","coordinates":[[[-80.21983,25.746936],[-80.208769,25.750198],[-80.203968,25.750403],[-80.192879,25.758009],[-80.199465,25.761368],[-80.21983,25.746936]]]},"properties":{"geoid":"12086006715","state_fips":"12","county_fips":"12086","tract":"006715","county":"Miami-Dade","median_household_income":98652,"moe":16671,"population":3879,"school_age_population":608}},{"type":"Feature","geometry":{"type":"Polygon","coordinates":[[[-80.461844,25.462574],[-80.436202,25.462624],[-80.436271,25.477488],[-80.439348,25.477495],[-80.461844,25.462574]]]},"properties":{"geoid":"12086011014","state_fips":"12","county_fips":"12086","tract":"011014","county":"Miami-Dade","median_household_income":83510,"moe":16467,"population":4690,"school_age_population":1357}},{"type":"Feature","geometry":{"type":"Polygon","coordinates":[[[-80.347918,25.570226],[-80.331584,25.570415],[-80.331798,25.579927],[-80.338986,25.577201],[-80.347918,25.570226]]]},"properties":{"geoid":"12086010619","state_fips":"12","county_fips":"12086","tract":"010619","county":"Miami-Dade","median_household_income":67095,"moe":17868,"population":2453,"school_age_population":618}},{"type":"Feature","geometry":{"type":"Polygon","coordinates":[[[-80.356659,25.560469],[-80.354854,25.55921],[-80.347051,25.559238],[-80.347134,25.559914],[-80.343085,25.55947],[-80.340516,25.560321],[-80.337571,25.560394],[-80.334498,25.559992],[-80.334453,25.55943],[-80.331444,25.559427],[-80.331451,25.563915],[-80.338679,25.56383],[-80.344543,25.566554],[-80.351774,25.566598],[-80.354574,25.563738],[-80.356659,25.560469]]]},"properties":{"geoid":"12086010618","state_fips":"12","county_fips":"12086","tract":"010618","county":"Miami-Dade","median_household_income":98590,"moe":18134,"population":4314,"school_age_population":964}},{"type":"Feature","geometry":{"type":"Polygon","coordinates":[[[-80.224501,25.861256],[-80.221734,25.856457],[-80.22134,25.846663],[-80.207786,25.847101],[-80.208152,25.854267],[-80.219626,25.855583],[-80.221111,25.856833],[-80.223746,25.861281],[-80.224501,25.861256]]]},"properties":{"geoid":"12086001008","state_fips":"12","county_fips":"12086","tract":"001008","county":"Miami-Dade","median_household_income":50618,"moe":6927,"population":3425,"school_age_population":1016}},{"type":"Feature","geometry":{"type":"Polygon","coordinates":[[[-80.379797,25.848387],[-80.380193,25.847959],[-80.370591,25.847902],[-80.370773,25.855194],[-80.378707,25.855203],[-80.378653,25.850604],[-80.379797,25.848387]]]},"properties":{"geoid":"12086009050","state_fips":"12","county_fips":"12086","tract":"009050","county":"Miami-Dade","median_household_income":85776,"moe":11096,"population":5594,"school_age_population":1448}},{"type":"Feature","geometry":{"type":"Polygon","coordinates":[[[-80.440988,25.760912],[-80.440246,25.742756],[-80.432203,25.742995],[-80.432863,25.760899],[-80.440988,25.760912]]]},"properties":{"geoid":"12086015101","state_fips":"12","county_fips":"12086","tract":"015101","county":"Miami-Dade","median_household_income":106294,"moe":42933,"population":4366,"school_age_population":879}},{"type":"Feature","geometry":{"type":"Polygon","coordinates":[[[-80.195641,25.768781],[-80.195491,25.76635],[-80.190688,25.766184],[-80.190035,25.769927],[-80.19247,25.77031],[-80.195641,25.768781]]]},"properties":{"geoid":"12086006720","state_fips":"12","county_fips":"12086","tract":"006720","county":"Miami-Dade","median_household_income":161403,"moe":38012,"population":2426,"school_age_population":252}},{"type":"Feature","geometry":{"type":"Polygon","coordinates":[[[-80.382428,25.838648],[-80.376322,25.837375],[-80.373999,25.833274],[-80.374082,25.831533],[-80.374957,25.830124],[-80.378092,25.828526],[-80.377971,25.826178],[-80.369863,25.826172],[-80.370364,25.840653],[-80.382366,25.840631],[-80.382428,25.838648]]]},"properties":{"geoid":"12086009048","state_fips":"12","county_fips":"12086","tract":"009048","county":"Miami-Dade","median_household_income":122361,"moe":63419,"population":3060,"school_age_population":625}},{"type":"Feature","geometry":{"type":"Polygon","coordinates":[[[-80.389433,25.536819],[-80.389386,25.53362],[-80.388362,25.532334],[-80.388335,25.529246],[-80.372031,25.532315],[-80.368431,25.534347],[-80.365607,25.537294],[-80.389433,25.536819]]]},"properties":{"geoid":"12086010709","state_fips":"12","county_fips":"12086","tract":"010709","county":"Miami-Dade","median_household_income":84352,"moe":12015,"population":5784,"school_age_population":1899}},{"type":"Feature","geometry":{"type":"Polygon","coordinates":[[[-80.429776,25.599893],[-80.429685,25.595954],[-80.409303,25.596685],[-80.410118,25.60423],[-80.41383,25.604167],[-80.413646,25.600497],[-80.429776,25.599893]]]},"properties":{"geoid":"12086019901","state_fips":"12","county_fips":"12086","tract":"019901","county":"Miami-Dade","median_household_income":70547,"moe":68151,"population":4156,"school_age_population":1187}},{"type":"Feature","geometry":{"type":"Polygon","coordinates":[[[-80.317293,25.933104],[-80.316819,25.932963],[-80.317147,25.932006],[-80.314635,25.931526],[-80.314759,25.928844],[-80.312901,25.928638],[-80.310953,25.930383],[-80.309659,25.930212],[-80.308383,25.934994],[-80.312571,25.935461],[-80.314976,25.934773],[-80.315326,25.933814],[-80.316685,25.934491],[-80.317293,25.933104]]]},"properties":{"geoid":"12086012102","state_fips":"12","county_fips":"12086","tract":"012102","county":"Miami-Dade","median_household_income":76364,"moe":14198,"population":4938,"school_age_population":986}},{"type":"Feature","geometry":{"type":"Polygon","coordinates":[[[-80.322325,25.933588],[-80.317364,25.932874],[-80.316685,25.934491],[-80.315326,25.933814],[-80.314976,25.934773],[-80.315947,25.935113],[-80.317273,25.937176],[-80.319989,25.937396],[-80.320065,25.939238],[-80.32055,25.939363],[-80.322325,25.933588]]]},"properties":{"geoid":"12086012103","state_fips":"12","county_fips":"12086","tract":"012103","county":"Miami-Dade","median_household_income":78667,"moe":20739,"population":3625,"school_age_population":783}},{"type":"Feature","geometry":{"type":"Polygon","coordinates":[[[-80.342635,25.94959],[-80.342308,25.942285],[-80.329501,25.942343],[-80.329596,25.946613],[-80.330671,25.947884],[-80.330684,25.949577],[-80.342635,25.94959]]]},"properties":{"geoid":"12086012401","state_fips":"12","county_fips":"12086","tract":"012401","county":"Miami-Dade","median_household_income":90377,"moe":22309,"population":5244,"school_age_population":1236}},{"type":"Feature","geometry":{"type":"Polygon","coordinates":[[[-80.35318,25.769007],[-80.352374,25.761657],[-80.344162,25.761843],[-80.344405,25.769331],[-80.35318,25.769007]]]},"properties":{"geoid":"12086009052","state_fips":"12","county_fips":"12086","tract":"009052","county":"Miami-Dade","median_household_income":45862,"moe":13695,"population":3551,"school_age_population":277}},{"type":"Feature","geometry":{"type":"Polygon","coordinates":[[[-80.33592,25.754905],[-80.335656,25.747633],[-80.319777,25.748114],[-80.320053,25.755267],[-80.33592,25.754905]]]},"properties":{"geoid":"12086008911","state_fips":"12","county_fips":"12086","tract":"008911","county":"Miami-Dade","median_household_income":109875,"moe":26894,"population":3119,"school_age_population":673}},{"type":"Feature","geometry":{"type":"Polygon","coordinates":[[[-80.326125,25.942343],[-80.325301,25.927598],[-80.324817,25.928588],[-80.323868,25.928578],[-80.319404,25.941567],[-80.326125,25.942343]]]},"properties":{"geoid":"12086012101","state_fips":"12","county_fips":"12086","tract":"012101","county":"Miami-Dade","median_household_income":73139,"moe":14521,"population":2887,"school_age_population":452}},{"type":"Feature","geometry":{"type":"Polygon","coordinates":[[[-80.253349,25.940633],[-80.252665,25.926003],[-80.244602,25.926441],[-80.245317,25.940953],[-80.253349,25.940633]]]},"properties":{"geoid":"12086009401","state_fips":"12","county_fips":"12086","tract":"009401","county":"Miami-Dade","median_household_income":59917,"moe":30159,"population":2289,"school_age_population":363}},{"type":"Feature","geometry":{"type":"Polygon","coordinates":[[[-80.325559,25.927619],[-80.324866,25.920883],[-80.323764,25.922789],[-80.321251,25.924307],[-80.309394,25.92467],[-80.309624,25.927845],[-80.325559,25.927619]]]},"properties":{"geoid":"12086009318","state_fips":"12","county_fips":"12086","tract":"009318","county":"Miami-Dade","median_household_income":null,"moe":null,"population":1738,"school_age_population":297}},{"type":"Feature","geometry":{"type":"Polygon","coordinates":[[[-80.360989,25.76875],[-80.360397,25.761549],[-80.352374,25.761657],[-80.35318,25.769007],[-80.360989,25.76875]]]},"properties":{"geoid":"12086009055","state_fips":"12","county_fips":"12086","tract":"009055","county":"Miami-Dade","median_household_income":70833,"moe":31014,"population":2097,"school_age_population":221}},{"type":"Feature","geometry":{"type":"Polygon","coordinates":[[[-80.477807,25.513723],[-80.477484,25.484469],[-80.461002,25.484584],[-80.446247,25.499338],[-80.469407,25.499144],[-80.469627,25.513805],[-80.477807,25.513723]]]},"properties":{"geoid":"12086011106","state_fips":"12","county_fips":"12086","tract":"011106","county":"Miami-Dade","median_household_income":82820,"moe":23518,"population":3742,"school_age_population":1146}},{"type":"Feature","geometry":{"type":"Polygon","coordinates":[[[-80.493875,25.495302],[-80.493747,25.484376],[-80.477484,25.484469],[-80.477578,25.495434],[-80.493875,25.495302]]]},"properties":{"geoid":"12086011204","state_fips":"12","county_fips":"12086","tract":"011204","county":"Miami-Dade","median_household_income":117733,"moe":38336,"population":1885,"school_age_population":492}},{"type":"Feature","geometry":{"type":"Polygon","coordinates":[[[-80.436928,25.499979],[-80.436951,25.499448],[-80.418989,25.499957],[-80.419064,25.50113],[-80.420715,25.503777],[-80.42088,25.507166],[-80.436908,25.506757],[-80.436928,25.499979]]]},"properties":{"geoid":"12086010805","state_fips":"12","county_fips":"12086","tract":"010805","county":"Miami-Dade","median_household_income":36507,"moe":3718,"population":6127,"school_age_population":1830}},{"type":"Feature","geometry":{"type":"Polygon","coordinates":[[[-80.214451,25.765883],[-80.214326,25.762935],[-80.199898,25.763322],[-80.200569,25.765247],[-80.207397,25.765032],[-80.207436,25.765989],[-80.214451,25.765883]]]},"properties":{"geoid":"12086006607","state_fips":"12","county_fips":"12086","tract":"006607","county":"Miami-Dade","median_household_income":80803,"moe":20854,"population":3438,"school_age_population":449}},{"type":"Feature","geometry":{"type":"Polygon","coordinates":[[[-80.215555,25.934818],[-80.215885,25.9351],[-80.210545,25.929945],[-80.204977,25.934526],[-80.204895,25.937151],[-80.212901,25.936731],[-80.212781,25.934866],[-80.215555,25.934818]]]},"properties":{"geoid":"12086009505","state_fips":"12","county_fips":"12086","tract":"009505","county":"Miami-Dade","median_household_income":44950,"moe":16791,"population":1476,"school_age_population":606}},{"type":"Feature","geometry":{"type":"Polygon","coordinates":[[[-80.187473,25.912117],[-80.187226,25.9067],[-80.175144,25.90719],[-80.175417,25.912523],[-80.187473,25.912117]]]},"properties":{"geoid":"12086000227","state_fips":"12","county_fips":"12086","tract":"000227","county":"Miami-Dade","median_household_income":53452,"moe":19843,"population":2895,"school_age_population":483}},{"type":"Feature","geometry":{"type":"Polygon","coordinates":[[[-80.23475,25.882771],[-80.234327,25.868316],[-80.226136,25.868601],[-80.226737,25.883098],[-80.23475,25.882771]]]},"properties":{"geoid":"12086000415","state_fips":"12","county_fips":"12086","tract":"000415","county":"Miami-Dade","median_household_income":64722,"moe":29557,"population":2282,"school_age_population":509}},{"type":"Feature","geometry":{"type":"Polygon","coordinates":[[[-80.23409,25.860941],[-80.233839,25.853677],[-80.225649,25.853929],[-80.225399,25.846541],[-80.22134,25.846663],[-80.221734,25.856457],[-80.224345,25.861133],[-80.23409,25.860941]]]},"properties":{"geoid":"12086001007","state_fips":"12","county_fips":"12086","tract":"001007","county":"Miami-Dade","median_household_income":56467,"moe":18607,"population":3619,"school_age_population":926}},{"type":"Feature","geometry":{"type":"Polygon","coordinates":[[[-80.351731,25.733597],[-80.351736,25.732711],[-80.343728,25.732895],[-80.343664,25.747415],[-80.351628,25.747209],[-80.351731,25.733597]]]},"properties":{"geoid":"12086008806","state_fips":"12","county_fips":"12086","tract":"008806","county":"Miami-Dade","median_household_income":86959,"moe":25411,"population":4468,"school_age_population":893}},{"type":"Feature","geometry":{"type":"Polygon","coordinates":[[[-80.380495,25.580884],[-80.380156,25.575498],[-80.376297,25.571719],[-80.368837,25.580019],[-80.370674,25.581004],[-80.380495,25.580884]]]},"properties":{"geoid":"12086010214","state_fips":"12","county_fips":"12086","tract":"010214","county":"Miami-Dade","median_household_income":53819,"moe":39307,"population":1632,"school_age_population":223}},{"type":"Feature","geometry":{"type":"Polygon","coordinates":[[[-80.372285,25.569859],[-80.372071,25.551629],[-80.36266,25.551708],[-80.362811,25.56843],[-80.372285,25.569859]]]},"properties":{"geoid":"12086010622","state_fips":"12","county_fips":"12086","tract":"010622","county":"Miami-Dade","median_household_income":71250,"moe":25433,"population":4449,"school_age_population":1406}},{"type":"Feature","geometry":{"type":"Polygon","coordinates":[[[-80.178516,25.90006],[-80.178809,25.899762],[-80.16681,25.900268],[-80.167303,25.911059],[-80.174968,25.903565],[-80.175651,25.90354],[-80.178516,25.90006]]]},"properties":{"geoid":"12086000223","state_fips":"12","county_fips":"12086","tract":"000223","county":"Miami-Dade","median_household_income":42215,"moe":15851,"population":3091,"school_age_population":686}},{"type":"Feature","geometry":{"type":"Polygon","coordinates":[[[-80.199805,25.910096],[-80.195472,25.903543],[-80.19485,25.899031],[-80.193746,25.899082],[-80.193985,25.904583],[-80.187124,25.905],[-80.187701,25.916666],[-80.199791,25.916227],[-80.199805,25.910096]]]},"properties":{"geoid":"12086000310","state_fips":"12","county_fips":"12086","tract":"000310","county":"Miami-Dade","median_household_income":49836,"moe":11084,"population":3590,"school_age_population":877}},{"type":"Feature","geometry":{"type":"Polygon","coordinates":[[[-80.193985,25.904583],[-80.193746,25.899082],[-80.18685,25.899457],[-80.187124,25.905],[-80.193985,25.904583]]]},"properties":{"geoid":"12086000309","state_fips":"12","county_fips":"12086","tract":"000309","county":"Miami-Dade","median_household_income":52044,"moe":6999,"population":3988,"school_age_population":827}},{"type":"Feature","geometry":{"type":"Polygon","coordinates":[[[-80.145743,25.787629],[-80.144406,25.785094],[-80.143522,25.785124],[-80.143545,25.787301],[-80.141123,25.78734],[-80.14116,25.788899],[-80.145025,25.788884],[-80.145743,25.787629]]]},"properties":{"geoid":"12086004207","state_fips":"12","county_fips":"12086","tract":"004207","county":"Miami-Dade","median_household_income":75750,"moe":58736,"population":2169,"school_age_population":276}},{"type":"Feature","geometry":{"type":"Polygon","coordinates":[[[-80.309664,25.928287],[-80.309624,25.927845],[-80.293652,25.927879],[-80.293856,25.939286],[-80.296618,25.939358],[-80.299839,25.940548],[-80.300413,25.939544],[-80.300226,25.931246],[-80.303746,25.931859],[-80.305145,25.930913],[-80.307584,25.930931],[-80.309659,25.930212],[-80.309664,25.928287]]]},"properties":{"geoid":"12086011602","state_fips":"12","county_fips":"12086","tract":"011602","county":"Miami-Dade","median_household_income":97292,"moe":38183,"population":4343,"school_age_population":1069}},{"type":"Feature","geometry":{"type":"Polygon","coordinates":[[[-80.384892,25.74634],[-80.384611,25.739058],[-80.367718,25.739572],[-80.367711,25.746714],[-80.384892,25.74634]]]},"properties":{"geoid":"12086008809","state_fips":"12","county_fips":"12086","tract":"008809","county":"Miami-Dade","median_household_income":105771,"moe":10544,"population":1930,"school_age_population":250}},{"type":"Feature","geometry":{"type":"Polygon","coordinates":[[[-80.400788,25.760969],[-80.400131,25.744018],[-80.39212,25.744328],[-80.391934,25.746444],[-80.390403,25.748929],[-80.390366,25.751637],[-80.39358,25.752079],[-80.395929,25.753474],[-80.394624,25.755003],[-80.395354,25.75603],[-80.392469,25.757295],[-80.392767,25.760984],[-80.400788,25.760969]]]},"properties":{"geoid":"12086014702","state_fips":"12","county_fips":"12086","tract":"014702","county":"Miami-Dade","median_household_income":85156,"moe":18272,"population":4000,"school_age_population":548}},{"type":"Feature","geometry":{"type":"Polygon","coordinates":[[[-80.392146,25.745616],[-80.39212,25.744328],[-80.388741,25.746071],[-80.384892,25.74634],[-80.385092,25.751791],[-80.390366,25.751637],[-80.390403,25.748929],[-80.392146,25.745616]]]},"properties":{"geoid":"12086014601","state_fips":"12","county_fips":"12086","tract":"014601","county":"Miami-Dade","median_household_income":45244,"moe":24627,"population":2824,"school_age_population":496}},{"type":"Feature","geometry":{"type":"Polygon","coordinates":[[[-80.31855,25.762916],[-80.303901,25.763099],[-80.3042,25.770498],[-80.313045,25.770141],[-80.316815,25.76676],[-80.31855,25.762916]]]},"properties":{"geoid":"12086005804","state_fips":"12","county_fips":"12086","tract":"005804","county":"Miami-Dade","median_household_income":55747,"moe":10576,"population":3787,"school_age_population":645}},{"type":"Feature","geometry":{"type":"Polygon","coordinates":[[[-80.320847,25.762534],[-80.317774,25.76264],[-80.318608,25.762881],[-80.316815,25.76676],[-80.312234,25.77074],[-80.312458,25.777166],[-80.320714,25.776917],[-80.320847,25.762534]]]},"properties":{"geoid":"12086009101","state_fips":"12","county_fips":"12086","tract":"009101","county":"Miami-Dade","median_household_income":50110,"moe":24172,"population":2722,"school_age_population":499}},{"type":"Feature","geometry":{"type":"Polygon","coordinates":[[[-80.351411,25.899877],[-80.351292,25.897563],[-80.350301,25.898521],[-80.34494,25.897944],[-80.340344,25.898407],[-80.341019,25.913244],[-80.350082,25.913379],[-80.34982,25.903378],[-80.351411,25.899877]]]},"properties":{"geoid":"12086012801","state_fips":"12","county_fips":"12086","tract":"012801","county":"Miami-Dade","median_household_income":93796,"moe":33741,"population":4189,"school_age_population":868}},{"type":"Feature","geometry":{"type":"Polygon","coordinates":[[[-80.42088,25.507166],[-80.420715,25.503777],[-80.419064,25.50113],[-80.419011,25.49957],[-80.41233,25.499582],[-80.412517,25.514369],[-80.415992,25.514253],[-80.4175,25.513513],[-80.41848,25.512057],[-80.418855,25.508837],[-80.42088,25.507166]]]},"properties":{"geoid":"12086010806","state_fips":"12","county_fips":"12086","tract":"010806","county":"Miami-Dade","median_household_income":55250,"moe":19239,"population":4412,"school_age_population":1509}},{"type":"Feature","geometry":{"type":"Polygon","coordinates":[[[-80.447378,25.64009],[-80.44731,25.638281],[-80.441079,25.638441],[-80.440885,25.632892],[-80.437179,25.632845],[-80.433582,25.630978],[-80.430738,25.630885],[-80.431033,25.63363],[-80.41471,25.633558],[-80.41473,25.641065],[-80.447378,25.64009]]]},"properties":{"geoid":"12086019502","state_fips":"12","county_fips":"12086","tract":"019502","county":"Miami-Dade","median_household_income":103987,"moe":22417,"population":4451,"school_age_population":689}},{"type":"Feature","geometry":{"type":"Polygon","coordinates":[[[-80.479539,25.712371],[-80.47868,25.697933],[-80.454536,25.698589],[-80.455153,25.713179],[-80.479539,25.712371]]]},"properties":{"geoid":"12086016502","state_fips":"12","county_fips":"12086","tract":"016502","county":"Miami-Dade","median_household_income":126291,"moe":26373,"population":4984,"school_age_population":1155}},{"type":"Feature","geometry":{"type":"Polygon","coordinates":[[[-80.304345,25.858794],[-80.304343,25.857075],[-80.303233,25.855259],[-80.298488,25.85526],[-80.298696,25.862538],[-80.303641,25.862514],[-80.303662,25.860005],[-80.304345,25.858794]]]},"properties":{"geoid":"12086000716","state_fips":"12","county_fips":"12086","tract":"000716","county":"Miami-Dade","median_household_income":57143,"moe":31728,"population":2663,"school_age_population":568}},{"type":"Feature","geometry":{"type":"Polygon","coordinates":[[[-80.307574,25.88417],[-80.306908,25.870165],[-80.298897,25.870199],[-80.299523,25.884312],[-80.307574,25.88417]]]},"properties":{"geoid":"12086009327","state_fips":"12","county_fips":"12086","tract":"009327","county":"Miami-Dade","median_household_income":81250,"moe":19794,"population":3487,"school_age_population":572}},{"type":"Feature","geometry":{"type":"Polygon","coordinates":[[[-80.144114,25.969904],[-80.144513,25.969035],[-80.141744,25.969061],[-80.141636,25.967298],[-80.133685,25.967578],[-80.13376,25.969985],[-80.131759,25.970042],[-80.131909,25.97093],[-80.129709,25.971092],[-80.129515,25.972075],[-80.130411,25.974227],[-80.133862,25.97411],[-80.133867,25.974868],[-80.142125,25.974676],[-80.144114,25.969904]]]},"properties":{"geoid":"12086000145","state_fips":"12","county_fips":"12086","tract":"000145","county":"Miami-Dade","median_household_income":163027,"moe":54355,"population":2897,"school_age_population":958}},{"type":"Feature","geometry":{"type":"Polygon","coordinates":[[[-80.389359,25.689941],[-80.389221,25.686131],[-80.384575,25.686395],[-80.382242,25.690006],[-80.365939,25.690462],[-80.366079,25.69722],[-80.382054,25.697149],[-80.382122,25.700702],[-80.383801,25.700875],[-80.384584,25.698266],[-80.388717,25.69215],[-80.389359,25.689941]]]},"properties":{"geoid":"12086008431","state_fips":"12","county_fips":"12086","tract":"008431","county":"Miami-Dade","median_household_income":58648,"moe":24790,"population":2503,"school_age_population":165}},{"type":"Feature","geometry":{"type":"Polygon","coordinates":[[[-80.344038,25.891516],[-80.343725,25.88411],[-80.339586,25.884173],[-80.339866,25.891504],[-80.344038,25.891516]]]},"properties":{"geoid":"12086013201","state_fips":"12","county_fips":"12086","tract":"013201","county":"Miami-Dade","median_household_income":100554,"moe":9827,"population":2128,"school_age_population":246}},{"type":"Feature","geometry":{"type":"Polygon","coordinates":[[[-80.302278,25.71833],[-80.30141,25.703757],[-80.293405,25.704137],[-80.294106,25.718614],[-80.302278,25.71833]]]},"properties":{"geoid":"12086007608","state_fips":"12","county_fips":"12086","tract":"007608","county":"Miami-Dade","median_household_income":135991,"moe":27237,"population":2343,"school_age_population":660}},{"type":"Feature","geometry":{"type":"Polygon","coordinates":[[[-80.274654,25.741617],[-80.274315,25.735785],[-80.273637,25.734353],[-80.25803,25.734922],[-80.258168,25.738629],[-80.256176,25.738703],[-80.256229,25.742007],[-80.254272,25.742072],[-80.25469,25.74282],[-80.274654,25.741617]]]},"properties":{"geoid":"12086007402","state_fips":"12","county_fips":"12086","tract":"007402","county":"Miami-Dade","median_household_income":131786,"moe":30663,"population":2398,"school_age_population":475}},{"type":"Feature","geometry":{"type":"Polygon","coordinates":[[[-80.174156,25.936711],[-80.167064,25.928557],[-80.162096,25.928605],[-80.162465,25.937058],[-80.174156,25.936711]]]},"properties":{"geoid":"12086000221","state_fips":"12","county_fips":"12086","tract":"000221","county":"Miami-Dade","median_household_income":78563,"moe":12047,"population":1796,"school_age_population":376}},{"type":"Feature","geometry":{"type":"Polygon","coordinates":[[[-80.279902,25.771143],[-80.279662,25.763869],[-80.271464,25.76417],[-80.271697,25.771465],[-80.279902,25.771143]]]},"properties":{"geoid":"12086005805","state_fips":"12","county_fips":"12086","tract":"005805","county":"Miami-Dade","median_household_income":69824,"moe":22396,"population":2345,"school_age_population":312}},{"type":"Feature","geometry":{"type":"Polygon","coordinates":[[[-80.188883,25.780112],[-80.187067,25.773561],[-80.187312,25.770798],[-80.184991,25.771656],[-80.185061,25.775374],[-80.1833,25.778763],[-80.18368,25.779137],[-80.184858,25.777332],[-80.186236,25.778086],[-80.186258,25.779659],[-80.18521,25.77983],[-80.185231,25.780322],[-80.188883,25.780112]]]},"properties":{"geoid":"12086003708","state_fips":"12","county_fips":"12086","tract":"003708","county":"Miami-Dade","median_household_income":87768,"moe":40301,"population":1087,"school_age_population":77}},{"type":"Feature","geometry":{"type":"Polygon","coordinates":[[[-80.196289,25.787223],[-80.196165,25.783705],[-80.193939,25.783769],[-80.193831,25.779891],[-80.185231,25.780322],[-80.185304,25.782234],[-80.188667,25.782249],[-80.188955,25.782811],[-80.185311,25.783134],[-80.185403,25.789672],[-80.195937,25.789339],[-80.196289,25.787223]]]},"properties":{"geoid":"12086003710","state_fips":"12","county_fips":"12086","tract":"003710","county":"Miami-Dade","median_household_income":105679,"moe":11656,"population":7337,"school_age_population":708}},{"type":"Feature","geometry":{"type":"Polygon","coordinates":[[[-80.480034,25.727357],[-80.479539,25.712371],[-80.455153,25.713179],[-80.455431,25.720425],[-80.463364,25.720158],[-80.463631,25.727442],[-80.479363,25.726914],[-80.480034,25.727357]]]},"properties":{"geoid":"12086016402","state_fips":"12","county_fips":"12086","tract":"016402","county":"Miami-Dade","median_household_income":87390,"moe":36923,"population":2083,"school_age_population":473}},{"type":"Feature","geometry":{"type":"Polygon","coordinates":[[[-80.147582,25.947464],[-80.146978,25.947401],[-80.146813,25.948434],[-80.142976,25.948568],[-80.142636,25.949226],[-80.134837,25.949565],[-80.128315,25.948982],[-80.128016,25.950617],[-80.126511,25.951936],[-80.125875,25.954126],[-80.127513,25.952239],[-80.132521,25.952347],[-80.132882,25.950904],[-80.133955,25.950766],[-80.134539,25.952059],[-80.135384,25.951749],[-80.134926,25.95073],[-80.136559,25.950674],[-80.136595,25.951684],[-80.1385,25.951651],[-80.138484,25.953605],[-80.14146,25.95333],[-80.145296,25.955003],[-80.14721,25.955073],[-80.147582,25.947464]]]},"properties":{"geoid":"12086000141","state_fips":"12","county_fips":"12086","tract":"000141","county":"Miami-Dade","median_household_income":93750,"moe":28834,"population":2105,"school_age_population":570}},{"type":"Feature","geometry":{"type":"Polygon","coordinates":[[[-80.486611,25.892422],[-80.483856,25.813183],[-80.484186,25.797372],[-80.47184,25.797554],[-80.468647,25.796891],[-80.449036,25.796742],[-80.440004,25.797916],[-80.435767,25.797786],[-80.43353,25.796868],[-80.434088,25.811815],[-80.386487,25.811662],[-80.388074,25.869839],[-80.344616,25.869754],[-80.362614,25.883003],[-80.362011,25.883485],[-80.437661,25.938895],[-80.440415,25.942854],[-80.453819,25.927274],[-80.486611,25.892422]]]},"properties":{"geoid":"12086981100","state_fips":"12","county_fips":"12086","tract":"981100","county":"Miami-Dade","median_household_income":null,"moe":null,"population":396,"school_age_population":16}},{"type":"Feature","geometry":{"type":"Polygon","coordinates":[[[-80.440611,25.956864],[-80.440321,25.942153],[-80.437661,25.938895],[-80.422334,25.927545],[-80.354499,25.927704],[-80.350064,25.927917],[-80.350719,25.942207],[-80.342308,25.942285],[-80.342859,25.954835],[-80.340043,25.957117],[-80.440611,25.956864]]]},"properties":{"geoid":"12086012403","state_fips":"12","county_fips":"12086","tract":"012403","county":"Miami-Dade","median_household_income":150764,"moe":40017,"population":1741,"school_age_population":368}},{"type":"Feature","geometry":{"type":"Polygon","coordinates":[[[-80.369863,25.826172],[-80.369372,25.811649],[-80.361572,25.811599],[-80.361536,25.813281],[-80.359446,25.818946],[-80.361574,25.822981],[-80.361906,25.826246],[-80.369863,25.826172]]]},"properties":{"geoid":"12086009056","state_fips":"12","county_fips":"12086","tract":"009056","county":"Miami-Dade","median_household_income":77109,"moe":57314,"population":2920,"school_age_population":754}},{"type":"Feature","geometry":{"type":"Polygon","coordinates":[[[-80.33582,25.733092],[-80.334384,25.7068],[-80.319025,25.722309],[-80.318209,25.724982],[-80.318291,25.732846],[-80.33582,25.733092]]]},"properties":{"geoid":"12086007707","state_fips":"12","county_fips":"12086","tract":"007707","county":"Miami-Dade","median_household_income":153381,"moe":8723,"population":3124,"school_age_population":546}},{"type":"Feature","geometry":{"type":"Polygon","coordinates":[[[-80.352119,25.685987],[-80.352035,25.684895],[-80.351421,25.684851],[-80.351095,25.665627],[-80.334895,25.66605],[-80.335547,25.68799],[-80.350769,25.687482],[-80.352119,25.685987]]]},"properties":{"geoid":"12086008429","state_fips":"12","county_fips":"12086","tract":"008429","county":"Miami-Dade","median_household_income":135448,"moe":27670,"population":4580,"school_age_population":2053}},{"type":"Feature","geometry":{"type":"Polygon","coordinates":[[[-80.378445,25.675027],[-80.378294,25.672062],[-80.367697,25.672411],[-80.368173,25.681972],[-80.365995,25.685565],[-80.365855,25.686978],[-80.376411,25.68665],[-80.37613,25.678771],[-80.377646,25.678336],[-80.378445,25.675027]]]},"properties":{"geoid":"12086008425","state_fips":"12","county_fips":"12086","tract":"008425","county":"Miami-Dade","median_household_income":77212,"moe":14534,"population":2018,"school_age_population":389}},{"type":"Feature","geometry":{"type":"Polygon","coordinates":[[[-80.452348,25.462708],[-80.449729,25.453894],[-80.450773,25.447818],[-80.431262,25.447956],[-80.432963,25.449167],[-80.437748,25.450504],[-80.444293,25.450602],[-80.444488,25.45293],[-80.44325,25.454427],[-80.443295,25.45662],[-80.44586,25.460727],[-80.44432,25.460776],[-80.444329,25.462542],[-80.452348,25.462708]]]},"properties":{"geoid":"12086011411","state_fips":"12","county_fips":"12086","tract":"011411","county":"Miami-Dade","median_household_income":69395,"moe":28318,"population":2494,"school_age_population":716}},{"type":"Feature","geometry":{"type":"Polygon","coordinates":[[[-80.287272,25.748425],[-80.28652,25.73404],[-80.273637,25.734353],[-80.274315,25.735785],[-80.274654,25.741617],[-80.266418,25.741916],[-80.266844,25.749326],[-80.287272,25.748425]]]},"properties":{"geoid":"12086006104","state_fips":"12","county_fips":"12086","tract":"006104","county":"Miami-Dade","median_household_income":175528,"moe":41553,"population":4002,"school_age_population":800}},{"type":"Feature","geometry":{"type":"Polygon","coordinates":[[[-80.28508,25.751714],[-80.28496,25.748529],[-80.266844,25.749326],[-80.267096,25.757022],[-80.274481,25.757102],[-80.275304,25.756809],[-80.275203,25.75415],[-80.28313,25.753882],[-80.28508,25.751714]]]},"properties":{"geoid":"12086006103","state_fips":"12","county_fips":"12086","tract":"006103","county":"Miami-Dade","median_household_income":183088,"moe":52691,"population":1965,"school_age_population":549}},{"type":"Feature","geometry":{"type":"Polygon","coordinates":[[[-80.25514,25.764687],[-80.254832,25.757249],[-80.246788,25.757505],[-80.24701,25.764929],[-80.25514,25.764687]]]},"properties":{"geoid":"12086006304","state_fips":"12","county_fips":"12086","tract":"006304","county":"Miami-Dade","median_household_income":45676,"moe":14308,"population":3064,"school_age_population":420}},{"type":"Feature","geometry":{"type":"Polygon","coordinates":[[[-80.278209,25.954172],[-80.277792,25.946962],[-80.261705,25.947598],[-80.262051,25.954797],[-80.278209,25.954172]]]},"properties":{"geoid":"12086010019","state_fips":"12","county_fips":"12086","tract":"010019","county":"Miami-Dade","median_household_income":58947,"moe":22450,"population":3280,"school_age_population":542}},{"type":"Feature","geometry":{"type":"Polygon","coordinates":[[[-80.278447,25.962181],[-80.278209,25.954172],[-80.262051,25.954797],[-80.262269,25.961758],[-80.273115,25.962153],[-80.278137,25.964577],[-80.278447,25.962181]]]},"properties":{"geoid":"12086010020","state_fips":"12","county_fips":"12086","tract":"010020","county":"Miami-Dade","median_household_income":55843,"moe":13573,"population":3484,"school_age_population":672}},{"type":"Feature","geometry":{"type":"Polygon","coordinates":[[[-80.251224,25.768393],[-80.251041,25.76478],[-80.238845,25.765173],[-80.239102,25.772338],[-80.24371,25.772199],[-80.24365,25.770306],[-80.245682,25.77025],[-80.245612,25.768542],[-80.251224,25.768393]]]},"properties":{"geoid":"12086005504","state_fips":"12","county_fips":"12086","tract":"005504","county":"Miami-Dade","median_household_income":65872,"moe":26799,"population":3260,"school_age_population":557}},{"type":"Feature","geometry":{"type":"Polygon","coordinates":[[[-80.254332,25.742986],[-80.254014,25.73507],[-80.250769,25.735172],[-80.245915,25.736973],[-80.24616,25.743211],[-80.254332,25.742986]]]},"properties":{"geoid":"12086007006","state_fips":"12","county_fips":"12086","tract":"007006","county":"Miami-Dade","median_household_income":55927,"moe":8817,"population":3441,"school_age_population":731}},{"type":"Feature","geometry":{"type":"Polygon","coordinates":[[[-80.39212,25.744328],[-80.391576,25.729888],[-80.38427,25.730155],[-80.384892,25.74634],[-80.388741,25.746071],[-80.39212,25.744328]]]},"properties":{"geoid":"12086015501","state_fips":"12","county_fips":"12086","tract":"015501","county":"Miami-Dade","median_household_income":62639,"moe":25431,"population":2635,"school_age_population":467}},{"type":"Feature","geometry":{"type":"Polygon","coordinates":[[[-80.249161,25.779055],[-80.248948,25.772034],[-80.239102,25.772338],[-80.239339,25.779465],[-80.249161,25.779055]]]},"properties":{"geoid":"12086005506","state_fips":"12","county_fips":"12086","tract":"005506","county":"Miami-Dade","median_household_income":53554,"moe":8237,"population":3601,"school_age_population":584}},{"type":"Feature","geometry":{"type":"Polygon","coordinates":[[[-80.241872,25.794229],[-80.235647,25.790272],[-80.23134,25.788796],[-80.231475,25.79452],[-80.241872,25.794229]]]},"properties":{"geoid":"12086003005","state_fips":"12","county_fips":"12086","tract":"003005","county":"Miami-Dade","median_household_income":35933,"moe":5297,"population":1611,"school_age_population":204}},{"type":"Feature","geometry":{"type":"Polygon","coordinates":[[[-80.293174,25.925024],[-80.292645,25.913364],[-80.252233,25.915171],[-80.252665,25.926003],[-80.293174,25.925024]]]},"properties":{"geoid":"12086000507","state_fips":"12","county_fips":"12086","tract":"000507","county":"Miami-Dade","median_household_income":60424,"moe":21038,"population":4877,"school_age_population":807}},{"type":"Feature","geometry":{"type":"Polygon","coordinates":[[[-80.236208,25.915704],[-80.235737,25.903397],[-80.230856,25.906001],[-80.218443,25.916475],[-80.236208,25.915704]]]},"properties":{"geoid":"12086000418","state_fips":"12","county_fips":"12086","tract":"000418","county":"Miami-Dade","median_household_income":32476,"moe":13663,"population":3122,"school_age_population":676}},{"type":"Feature","geometry":{"type":"Polygon","coordinates":[[[-80.397082,25.593748],[-80.39699,25.580835],[-80.392848,25.581394],[-80.392339,25.5809],[-80.38894,25.580896],[-80.389014,25.59733],[-80.397065,25.597083],[-80.397082,25.593748]]]},"properties":{"geoid":"12086010211","state_fips":"12","county_fips":"12086","tract":"010211","county":"Miami-Dade","median_household_income":66323,"moe":2306,"population":4600,"school_age_population":986}},{"type":"Feature","geometry":{"type":"Polygon","coordinates":[[[-80.372093,25.54444],[-80.372078,25.537132],[-80.365607,25.537294],[-80.362794,25.543403],[-80.36266,25.551708],[-80.372071,25.551629],[-80.372093,25.54444]]]},"properties":{"geoid":"12086010621","state_fips":"12","county_fips":"12086","tract":"010621","county":"Miami-Dade","median_household_income":86925,"moe":11130,"population":5115,"school_age_population":1365}},{"type":"Feature","geometry":{"type":"Polygon","coordinates":[[[-80.368837,25.580019],[-80.364024,25.576705],[-80.360216,25.576307],[-80.359976,25.57767],[-80.358642,25.579038],[-80.358557,25.582419],[-80.354183,25.587132],[-80.350314,25.593678],[-80.348074,25.594406],[-80.348102,25.596058],[-80.356633,25.596127],[-80.358753,25.591826],[-80.364433,25.586208],[-80.36571,25.583308],[-80.368837,25.580019]]]},"properties":{"geoid":"12086010623","state_fips":"12","county_fips":"12086","tract":"010623","county":"Miami-Dade","median_household_income":74883,"moe":11824,"population":3406,"school_age_population":735}},{"type":"Feature","geometry":{"type":"Polygon","coordinates":[[[-80.350882,25.716093],[-80.350143,25.70163],[-80.334138,25.702305],[-80.334916,25.71674],[-80.350882,25.716093]]]},"properties":{"geoid":"12086008502","state_fips":"12","county_fips":"12086","tract":"008502","county":"Miami-Dade","median_household_income":116488,"moe":15312,"population":4221,"school_age_population":894}},{"type":"Feature","geometry":{"type":"Polygon","coordinates":[[[-80.262568,25.971296],[-80.262269,25.961758],[-80.246512,25.961126],[-80.246924,25.97187],[-80.262568,25.971296]]]},"properties":{"geoid":"12086010025","state_fips":"12","county_fips":"12086","tract":"010025","county":"Miami-Dade","median_household_income":70986,"moe":21081,"population":4049,"school_age_population":857}},{"type":"Feature","geometry":{"type":"Polygon","coordinates":[[[-80.261705,25.947598],[-80.261378,25.940335],[-80.245317,25.940953],[-80.245659,25.948172],[-80.261705,25.947598]]]},"properties":{"geoid":"12086010024","state_fips":"12","county_fips":"12086","tract":"010024","county":"Miami-Dade","median_household_income":44282,"moe":13375,"population":4759,"school_age_population":1343}},{"type":"Feature","geometry":{"type":"Polygon","coordinates":[[[-80.307864,25.891569],[-80.307574,25.88417],[-80.299523,25.884312],[-80.299805,25.890673],[-80.303821,25.89068],[-80.303882,25.891588],[-80.307864,25.891569]]]},"properties":{"geoid":"12086009320","state_fips":"12","county_fips":"12086","tract":"009320","county":"Miami-Dade","median_household_income":46641,"moe":12936,"population":4661,"school_age_population":979}},{"type":"Feature","geometry":{"type":"Polygon","coordinates":[[[-80.367573,25.66494],[-80.36693,25.642827],[-80.350344,25.643435],[-80.351095,25.665627],[-80.367573,25.66494]]]},"properties":{"geoid":"12086008415","state_fips":"12","county_fips":"12086","tract":"008415","county":"Miami-Dade","median_household_income":199773,"moe":32894,"population":4567,"school_age_population":918}},{"type":"Feature","geometry":{"type":"Polygon","coordinates":[[[-80.325205,25.927739],[-80.309624,25.927845],[-80.309659,25.930212],[-80.310953,25.930383],[-80.313327,25.928552],[-80.324817,25.928588],[-80.325205,25.927739]]]},"properties":{"geoid":"12086012104","state_fips":"12","county_fips":"12086","tract":"012104","county":"Miami-Dade","median_household_income":46793,"moe":7657,"population":2002,"school_age_population":734}},{"type":"Feature","geometry":{"type":"Polygon","coordinates":[[[-80.3051,25.951174],[-80.304589,25.950285],[-80.303085,25.95042],[-80.301939,25.948357],[-80.30036,25.948543],[-80.29958,25.946918],[-80.294297,25.946935],[-80.294604,25.95346],[-80.29935,25.95338],[-80.3051,25.951174]]]},"properties":{"geoid":"12086011701","state_fips":"12","county_fips":"12086","tract":"011701","county":"Miami-Dade","median_household_income":84428,"moe":15950,"population":1946,"school_age_population":189}},{"type":"Feature","geometry":{"type":"Polygon","coordinates":[[[-80.322584,25.855839],[-80.322561,25.853659],[-80.314605,25.847748],[-80.310328,25.847991],[-80.310545,25.855267],[-80.321125,25.855021],[-80.322584,25.855839]]]},"properties":{"geoid":"12086000719","state_fips":"12","county_fips":"12086","tract":"000719","county":"Miami-Dade","median_household_income":37560,"moe":18518,"population":1314,"school_age_population":155}},{"type":"Feature","geometry":{"type":"Polygon","coordinates":[[[-80.314755,25.862515],[-80.314541,25.855275],[-80.306538,25.855245],[-80.306733,25.862506],[-80.314755,25.862515]]]},"properties":{"geoid":"12086000714","state_fips":"12","county_fips":"12086","tract":"000714","county":"Miami-Dade","median_household_income":43079,"moe":9082,"population":4586,"school_age_population":824}},{"type":"Feature","geometry":{"type":"Polygon","coordinates":[[[-80.278747,25.861476],[-80.278593,25.852233],[-80.272623,25.852421],[-80.272652,25.861654],[-80.278747,25.861476]]]},"properties":{"geoid":"12086000610","state_fips":"12","county_fips":"12086","tract":"000610","county":"Miami-Dade","median_household_income":60873,"moe":15193,"population":2776,"school_age_population":254}},{"type":"Feature","geometry":{"type":"Polygon","coordinates":[[[-80.334905,25.955991],[-80.334647,25.949616],[-80.330684,25.949577],[-80.330671,25.947884],[-80.329596,25.946613],[-80.329501,25.942343],[-80.326125,25.942343],[-80.326712,25.957118],[-80.333248,25.957097],[-80.333286,25.956001],[-80.334905,25.955991]]]},"properties":{"geoid":"12086012302","state_fips":"12","county_fips":"12086","tract":"012302","county":"Miami-Dade","median_household_income":82841,"moe":9033,"population":4449,"school_age_population":975}},{"type":"Feature","geometry":{"type":"Polygon","coordinates":[[[-80.295187,25.97057],[-80.295072,25.963555],[-80.294982,25.964229],[-80.278137,25.964577],[-80.273115,25.962153],[-80.262269,25.961758],[-80.262568,25.971296],[-80.295187,25.97057]]]},"properties":{"geoid":"12086010026","state_fips":"12","county_fips":"12086","tract":"010026","county":"Miami-Dade","median_household_income":40000,"moe":2649,"population":2045,"school_age_population":463}},{"type":"Feature","geometry":{"type":"Polygon","coordinates":[[[-80.316231,25.8988],[-80.3156,25.884168],[-80.307574,25.88417],[-80.308213,25.898794],[-80.316231,25.8988]]]},"properties":{"geoid":"12086009317","state_fips":"12","county_fips":"12086","tract":"009317","county":"Miami-Dade","median_household_income":74583,"moe":17007,"population":4810,"school_age_population":851}},{"type":"Feature","geometry":{"type":"Polygon","coordinates":[[[-80.377056,25.588444],[-80.376677,25.583523],[-80.370966,25.583454],[-80.371076,25.581013],[-80.368837,25.580019],[-80.36571,25.583308],[-80.364433,25.586208],[-80.358321,25.592485],[-80.356633,25.596127],[-80.357864,25.596137],[-80.356742,25.598512],[-80.374961,25.597883],[-80.37197,25.595376],[-80.374591,25.59489],[-80.374615,25.592257],[-80.376405,25.592222],[-80.376327,25.588469],[-80.377056,25.588444]]]},"properties":{"geoid":"12086010207","state_fips":"12","county_fips":"12086","tract":"010207","county":"Miami-Dade","median_household_income":35596,"moe":9216,"population":4391,"school_age_population":959}},{"type":"Feature","geometry":{"type":"Polygon","coordinates":[[[-80.24362,25.897269],[-80.243073,25.882834],[-80.23475,25.882771],[-80.235475,25.897446],[-80.24362,25.897269]]]},"properties":{"geoid":"12086000419","state_fips":"12","county_fips":"12086","tract":"000419","county":"Miami-Dade","median_household_income":71047,"moe":35384,"population":3350,"school_age_population":556}},{"type":"Feature","geometry":{"type":"Polygon","coordinates":[[[-80.305467,25.820756],[-80.305295,25.81167],[-80.289286,25.811679],[-80.28917,25.807599],[-80.28092,25.807872],[-80.2811,25.813454],[-80.282672,25.813149],[-80.289576,25.818476],[-80.287463,25.820799],[-80.305467,25.820756]]]},"properties":{"geoid":"12086004705","state_fips":"12","county_fips":"12086","tract":"004705","county":"Miami-Dade","median_household_income":72778,"moe":72149,"population":3596,"school_age_population":643}},{"type":"Feature","geometry":{"type":"Polygon","coordinates":[[[-80.305295,25.81167],[-80.305044,25.806419],[-80.303264,25.807157],[-80.298833,25.807493],[-80.28917,25.807599],[-80.289286,25.811679],[-80.305295,25.81167]]]},"properties":{"geoid":"12086004704","state_fips":"12","county_fips":"12086","tract":"004704","county":"Miami-Dade","median_household_income":72569,"moe":25100,"population":2306,"school_age_population":352}},{"type":"Feature","geometry":{"type":"Polygon","coordinates":[[[-80.35435,25.840694],[-80.353407,25.81166],[-80.348639,25.811648],[-80.33739,25.809895],[-80.337586,25.817154],[-80.325526,25.817065],[-80.32551,25.816454],[-80.321487,25.816482],[-80.322093,25.840736],[-80.35435,25.840694]]]},"properties":{"geoid":"12086009066","state_fips":"12","county_fips":"12086","tract":"009066","county":"Miami-Dade","median_household_income":83182,"moe":16079,"population":7188,"school_age_population":1233}},{"type":"Feature","geometry":{"type":"Polygon","coordinates":[[[-80.380237,25.62741],[-80.378829,25.621798],[-80.378302,25.612604],[-80.373694,25.612822],[-80.374067,25.620247],[-80.370039,25.620422],[-80.370121,25.622343],[-80.371273,25.624507],[-80.370523,25.627866],[-80.380237,25.62741]]]},"properties":{"geoid":"12086008314","state_fips":"12","county_fips":"12086","tract":"008314","county":"Miami-Dade","median_household_income":80769,"moe":30402,"population":2957,"school_age_population":667}},{"type":"Feature","geometry":{"type":"Polygon","coordinates":[[[-80.38533,25.644444],[-80.385396,25.643505],[-80.383046,25.644743],[-80.382954,25.641852],[-80.36693,25.642827],[-80.367573,25.66494],[-80.372361,25.664733],[-80.38491,25.650718],[-80.384332,25.648472],[-80.38533,25.644444]]]},"properties":{"geoid":"12086008426","state_fips":"12","county_fips":"12086","tract":"008426","county":"Miami-Dade","median_household_income":138750,"moe":27098,"population":4014,"school_age_population":991}},{"type":"Feature","geometry":{"type":"Polygon","coordinates":[[[-80.388571,25.67108],[-80.388679,25.668415],[-80.387791,25.668369],[-80.385898,25.663106],[-80.385452,25.65839],[-80.38597,25.65349],[-80.38491,25.650718],[-80.372361,25.664733],[-80.383819,25.664221],[-80.384144,25.671853],[-80.388651,25.671717],[-80.388571,25.67108]]]},"properties":{"geoid":"12086008427","state_fips":"12","county_fips":"12086","tract":"008427","county":"Miami-Dade","median_household_income":79419,"moe":33429,"population":2000,"school_age_population":444}},{"type":"Feature","geometry":{"type":"Polygon","coordinates":[[[-80.364678,25.701142],[-80.347061,25.692069],[-80.342681,25.696033],[-80.341116,25.698745],[-80.337844,25.702158],[-80.364678,25.701142]]]},"properties":{"geoid":"12086008422","state_fips":"12","county_fips":"12086","tract":"008422","county":"Miami-Dade","median_household_income":78947,"moe":62674,"population":2255,"school_age_population":384}},{"type":"Feature","geometry":{"type":"Polygon","coordinates":[[[-80.407893,25.707493],[-80.408384,25.706723],[-80.406829,25.705352],[-80.401918,25.706686],[-80.40093,25.70945],[-80.398893,25.709532],[-80.399076,25.714935],[-80.407042,25.714653],[-80.407011,25.713447],[-80.403649,25.712561],[-80.404632,25.71091],[-80.407261,25.709797],[-80.406989,25.708772],[-80.407893,25.707493]]]},"properties":{"geoid":"12086017101","state_fips":"12","county_fips":"12086","tract":"017101","county":"Miami-Dade","median_household_income":68158,"moe":13047,"population":3819,"school_age_population":712}},{"type":"Feature","geometry":{"type":"Polygon","coordinates":[[[-80.406829,25.705352],[-80.406501,25.700196],[-80.398474,25.700454],[-80.398893,25.709532],[-80.40093,25.70945],[-80.401115,25.708007],[-80.402471,25.706282],[-80.406829,25.705352]]]},"properties":{"geoid":"12086017102","state_fips":"12","county_fips":"12086","tract":"017102","county":"Miami-Dade","median_household_income":101081,"moe":38299,"population":2685,"school_age_population":480}},{"type":"Feature","geometry":{"type":"Polygon","coordinates":[[[-80.356761,25.878902],[-80.34724,25.87166],[-80.347744,25.884096],[-80.355685,25.884118],[-80.355392,25.880404],[-80.356761,25.878902]]]},"properties":{"geoid":"12086013302","state_fips":"12","county_fips":"12086","tract":"013302","county":"Miami-Dade","median_household_income":59781,"moe":22596,"population":3459,"school_age_population":1008}},{"type":"Feature","geometry":{"type":"Polygon","coordinates":[[[-80.432863,25.760899],[-80.432203,25.742995],[-80.424243,25.743247],[-80.424805,25.760892],[-80.432863,25.760899]]]},"properties":{"geoid":"12086015002","state_fips":"12","county_fips":"12086","tract":"015002","county":"Miami-Dade","median_household_income":101978,"moe":35038,"population":4893,"school_age_population":1024}},{"type":"Feature","geometry":{"type":"Polygon","coordinates":[[[-80.424805,25.760892],[-80.424243,25.743247],[-80.416235,25.743568],[-80.416897,25.760928],[-80.424805,25.760892]]]},"properties":{"geoid":"12086015001","state_fips":"12","county_fips":"12086","tract":"015001","county":"Miami-Dade","median_household_income":74152,"moe":21052,"population":4745,"school_age_population":536}},{"type":"Feature","geometry":{"type":"Polygon","coordinates":[[[-80.200012,25.957465],[-80.185097,25.94736],[-80.176255,25.954724],[-80.177154,25.955736],[-80.181956,25.955835],[-80.183614,25.954469],[-80.186439,25.955478],[-80.19038,25.955214],[-80.191969,25.95629],[-80.192762,25.958033],[-80.19526,25.957681],[-80.195293,25.958168],[-80.194085,25.958248],[-80.195219,25.961448],[-80.197545,25.961335],[-80.197521,25.957554],[-80.200012,25.957465]]]},"properties":{"geoid":"12086009812","state_fips":"12","county_fips":"12086","tract":"009812","county":"Miami-Dade","median_household_income":72059,"moe":17930,"population":5741,"school_age_population":1575}},{"type":"Feature","geometry":{"type":"Polygon","coordinates":[[[-80.433079,25.684846],[-80.432773,25.677516],[-80.42836,25.677197],[-80.42413,25.679301],[-80.420432,25.67815],[-80.421153,25.680446],[-80.424225,25.683177],[-80.424863,25.685028],[-80.433079,25.684846]]]},"properties":{"geoid":"12086018602","state_fips":"12","county_fips":"12086","tract":"018602","county":"Miami-Dade","median_household_income":78125,"moe":12091,"population":3487,"school_age_population":620}},{"type":"Feature","geometry":{"type":"Polygon","coordinates":[[[-80.430709,25.625679],[-80.430016,25.611134],[-80.420539,25.610896],[-80.418513,25.613161],[-80.419869,25.614304],[-80.421694,25.619052],[-80.423427,25.620777],[-80.426555,25.625884],[-80.430709,25.625679]]]},"properties":{"geoid":"12086020002","state_fips":"12","county_fips":"12086","tract":"020002","county":"Miami-Dade","median_household_income":121280,"moe":34074,"population":4982,"school_age_population":1006}},{"type":"Feature","geometry":{"type":"Polygon","coordinates":[[[-80.422206,25.927565],[-80.366317,25.886677],[-80.363333,25.886744],[-80.363957,25.887263],[-80.364069,25.891019],[-80.355996,25.891501],[-80.356417,25.898747],[-80.372463,25.898661],[-80.373736,25.927773],[-80.422206,25.927565]]]},"properties":{"geoid":"12086012501","state_fips":"12","county_fips":"12086","tract":"012501","county":"Miami-Dade","median_household_income":99688,"moe":59714,"population":1651,"school_age_population":268}},{"type":"Feature","geometry":{"type":"Polygon","coordinates":[[[-80.387271,25.840519],[-80.386921,25.826128],[-80.377971,25.826178],[-80.378092,25.828526],[-80.375407,25.829635],[-80.3739,25.832449],[-80.375859,25.837061],[-80.382468,25.838498],[-80.382366,25.840631],[-80.387271,25.840519]]]},"properties":{"geoid":"12086009049","state_fips":"12","county_fips":"12086","tract":"009049","county":"Miami-Dade","median_household_income":95822,"moe":8924,"population":4088,"school_age_population":1053}},{"type":"Feature","geometry":{"type":"Polygon","coordinates":[[[-80.271918,25.778704],[-80.271697,25.771465],[-80.263684,25.771681],[-80.264004,25.778715],[-80.271918,25.778704]]]},"properties":{"geoid":"12086004903","state_fips":"12","county_fips":"12086","tract":"004903","county":"Miami-Dade","median_household_income":46849,"moe":10674,"population":3272,"school_age_population":573}},{"type":"Feature","geometry":{"type":"Polygon","coordinates":[[[-80.255714,25.778936],[-80.255457,25.771834],[-80.248948,25.772034],[-80.249064,25.779144],[-80.255714,25.778936]]]},"properties":{"geoid":"12086005505","state_fips":"12","county_fips":"12086","tract":"005505","county":"Miami-Dade","median_household_income":46442,"moe":33635,"population":2270,"school_age_population":437}},{"type":"Feature","geometry":{"type":"Polygon","coordinates":[[[-80.282194,25.778249],[-80.281962,25.771034],[-80.271697,25.771465],[-80.271918,25.778704],[-80.282194,25.778249]]]},"properties":{"geoid":"12086005708","state_fips":"12","county_fips":"12086","tract":"005708","county":"Miami-Dade","median_household_income":51667,"moe":15069,"population":5875,"school_age_population":1060}},{"type":"Feature","geometry":{"type":"Polygon","coordinates":[[[-80.256168,25.7944],[-80.256022,25.790117],[-80.239702,25.790651],[-80.239647,25.792647],[-80.244241,25.795341],[-80.247605,25.794643],[-80.256168,25.7944]]]},"properties":{"geoid":"12086005003","state_fips":"12","county_fips":"12086","tract":"005003","county":"Miami-Dade","median_household_income":60913,"moe":41876,"population":3600,"school_age_population":400}},{"type":"Feature","geometry":{"type":"Polygon","coordinates":[[[-80.28832,25.777981],[-80.28812,25.77078],[-80.281962,25.771034],[-80.282194,25.778249],[-80.28832,25.777981]]]},"properties":{"geoid":"12086005707","state_fips":"12","county_fips":"12086","tract":"005707","county":"Miami-Dade","median_household_income":42143,"moe":12186,"population":1561,"school_age_population":215}},{"type":"Feature","geometry":{"type":"Polygon","coordinates":[[[-80.337586,25.817154],[-80.33739,25.809895],[-80.321273,25.809324],[-80.321487,25.816482],[-80.32551,25.816454],[-80.325526,25.817065],[-80.337586,25.817154]]]},"properties":{"geoid":"12086009065","state_fips":"12","county_fips":"12086","tract":"009065","county":"Miami-Dade","median_household_income":81203,"moe":41419,"population":3927,"school_age_population":1031}},{"type":"Feature","geometry":{"type":"Polygon","coordinates":[[[-80.303157,25.739344],[-80.303027,25.736567],[-80.294688,25.736858],[-80.292828,25.738283],[-80.286753,25.738555],[-80.287272,25.748425],[-80.297451,25.748154],[-80.296939,25.739546],[-80.303157,25.739344]]]},"properties":{"geoid":"12086006004","state_fips":"12","county_fips":"12086","tract":"006004","county":"Miami-Dade","median_household_income":125667,"moe":48419,"population":2446,"school_age_population":366}},{"type":"Feature","geometry":{"type":"Polygon","coordinates":[[[-80.396251,25.551449],[-80.380206,25.551584],[-80.380243,25.552827],[-80.376248,25.551635],[-80.372071,25.551629],[-80.372427,25.575687],[-80.396251,25.551449]]]},"properties":{"geoid":"12086010501","state_fips":"12","county_fips":"12086","tract":"010501","county":"Miami-Dade","median_household_income":42718,"moe":6596,"population":6157,"school_age_population":1611}},{"type":"Feature","geometry":{"type":"Polygon","coordinates":[[[-80.361906,25.826246],[-80.361574,25.822981],[-80.359446,25.818946],[-80.361536,25.813281],[-80.361572,25.811599],[-80.353407,25.81166],[-80.353926,25.826129],[-80.361906,25.826246]]]},"properties":{"geoid":"12086009058","state_fips":"12","county_fips":"12086","tract":"009058","county":"Miami-Dade","median_household_income":71250,"moe":17851,"population":4039,"school_age_population":895}},{"type":"Feature","geometry":{"type":"Polygon","coordinates":[[[-80.352374,25.761657],[-80.35186,25.754449],[-80.33592,25.754905],[-80.336173,25.76199],[-80.352374,25.761657]]]},"properties":{"geoid":"12086008908","state_fips":"12","county_fips":"12086","tract":"008908","county":"Miami-Dade","median_household_income":65742,"moe":12732,"population":3307,"school_age_population":564}},{"type":"Feature","geometry":{"type":"Polygon","coordinates":[[[-80.384611,25.739058],[-80.384365,25.732043],[-80.367778,25.732308],[-80.367718,25.739572],[-80.384611,25.739058]]]},"properties":{"geoid":"12086008810","state_fips":"12","county_fips":"12086","tract":"008810","county":"Miami-Dade","median_household_income":57197,"moe":35161,"population":4169,"school_age_population":802}},{"type":"Feature","geometry":{"type":"Polygon","coordinates":[[[-80.385997,25.776193],[-80.385987,25.775307],[-80.369554,25.775583],[-80.36892,25.781065],[-80.383039,25.777686],[-80.385997,25.776193]]]},"properties":{"geoid":"12086009064","state_fips":"12","county_fips":"12086","tract":"009064","county":"Miami-Dade","median_household_income":63750,"moe":16938,"population":3110,"school_age_population":599}},{"type":"Feature","geometry":{"type":"Polygon","coordinates":[[[-80.381576,25.775411],[-80.381025,25.768282],[-80.374951,25.768343],[-80.375598,25.775491],[-80.381576,25.775411]]]},"properties":{"geoid":"12086009061","state_fips":"12","county_fips":"12086","tract":"009061","county":"Miami-Dade","median_household_income":44018,"moe":21481,"population":3220,"school_age_population":489}},{"type":"Feature","geometry":{"type":"Polygon","coordinates":[[[-80.375598,25.775491],[-80.374951,25.768343],[-80.368995,25.76845],[-80.369554,25.775583],[-80.375598,25.775491]]]},"properties":{"geoid":"12086009062","state_fips":"12","county_fips":"12086","tract":"009062","county":"Miami-Dade","median_household_income":74425,"moe":6676,"population":2739,"school_age_population":173}},{"type":"Feature","geometry":{"type":"Polygon","coordinates":[[[-80.314937,25.869592],[-80.314876,25.866591],[-80.298806,25.866642],[-80.298696,25.862538],[-80.290677,25.862946],[-80.290756,25.870908],[-80.292903,25.870208],[-80.314937,25.869592]]]},"properties":{"geoid":"12086000718","state_fips":"12","county_fips":"12086","tract":"000718","county":"Miami-Dade","median_household_income":47446,"moe":23474,"population":3858,"school_age_population":449}},{"type":"Feature","geometry":{"type":"Polygon","coordinates":[[[-80.501551,25.447693],[-80.501493,25.433101],[-80.49328,25.43313],[-80.493318,25.440485],[-80.483278,25.440641],[-80.483298,25.442655],[-80.480696,25.442688],[-80.476663,25.439102],[-80.477164,25.447837],[-80.501551,25.447693]]]},"properties":{"geoid":"12086011406","state_fips":"12","county_fips":"12086","tract":"011406","county":"Miami-Dade","median_household_income":53054,"moe":7204,"population":3439,"school_age_population":954}},{"type":"Feature","geometry":{"type":"Polygon","coordinates":[[[-80.440807,25.506679],[-80.421747,25.506909],[-80.420058,25.50746],[-80.418765,25.509014],[-80.41848,25.512057],[-80.4175,25.513513],[-80.415992,25.514253],[-80.412517,25.514369],[-80.412511,25.521784],[-80.425882,25.521665],[-80.440807,25.506679]]]},"properties":{"geoid":"12086010804","state_fips":"12","county_fips":"12086","tract":"010804","county":"Miami-Dade","median_household_income":57681,"moe":24899,"population":7894,"school_age_population":2512}},{"type":"Feature","geometry":{"type":"Polygon","coordinates":[[[-80.411439,25.536488],[-80.372078,25.537132],[-80.372071,25.551629],[-80.376248,25.551635],[-80.380243,25.552827],[-80.380206,25.551584],[-80.396933,25.551268],[-80.411439,25.536488]]]},"properties":{"geoid":"12086010502","state_fips":"12","county_fips":"12086","tract":"010502","county":"Miami-Dade","median_household_income":93706,"moe":13733,"population":11718,"school_age_population":3805}},{"type":"Feature","geometry":{"type":"Polygon","coordinates":[[[-80.38894,25.580896],[-80.38867,25.566192],[-80.381577,25.566256],[-80.376297,25.571719],[-80.380156,25.575498],[-80.380495,25.580884],[-80.38894,25.580896]]]},"properties":{"geoid":"12086010213","state_fips":"12","county_fips":"12086","tract":"010213","county":"Miami-Dade","median_household_income":44021,"moe":24290,"population":4864,"school_age_population":796}},{"type":"Feature","geometry":{"type":"Polygon","coordinates":[[[-80.302933,25.68935],[-80.284856,25.689672],[-80.285398,25.704445],[-80.30141,25.703757],[-80.30094,25.691834],[-80.302933,25.68935]]]},"properties":{"geoid":"12086007610","state_fips":"12","county_fips":"12086","tract":"007610","county":"Miami-Dade","median_household_income":103814,"moe":14172,"population":4534,"school_age_population":715}},{"type":"Feature","geometry":{"type":"Polygon","coordinates":[[[-80.424796,25.693511],[-80.424441,25.691406],[-80.418949,25.692342],[-80.416693,25.690191],[-80.415705,25.689963],[-80.414508,25.699951],[-80.422519,25.699714],[-80.422723,25.697919],[-80.424796,25.693511]]]},"properties":{"geoid":"12086017401","state_fips":"12","county_fips":"12086","tract":"017401","county":"Miami-Dade","median_household_income":74444,"moe":69319,"population":1540,"school_age_population":308}},{"type":"Feature","geometry":{"type":"Polygon","coordinates":[[[-80.430489,25.699445],[-80.429937,25.68497],[-80.416552,25.685339],[-80.415705,25.689963],[-80.416693,25.690191],[-80.418275,25.691966],[-80.420408,25.692434],[-80.424441,25.691406],[-80.424675,25.694074],[-80.422723,25.697919],[-80.422519,25.699714],[-80.430489,25.699445]]]},"properties":{"geoid":"12086017402","state_fips":"12","county_fips":"12086","tract":"017402","county":"Miami-Dade","median_household_income":61824,"moe":17933,"population":4504,"school_age_population":448}},{"type":"Feature","geometry":{"type":"Polygon","coordinates":[[[-80.139676,25.963929],[-80.139354,25.957305],[-80.138484,25.953605],[-80.136616,25.954113],[-80.138522,25.957804],[-80.136722,25.95876],[-80.136825,25.960082],[-80.133384,25.960189],[-80.133453,25.962936],[-80.131289,25.963862],[-80.133938,25.965593],[-80.133792,25.96638],[-80.136683,25.966702],[-80.139038,25.965852],[-80.139676,25.963929]]]},"properties":{"geoid":"12086000143","state_fips":"12","county_fips":"12086","tract":"000143","county":"Miami-Dade","median_household_income":52105,"moe":24944,"population":2831,"school_age_population":344}},{"type":"Feature","geometry":{"type":"Polygon","coordinates":[[[-80.364535,25.538901],[-80.365607,25.537294],[-80.347508,25.537415],[-80.34778,25.559242],[-80.354854,25.55921],[-80.356659,25.560469],[-80.359126,25.559293],[-80.361897,25.565687],[-80.362159,25.56844],[-80.362829,25.568312],[-80.362635,25.544521],[-80.364535,25.538901]]]},"properties":{"geoid":"12086010626","state_fips":"12","county_fips":"12086","tract":"010626","county":"Miami-Dade","median_household_income":85500,"moe":45174,"population":3851,"school_age_population":1204}},{"type":"Feature","geometry":{"type":"Polygon","coordinates":[[[-80.384579,25.686479],[-80.365855,25.686978],[-80.365939,25.690462],[-80.382242,25.690006],[-80.384579,25.686479]]]},"properties":{"geoid":"12086008430","state_fips":"12","county_fips":"12086","tract":"008430","county":"Miami-Dade","median_household_income":51771,"moe":12825,"population":5354,"school_age_population":923}},{"type":"Feature","geometry":{"type":"Polygon","coordinates":[[[-80.424863,25.685028],[-80.424225,25.683177],[-80.421153,25.680446],[-80.420432,25.67815],[-80.416478,25.67777],[-80.416552,25.685339],[-80.424863,25.685028]]]},"properties":{"geoid":"12086018802","state_fips":"12","county_fips":"12086","tract":"018802","county":"Miami-Dade","median_household_income":80020,"moe":35974,"population":2664,"school_age_population":627}},{"type":"Feature","geometry":{"type":"Polygon","coordinates":[[[-80.34774,25.554561],[-80.347803,25.551791],[-80.323258,25.5521],[-80.319222,25.555885],[-80.31922,25.559524],[-80.334453,25.55943],[-80.334498,25.559992],[-80.337571,25.560394],[-80.340516,25.560321],[-80.343085,25.55947],[-80.347134,25.559914],[-80.347051,25.559238],[-80.34778,25.559242],[-80.34774,25.554561]]]},"properties":{"geoid":"12086010625","state_fips":"12","county_fips":"12086","tract":"010625","county":"Miami-Dade","median_household_income":93170,"moe":17990,"population":5601,"school_age_population":1563}},{"type":"Feature","geometry":{"type":"Polygon","coordinates":[[[-80.260293,25.870618],[-80.260245,25.867454],[-80.259623,25.867466],[-80.257604,25.860202],[-80.250459,25.859982],[-80.250921,25.871067],[-80.260293,25.870618]]]},"properties":{"geoid":"12086000908","state_fips":"12","county_fips":"12086","tract":"000908","county":"Miami-Dade","median_household_income":60989,"moe":17865,"population":3286,"school_age_population":413}},{"type":"Feature","geometry":{"type":"Polygon","coordinates":[[[-80.243073,25.882834],[-80.242243,25.86072],[-80.23409,25.860941],[-80.23475,25.882771],[-80.243073,25.882834]]]},"properties":{"geoid":"12086000416","state_fips":"12","county_fips":"12086","tract":"000416","county":"Miami-Dade","median_household_income":34279,"moe":15556,"population":4786,"school_age_population":982}},{"type":"Feature","geometry":{"type":"Polygon","coordinates":[[[-80.478542,25.697937],[-80.478351,25.68862],[-80.47418,25.688298],[-80.469411,25.68464],[-80.467248,25.68383],[-80.454074,25.684142],[-80.454536,25.698589],[-80.478542,25.697937]]]},"properties":{"geoid":"12086017901","state_fips":"12","county_fips":"12086","tract":"017901","county":"Miami-Dade","median_household_income":116957,"moe":16143,"population":3946,"school_age_population":803}},{"type":"Feature","geometry":{"type":"Polygon","coordinates":[[[-80.477484,25.484469],[-80.477287,25.462487],[-80.469013,25.462454],[-80.468942,25.475801],[-80.468087,25.477218],[-80.469567,25.477229],[-80.462376,25.484583],[-80.477484,25.484469]]]},"properties":{"geoid":"12086011104","state_fips":"12","county_fips":"12086","tract":"011104","county":"Miami-Dade","median_household_income":32204,"moe":24601,"population":5691,"school_age_population":2104}},{"type":"Feature","geometry":{"type":"Polygon","coordinates":[[[-80.455153,25.713179],[-80.454536,25.698589],[-80.446537,25.698879],[-80.447127,25.713418],[-80.455153,25.713179]]]},"properties":{"geoid":"12086016501","state_fips":"12","county_fips":"12086","tract":"016501","county":"Miami-Dade","median_household_income":113542,"moe":31815,"population":3384,"school_age_population":380}},{"type":"Feature","geometry":{"type":"Polygon","coordinates":[[[-80.250685,25.865483],[-80.250191,25.853167],[-80.241996,25.853434],[-80.242443,25.865792],[-80.250685,25.865483]]]},"properties":{"geoid":"12086000905","state_fips":"12","county_fips":"12086","tract":"000905","county":"Miami-Dade","median_household_income":68933,"moe":27365,"population":3803,"school_age_population":467}},{"type":"Feature","geometry":{"type":"Polygon","coordinates":[[[-80.276399,25.781158],[-80.276396,25.779363],[-80.275459,25.77938],[-80.275357,25.778544],[-80.269538,25.778713],[-80.269647,25.783159],[-80.274254,25.783561],[-80.276399,25.781158]]]},"properties":{"geoid":"12086005705","state_fips":"12","county_fips":"12086","tract":"005705","county":"Miami-Dade","median_household_income":41266,"moe":5604,"population":3201,"school_age_population":465}},{"type":"Feature","geometry":{"type":"Polygon","coordinates":[[[-80.256022,25.790117],[-80.255886,25.786046],[-80.251496,25.78569],[-80.246491,25.7844],[-80.239521,25.784944],[-80.239702,25.790651],[-80.256022,25.790117]]]},"properties":{"geoid":"12086005004","state_fips":"12","county_fips":"12086","tract":"005004","county":"Miami-Dade","median_household_income":52813,"moe":17524,"population":3664,"school_age_population":494}},{"type":"Feature","geometry":{"type":"Polygon","coordinates":[[[-80.28842,25.780834],[-80.28832,25.777981],[-80.275357,25.778544],[-80.275459,25.77938],[-80.276396,25.779363],[-80.276399,25.781158],[-80.278123,25.779885],[-80.279959,25.779481],[-80.28842,25.780834]]]},"properties":{"geoid":"12086005706","state_fips":"12","county_fips":"12086","tract":"005706","county":"Miami-Dade","median_household_income":59779,"moe":9894,"population":4159,"school_age_population":456}},{"type":"Feature","geometry":{"type":"Polygon","coordinates":[[[-80.480709,25.745041],[-80.480034,25.727357],[-80.479363,25.726914],[-80.443499,25.72815],[-80.444333,25.735278],[-80.443622,25.735294],[-80.443667,25.736843],[-80.440036,25.737297],[-80.440246,25.742756],[-80.464223,25.741933],[-80.464472,25.745617],[-80.480709,25.745041]]]},"properties":{"geoid":"12086015201","state_fips":"12","county_fips":"12086","tract":"015201","county":"Miami-Dade","median_household_income":109917,"moe":15364,"population":3028,"school_age_population":730}},{"type":"Feature","geometry":{"type":"Polygon","coordinates":[[[-80.444333,25.735278],[-80.443499,25.72815],[-80.431662,25.728577],[-80.431898,25.735677],[-80.439974,25.735465],[-80.440036,25.737297],[-80.443667,25.736843],[-80.443622,25.735294],[-80.444333,25.735278]]]},"properties":{"geoid":"12086015202","state_fips":"12","county_fips":"12086","tract":"015202","county":"Miami-Dade","median_household_income":83802,"moe":16328,"population":4068,"school_age_population":1126}},{"type":"Feature","geometry":{"type":"Polygon","coordinates":[[[-80.469414,25.477388],[-80.446864,25.477387],[-80.447606,25.479767],[-80.447906,25.4867],[-80.451779,25.490921],[-80.451981,25.491994],[-80.453823,25.491978],[-80.461002,25.484584],[-80.462376,25.484583],[-80.469414,25.477388]]]},"properties":{"geoid":"12086011011","state_fips":"12","county_fips":"12086","tract":"011011","county":"Miami-Dade","median_household_income":49375,"moe":21813,"population":3982,"school_age_population":979}},{"type":"Feature","geometry":{"type":"Polygon","coordinates":[[[-80.46899,25.47311],[-80.469013,25.462454],[-80.462972,25.462542],[-80.460926,25.464],[-80.460901,25.477313],[-80.468087,25.477218],[-80.468942,25.475801],[-80.46899,25.47311]]]},"properties":{"geoid":"12086011103","state_fips":"12","county_fips":"12086","tract":"011103","county":"Miami-Dade","median_household_income":41569,"moe":6348,"population":3081,"school_age_population":954}},{"type":"Feature","geometry":{"type":"Polygon","coordinates":[[[-80.439157,25.632959],[-80.438947,25.627827],[-80.42764,25.628182],[-80.426284,25.62585],[-80.414567,25.626306],[-80.41471,25.633558],[-80.431033,25.63363],[-80.430738,25.630885],[-80.433582,25.630978],[-80.437179,25.632845],[-80.439157,25.632959]]]},"properties":{"geoid":"12086019501","state_fips":"12","county_fips":"12086","tract":"019501","county":"Miami-Dade","median_household_income":97443,"moe":26655,"population":3830,"school_age_population":874}},{"type":"Feature","geometry":{"type":"Polygon","coordinates":[[[-80.321525,25.692263],[-80.321367,25.68843],[-80.316873,25.688518],[-80.316632,25.686147],[-80.314859,25.68249],[-80.311195,25.686473],[-80.304837,25.691754],[-80.305173,25.692213],[-80.311364,25.692452],[-80.321525,25.692263]]]},"properties":{"geoid":"12086007808","state_fips":"12","county_fips":"12086","tract":"007808","county":"Miami-Dade","median_household_income":51883,"moe":20416,"population":4140,"school_age_population":423}},{"type":"Feature","geometry":{"type":"Polygon","coordinates":[[[-80.368995,25.76845],[-80.368408,25.7613],[-80.360397,25.761549],[-80.360989,25.76875],[-80.368995,25.76845]]]},"properties":{"geoid":"12086009054","state_fips":"12","county_fips":"12086","tract":"009054","county":"Miami-Dade","median_household_income":95547,"moe":20508,"population":1949,"school_age_population":281}},{"type":"Feature","geometry":{"type":"Polygon","coordinates":[[[-80.392767,25.760984],[-80.392658,25.757905],[-80.390562,25.754436],[-80.390366,25.751637],[-80.385092,25.751791],[-80.385485,25.761004],[-80.392767,25.760984]]]},"properties":{"geoid":"12086014602","state_fips":"12","county_fips":"12086","tract":"014602","county":"Miami-Dade","median_household_income":51288,"moe":16834,"population":3774,"school_age_population":482}},{"type":"Feature","geometry":{"type":"Polygon","coordinates":[[[-80.290179,25.851776],[-80.290155,25.848014],[-80.282349,25.848324],[-80.28246,25.851173],[-80.274627,25.851432],[-80.274233,25.844699],[-80.272214,25.844743],[-80.272623,25.852421],[-80.290179,25.851776]]]},"properties":{"geoid":"12086000609","state_fips":"12","county_fips":"12086","tract":"000609","county":"Miami-Dade","median_household_income":38529,"moe":9372,"population":3516,"school_age_population":547}},{"type":"Feature","geometry":{"type":"Polygon","coordinates":[[[-80.298696,25.862538],[-80.298488,25.85526],[-80.294462,25.855256],[-80.294263,25.848007],[-80.290155,25.848014],[-80.290677,25.862946],[-80.298696,25.862538]]]},"properties":{"geoid":"12086000717","state_fips":"12","county_fips":"12086","tract":"000717","county":"Miami-Dade","median_household_income":70586,"moe":26846,"population":2648,"school_age_population":269}},{"type":"Feature","geometry":{"type":"Polygon","coordinates":[[[-80.306846,25.866607],[-80.306538,25.855245],[-80.303233,25.855259],[-80.304343,25.857075],[-80.303641,25.862514],[-80.298696,25.862538],[-80.298806,25.866642],[-80.306846,25.866607]]]},"properties":{"geoid":"12086000715","state_fips":"12","county_fips":"12086","tract":"000715","county":"Miami-Dade","median_household_income":56053,"moe":14564,"population":3507,"school_age_population":633}},{"type":"Feature","geometry":{"type":"Polygon","coordinates":[[[-80.299866,25.891557],[-80.299523,25.884312],[-80.291262,25.884341],[-80.291643,25.891604],[-80.299866,25.891557]]]},"properties":{"geoid":"12086009321","state_fips":"12","county_fips":"12086","tract":"009321","county":"Miami-Dade","median_household_income":81644,"moe":15071,"population":2444,"school_age_population":436}},{"type":"Feature","geometry":{"type":"Polygon","coordinates":[[[-80.493726,25.481621],[-80.493711,25.477059],[-80.487665,25.477093],[-80.487621,25.475257],[-80.477408,25.475325],[-80.477484,25.484469],[-80.493747,25.484376],[-80.493726,25.481621]]]},"properties":{"geoid":"12086011203","state_fips":"12","county_fips":"12086","tract":"011203","county":"Miami-Dade","median_household_income":31316,"moe":12916,"population":6515,"school_age_population":2697}},{"type":"Feature","geometry":{"type":"Polygon","coordinates":[[[-80.510291,25.513501],[-80.509765,25.476974],[-80.493711,25.477059],[-80.493875,25.495302],[-80.477578,25.495434],[-80.477807,25.513723],[-80.510291,25.513501]]]},"properties":{"geoid":"12086011206","state_fips":"12","county_fips":"12086","tract":"011206","county":"Miami-Dade","median_household_income":102292,"moe":15317,"population":3389,"school_age_population":1073}},{"type":"Feature","geometry":{"type":"Polygon","coordinates":[[[-80.438158,25.61078],[-80.437707,25.595674],[-80.429685,25.595954],[-80.430016,25.611134],[-80.438158,25.61078]]]},"properties":{"geoid":"12086019802","state_fips":"12","county_fips":"12086","tract":"019802","county":"Miami-Dade","median_household_income":128519,"moe":46605,"population":4956,"school_age_population":1001}},{"type":"Feature","geometry":{"type":"Polygon","coordinates":[[[-80.425882,25.521665],[-80.412511,25.521784],[-80.412914,25.534793],[-80.425882,25.521665]]]},"properties":{"geoid":"12086010803","state_fips":"12","county_fips":"12086","tract":"010803","county":"Miami-Dade","median_household_income":52475,"moe":29957,"population":4058,"school_age_population":1537}},{"type":"Feature","geometry":{"type":"Polygon","coordinates":[[[-80.365827,25.621421],[-80.365874,25.620623],[-80.351822,25.621088],[-80.345593,25.619128],[-80.341094,25.628907],[-80.358002,25.6284],[-80.358971,25.626237],[-80.363314,25.624348],[-80.365135,25.622928],[-80.365827,25.621421]]]},"properties":{"geoid":"12086008310","state_fips":"12","county_fips":"12086","tract":"008310","county":"Miami-Dade","median_household_income":78487,"moe":11086,"population":4383,"school_age_population":1106}},{"type":"Feature","geometry":{"type":"Polygon","coordinates":[[[-80.377124,25.642279],[-80.376852,25.639177],[-80.374888,25.639299],[-80.37482,25.636797],[-80.373877,25.636842],[-80.37495,25.634632],[-80.372599,25.632005],[-80.372112,25.627797],[-80.348102,25.628742],[-80.349166,25.631105],[-80.352423,25.631187],[-80.359819,25.635628],[-80.362222,25.635649],[-80.365902,25.638438],[-80.368169,25.638559],[-80.37548,25.641441],[-80.376234,25.642427],[-80.377124,25.642279]]]},"properties":{"geoid":"12086008313","state_fips":"12","county_fips":"12086","tract":"008313","county":"Miami-Dade","median_household_income":61697,"moe":5114,"population":5148,"school_age_population":1140}},{"type":"Feature","geometry":{"type":"Polygon","coordinates":[[[-80.195419,25.761918],[-80.195493,25.761524],[-80.193278,25.761585],[-80.193208,25.76351],[-80.195402,25.76347],[-80.195419,25.761918]]]},"properties":{"geoid":"12086006717","state_fips":"12","county_fips":"12086","tract":"006717","county":"Miami-Dade","median_household_income":139583,"moe":105955,"population":2114,"school_age_population":214}},{"type":"Feature","geometry":{"type":"Polygon","coordinates":[[[-80.17842,25.873936],[-80.170294,25.874815],[-80.168268,25.877582],[-80.166047,25.882641],[-80.166049,25.88467],[-80.170033,25.883843],[-80.173775,25.883986],[-80.17842,25.873936]]]},"properties":{"geoid":"12086001209","state_fips":"12","county_fips":"12086","tract":"001209","county":"Miami-Dade","median_household_income":61860,"moe":19652,"population":3929,"school_age_population":1028}},{"type":"Feature","geometry":{"type":"Polygon","coordinates":[[[-80.138566,25.957647],[-80.136616,25.954113],[-80.130523,25.955292],[-80.129959,25.958986],[-80.126862,25.961955],[-80.126828,25.965045],[-80.128262,25.965873],[-80.133792,25.96638],[-80.133938,25.965593],[-80.131707,25.96454],[-80.131371,25.963664],[-80.133453,25.962936],[-80.133384,25.960189],[-80.136825,25.960082],[-80.136722,25.95876],[-80.138566,25.957647]]]},"properties":{"geoid":"12086000144","state_fips":"12","county_fips":"12086","tract":"000144","county":"Miami-Dade","median_household_income":70066,"moe":25378,"population":1222,"school_age_population":375}},{"type":"Feature","geometry":{"type":"Polygon","coordinates":[[[-80.197422,25.766282],[-80.197164,25.760478],[-80.195081,25.759304],[-80.195491,25.76635],[-80.197422,25.766282]]]},"properties":{"geoid":"12086006603","state_fips":"12","county_fips":"12086","tract":"006603","county":"Miami-Dade","median_household_income":40532,"moe":18960,"population":2611,"school_age_population":280}},{"type":"Feature","geometry":{"type":"Polygon","coordinates":[[[-80.415821,25.656355],[-80.41473,25.641065],[-80.398843,25.641385],[-80.398543,25.635483],[-80.38491,25.650718],[-80.38597,25.65349],[-80.385521,25.657297],[-80.39023,25.657095],[-80.394303,25.656029],[-80.398502,25.656864],[-80.415821,25.656355]]]},"properties":{"geoid":"12086019402","state_fips":"12","county_fips":"12086","tract":"019402","county":"Miami-Dade","median_household_income":95327,"moe":11066,"population":5924,"school_age_population":1608}},{"type":"Feature","geometry":{"type":"Polygon","coordinates":[[[-80.211255,25.921594],[-80.210472,25.916852],[-80.207539,25.916723],[-80.204634,25.915675],[-80.202324,25.913742],[-80.199805,25.910096],[-80.199791,25.916227],[-80.19577,25.916408],[-80.196331,25.92825],[-80.206847,25.927382],[-80.210235,25.924204],[-80.211255,25.921594]]]},"properties":{"geoid":"12086000312","state_fips":"12","county_fips":"12086","tract":"000312","county":"Miami-Dade","median_household_income":34922,"moe":9558,"population":3156,"school_age_population":845}},{"type":"Feature","geometry":{"type":"Polygon","coordinates":[[[-80.266869,25.870473],[-80.266583,25.856292],[-80.262542,25.856401],[-80.26265,25.860046],[-80.260073,25.860129],[-80.260293,25.870663],[-80.266869,25.870473]]]},"properties":{"geoid":"12086000611","state_fips":"12","county_fips":"12086","tract":"000611","county":"Miami-Dade","median_household_income":54850,"moe":18065,"population":2576,"school_age_population":444}},{"type":"Feature","geometry":{"type":"Polygon","coordinates":[[[-80.267197,25.88184],[-80.266869,25.870473],[-80.242616,25.871387],[-80.24362,25.897269],[-80.2583,25.896723],[-80.260453,25.892563],[-80.260375,25.882032],[-80.267197,25.88184]]]},"properties":{"geoid":"12086000508","state_fips":"12","county_fips":"12086","tract":"000508","county":"Miami-Dade","median_household_income":24826,"moe":3903,"population":3697,"school_age_population":1159}},{"type":"Feature","geometry":{"type":"Polygon","coordinates":[[[-80.25815,25.896878],[-80.24362,25.897269],[-80.244037,25.9091],[-80.253424,25.908438],[-80.249562,25.901557],[-80.25815,25.896878]]]},"properties":{"geoid":"12086000509","state_fips":"12","county_fips":"12086","tract":"000509","county":"Miami-Dade","median_household_income":50927,"moe":32141,"population":3447,"school_age_population":825}},{"type":"Feature","geometry":{"type":"Polygon","coordinates":[[[-80.373736,25.927773],[-80.372463,25.898661],[-80.351485,25.89854],[-80.34982,25.903378],[-80.350082,25.913379],[-80.341019,25.913244],[-80.341766,25.927928],[-80.373736,25.927773]]]},"properties":{"geoid":"12086012701","state_fips":"12","county_fips":"12086","tract":"012701","county":"Miami-Dade","median_household_income":129375,"moe":18292,"population":12936,"school_age_population":3251}},{"type":"Feature","geometry":{"type":"Polygon","coordinates":[[[-80.469627,25.513805],[-80.469407,25.499144],[-80.446247,25.499338],[-80.439044,25.50669],[-80.440807,25.506679],[-80.433447,25.514202],[-80.469627,25.513805]]]},"properties":{"geoid":"12086011105","state_fips":"12","county_fips":"12086","tract":"011105","county":"Miami-Dade","median_household_income":129808,"moe":33111,"population":4140,"school_age_population":919}},{"type":"Feature","geometry":{"type":"Polygon","coordinates":[[[-80.405984,25.627168],[-80.406546,25.626536],[-80.380237,25.62741],[-80.384722,25.631875],[-80.385327,25.633917],[-80.385176,25.638291],[-80.387026,25.638254],[-80.386812,25.634429],[-80.398495,25.634053],[-80.398543,25.635483],[-80.405984,25.627168]]]},"properties":{"geoid":"12086019302","state_fips":"12","county_fips":"12086","tract":"019302","county":"Miami-Dade","median_household_income":78446,"moe":15535,"population":5117,"school_age_population":995}},{"type":"Feature","geometry":{"type":"Polygon","coordinates":[[[-80.315282,25.877026],[-80.314937,25.869592],[-80.306907,25.869611],[-80.307249,25.877028],[-80.315282,25.877026]]]},"properties":{"geoid":"12086009326","state_fips":"12","county_fips":"12086","tract":"009326","county":"Miami-Dade","median_household_income":37026,"moe":26347,"population":3042,"school_age_population":400}},{"type":"Feature","geometry":{"type":"Polygon","coordinates":[[[-80.323534,25.884062],[-80.323404,25.880279],[-80.320108,25.88024],[-80.320096,25.879308],[-80.317104,25.879099],[-80.31684,25.87978],[-80.315325,25.879798],[-80.315282,25.877026],[-80.307249,25.877028],[-80.307574,25.88417],[-80.323534,25.884062]]]},"properties":{"geoid":"12086009323","state_fips":"12","county_fips":"12086","tract":"009323","county":"Miami-Dade","median_household_income":68947,"moe":28360,"population":2678,"school_age_population":298}},{"type":"Feature","geometry":{"type":"Polygon","coordinates":[[[-80.339218,25.877017],[-80.339023,25.868243],[-80.335082,25.869309],[-80.335035,25.869832],[-80.335361,25.877012],[-80.339218,25.877017]]]},"properties":{"geoid":"12086013801","state_fips":"12","county_fips":"12086","tract":"013801","county":"Miami-Dade","median_household_income":65192,"moe":22775,"population":1839,"school_age_population":191}},{"type":"Feature","geometry":{"type":"Polygon","coordinates":[[[-80.291681,25.770714],[-80.291533,25.766148],[-80.287974,25.76625],[-80.287852,25.763563],[-80.279662,25.763869],[-80.279902,25.771143],[-80.291681,25.770714]]]},"properties":{"geoid":"12086005806","state_fips":"12","county_fips":"12086","tract":"005806","county":"Miami-Dade","median_household_income":67885,"moe":33125,"population":4018,"school_age_population":810}},{"type":"Feature","geometry":{"type":"Polygon","coordinates":[[[-80.412978,25.534848],[-80.412492,25.510367],[-80.409319,25.513027],[-80.397528,25.525694],[-80.400719,25.525881],[-80.402393,25.529209],[-80.408626,25.529152],[-80.408721,25.536504],[-80.411439,25.536488],[-80.412978,25.534848]]]},"properties":{"geoid":"12086010708","state_fips":"12","county_fips":"12086","tract":"010708","county":"Miami-Dade","median_household_income":57360,"moe":9757,"population":5574,"school_age_population":1468}},{"type":"Feature","geometry":{"type":"Polygon","coordinates":[[[-80.30836,25.688869],[-80.303035,25.689009],[-80.301098,25.691333],[-80.30141,25.703757],[-80.30666,25.703484],[-80.306492,25.696184],[-80.306051,25.696199],[-80.306602,25.692005],[-80.305173,25.692213],[-80.304837,25.691754],[-80.30836,25.688869]]]},"properties":{"geoid":"12086007609","state_fips":"12","county_fips":"12086","tract":"007609","county":"Miami-Dade","median_household_income":77171,"moe":14979,"population":1728,"school_age_population":289}},{"type":"Feature","geometry":{"type":"Polygon","coordinates":[[[-80.1762,25.929094],[-80.176038,25.925418],[-80.15594,25.926108],[-80.156048,25.928684],[-80.166948,25.928482],[-80.171902,25.933864],[-80.172345,25.933867],[-80.172206,25.929254],[-80.1762,25.929094]]]},"properties":{"geoid":"12086000225","state_fips":"12","county_fips":"12086","tract":"000225","county":"Miami-Dade","median_household_income":52740,"moe":14781,"population":3795,"school_age_population":685}},{"type":"Feature","geometry":{"type":"Polygon","coordinates":[[[-80.180253,25.886881],[-80.179776,25.873891],[-80.17842,25.873936],[-80.172298,25.887188],[-80.180253,25.886881]]]},"properties":{"geoid":"12086001207","state_fips":"12","county_fips":"12086","tract":"001207","county":"Miami-Dade","median_household_income":52150,"moe":40443,"population":2042,"school_age_population":957}},{"type":"Feature","geometry":{"type":"Polygon","coordinates":[[[-80.256593,25.860259],[-80.256334,25.852986],[-80.250191,25.853167],[-80.250459,25.859982],[-80.256593,25.860259]]]},"properties":{"geoid":"12086000906","state_fips":"12","county_fips":"12086","tract":"000906","county":"Miami-Dade","median_household_income":60403,"moe":29134,"population":1686,"school_age_population":110}},{"type":"Feature","geometry":{"type":"Polygon","coordinates":[[[-80.231475,25.79452],[-80.23134,25.788796],[-80.229595,25.787524],[-80.222962,25.785513],[-80.223257,25.794741],[-80.231475,25.79452]]]},"properties":{"geoid":"12086003006","state_fips":"12","county_fips":"12086","tract":"003006","county":"Miami-Dade","median_household_income":39781,"moe":19220,"population":4728,"school_age_population":883}},{"type":"Feature","geometry":{"type":"Polygon","coordinates":[[[-80.206794,25.784347],[-80.206424,25.778584],[-80.202912,25.778697],[-80.203101,25.784471],[-80.206794,25.784347]]]},"properties":{"geoid":"12086003607","state_fips":"12","county_fips":"12086","tract":"003607","county":"Miami-Dade","median_household_income":34926,"moe":16155,"population":1929,"school_age_population":373}},{"type":"Feature","geometry":{"type":"Polygon","coordinates":[[[-80.461883,25.565504],[-80.461392,25.513877],[-80.433447,25.514202],[-80.428425,25.51931],[-80.428387,25.521615],[-80.428932,25.521636],[-80.429364,25.56582],[-80.461883,25.565504]]]},"properties":{"geoid":"12086010301","state_fips":"12","county_fips":"12086","tract":"010301","county":"Miami-Dade","median_household_income":97395,"moe":48760,"population":3367,"school_age_population":753}},{"type":"Feature","geometry":{"type":"Polygon","coordinates":[[[-80.428858,25.499505],[-80.428441,25.484302],[-80.419314,25.492279],[-80.417707,25.495442],[-80.417249,25.499523],[-80.428858,25.499505]]]},"properties":{"geoid":"12086011013","state_fips":"12","county_fips":"12086","tract":"011013","county":"Miami-Dade","median_household_income":68426,"moe":5693,"population":3150,"school_age_population":896}},{"type":"Feature","geometry":{"type":"Polygon","coordinates":[[[-80.384249,25.721433],[-80.383547,25.715065],[-80.366908,25.715442],[-80.367296,25.722707],[-80.384019,25.722867],[-80.384249,25.721433]]]},"properties":{"geoid":"12086008704","state_fips":"12","county_fips":"12086","tract":"008704","county":"Miami-Dade","median_household_income":86435,"moe":9813,"population":3002,"school_age_population":479}},{"type":"Feature","geometry":{"type":"Polygon","coordinates":[[[-80.196331,25.92825],[-80.19577,25.916408],[-80.187701,25.916666],[-80.188268,25.928587],[-80.196331,25.92825]]]},"properties":{"geoid":"12086000311","state_fips":"12","county_fips":"12086","tract":"000311","county":"Miami-Dade","median_household_income":37334,"moe":27423,"population":4256,"school_age_population":1112}},{"type":"Feature","geometry":{"type":"Polygon","coordinates":[[[-80.293856,25.939286],[-80.293444,25.930547],[-80.287761,25.931268],[-80.276979,25.931005],[-80.277447,25.939688],[-80.293856,25.939286]]]},"properties":{"geoid":"12086010017","state_fips":"12","county_fips":"12086","tract":"010017","county":"Miami-Dade","median_household_income":70118,"moe":14190,"population":3381,"school_age_population":624}},{"type":"Feature","geometry":{"type":"Polygon","coordinates":[[[-80.180489,25.943917],[-80.174156,25.936711],[-80.162465,25.937058],[-80.162898,25.946069],[-80.168515,25.945833],[-80.172426,25.944756],[-80.178308,25.945495],[-80.180489,25.943917]]]},"properties":{"geoid":"12086000222","state_fips":"12","county_fips":"12086","tract":"000222","county":"Miami-Dade","median_household_income":60750,"moe":12864,"population":3892,"school_age_population":666}},{"type":"Feature","geometry":{"type":"Polygon","coordinates":[[[-80.180906,25.943494],[-80.180231,25.928929],[-80.172206,25.929254],[-80.172345,25.933867],[-80.171695,25.93382],[-80.179748,25.943171],[-80.180906,25.943494]]]},"properties":{"geoid":"12086000226","state_fips":"12","county_fips":"12086","tract":"000226","county":"Miami-Dade","median_household_income":55762,"moe":32981,"population":2213,"school_age_population":707}},{"type":"Feature","geometry":{"type":"Polygon","coordinates":[[[-80.206219,25.972647],[-80.205913,25.965563],[-80.196991,25.965652],[-80.197017,25.966226],[-80.194179,25.96633],[-80.192855,25.967717],[-80.194234,25.969464],[-80.194422,25.973169],[-80.206219,25.972647]]]},"properties":{"geoid":"12086009809","state_fips":"12","county_fips":"12086","tract":"009809","county":"Miami-Dade","median_household_income":78147,"moe":21440,"population":4202,"school_age_population":939}},{"type":"Feature","geometry":{"type":"Polygon","coordinates":[[[-80.261404,25.354725],[-80.261374,25.353491],[-80.256475,25.350691],[-80.253704,25.344609],[-80.251583,25.342327],[-80.250225,25.339367],[-80.239856,25.340736],[-80.241883,25.342693],[-80.245661,25.343622],[-80.238364,25.348249],[-80.237407,25.351422],[-80.238843,25.355966],[-80.228374,25.379227],[-80.22596,25.390217],[-80.215888,25.400819],[-80.204351,25.410368],[-80.201251,25.416901],[-80.202325,25.421025],[-80.196819,25.432669],[-80.191977,25.444833],[-80.187215,25.45133],[-80.187575,25.459113],[-80.186364,25.464095],[-80.176025,25.478553],[-80.172781,25.487795],[-80.174783,25.50132],[-80.163308,25.545487],[-80.154888,25.594715],[-80.167263,25.594715],[-80.174992,25.547605],[-80.175462,25.54773],[-80.181576,25.526296],[-80.193219,25.507589],[-80.190688,25.49255],[-80.21716,25.428114],[-80.214177,25.418132],[-80.227045,25.404319],[-80.233529,25.405017],[-80.235524,25.403849],[-80.249565,25.400749],[-80.249712,25.397106],[-80.252452,25.396184],[-80.253246,25.388095],[-80.257875,25.382325],[-80.261149,25.359671],[-80.259996,25.358379],[-80.261404,25.354725]]]},"properties":{"geoid":"12086980100","state_fips":"12","county_fips":"12086","tract":"980100","county":"Miami-Dade","median_household_income":null,"moe":null,"population":0,"school_age_population":0}},{"type":"Feature","geometry":{"type":"Polygon","coordinates":[[[-80.324268,25.89875],[-80.323534,25.884062],[-80.3156,25.884168],[-80.316231,25.8988],[-80.324268,25.89875]]]},"properties":{"geoid":"12086009316","state_fips":"12","county_fips":"12086","tract":"009316","county":"Miami-Dade","median_household_income":77139,"moe":26723,"population":2477,"school_age_population":526}},{"type":"Feature","geometry":{"type":"Polygon","coordinates":[[[-80.335361,25.877012],[-80.335082,25.869309],[-80.33101,25.869297],[-80.33135,25.877029],[-80.335361,25.877012]]]},"properties":{"geoid":"12086013802","state_fips":"12","county_fips":"12086","tract":"013802","county":"Miami-Dade","median_household_income":29088,"moe":13091,"population":4574,"school_age_population":979}},{"type":"Feature","geometry":{"type":"Polygon","coordinates":[[[-80.320388,25.93813],[-80.319649,25.937264],[-80.316976,25.93702],[-80.315227,25.934774],[-80.311879,25.935509],[-80.312092,25.939277],[-80.313421,25.942024],[-80.319404,25.941567],[-80.320388,25.93813]]]},"properties":{"geoid":"12086012002","state_fips":"12","county_fips":"12086","tract":"012002","county":"Miami-Dade","median_household_income":45542,"moe":11395,"population":5390,"school_age_population":945}},{"type":"Feature","geometry":{"type":"Polygon","coordinates":[[[-80.309663,25.93152],[-80.309659,25.930212],[-80.307103,25.931054],[-80.305145,25.930913],[-80.303746,25.931859],[-80.300226,25.931246],[-80.300413,25.939544],[-80.299839,25.940548],[-80.303576,25.942105],[-80.306939,25.942382],[-80.307029,25.937946],[-80.309663,25.93152]]]},"properties":{"geoid":"12086011601","state_fips":"12","county_fips":"12086","tract":"011601","county":"Miami-Dade","median_household_income":92222,"moe":21926,"population":3693,"school_age_population":907}},{"type":"Feature","geometry":{"type":"Polygon","coordinates":[[[-80.277447,25.939688],[-80.276728,25.925127],[-80.268667,25.92541],[-80.269432,25.940017],[-80.277447,25.939688]]]},"properties":{"geoid":"12086010022","state_fips":"12","county_fips":"12086","tract":"010022","county":"Miami-Dade","median_household_income":null,"moe":null,"population":3677,"school_age_population":539}},{"type":"Feature","geometry":{"type":"Polygon","coordinates":[[[-80.229586,25.972232],[-80.229267,25.965366],[-80.220382,25.965639],[-80.218978,25.966887],[-80.218645,25.968689],[-80.219371,25.970968],[-80.220135,25.971452],[-80.219531,25.971469],[-80.219536,25.972241],[-80.229586,25.972232]]]},"properties":{"geoid":"12086009909","state_fips":"12","county_fips":"12086","tract":"009909","county":"Miami-Dade","median_household_income":60897,"moe":4161,"population":2802,"school_age_population":1219}},{"type":"Feature","geometry":{"type":"Polygon","coordinates":[[[-80.220271,25.966097],[-80.220382,25.965639],[-80.21405,25.96583],[-80.214053,25.96523],[-80.205913,25.965563],[-80.206219,25.972647],[-80.219536,25.972241],[-80.220077,25.971206],[-80.219371,25.970968],[-80.218645,25.968689],[-80.218978,25.966887],[-80.220271,25.966097]]]},"properties":{"geoid":"12086009908","state_fips":"12","county_fips":"12086","tract":"009908","county":"Miami-Dade","median_household_income":40815,"moe":12614,"population":4300,"school_age_population":1112}},{"type":"Feature","geometry":{"type":"Polygon","coordinates":[[[-80.307057,25.944669],[-80.306939,25.942382],[-80.303576,25.942105],[-80.296618,25.939358],[-80.293856,25.939286],[-80.294297,25.946935],[-80.29958,25.946918],[-80.299362,25.944758],[-80.307057,25.944669]]]},"properties":{"geoid":"12086011702","state_fips":"12","county_fips":"12086","tract":"011702","county":"Miami-Dade","median_household_income":50882,"moe":7099,"population":4313,"school_age_population":785}},{"type":"Feature","geometry":{"type":"Polygon","coordinates":[[[-80.356417,25.898747],[-80.355996,25.891501],[-80.351101,25.891496],[-80.351322,25.898686],[-80.356417,25.898747]]]},"properties":{"geoid":"12086012601","state_fips":"12","county_fips":"12086","tract":"012601","county":"Miami-Dade","median_household_income":61125,"moe":12495,"population":3303,"school_age_population":764}},{"type":"Feature","geometry":{"type":"Polygon","coordinates":[[[-80.258506,25.809632],[-80.258426,25.805959],[-80.244491,25.79548],[-80.242058,25.794225],[-80.240256,25.79427],[-80.24588,25.797751],[-80.246328,25.808905],[-80.248375,25.808843],[-80.24848,25.812206],[-80.258506,25.809632]]]},"properties":{"geoid":"12086001705","state_fips":"12","county_fips":"12086","tract":"001705","county":"Miami-Dade","median_household_income":56179,"moe":32537,"population":1975,"school_age_population":393}},{"type":"Feature","geometry":{"type":"Polygon","coordinates":[[[-80.302878,25.733403],[-80.302278,25.71833],[-80.294106,25.718614],[-80.294692,25.733715],[-80.302878,25.733403]]]},"properties":{"geoid":"12086007607","state_fips":"12","county_fips":"12086","tract":"007607","county":"Miami-Dade","median_household_income":96442,"moe":40843,"population":2165,"school_age_population":312}},{"type":"Feature","geometry":{"type":"Polygon","coordinates":[[[-80.367734,25.744948],[-80.367718,25.739572],[-80.351695,25.739959],[-80.351628,25.747209],[-80.367711,25.746714],[-80.367734,25.744948]]]},"properties":{"geoid":"12086008807","state_fips":"12","county_fips":"12086","tract":"008807","county":"Miami-Dade","median_household_income":105593,"moe":12625,"population":4221,"school_age_population":395}},{"type":"Feature","geometry":{"type":"Polygon","coordinates":[[[-80.204387,25.773834],[-80.204171,25.768015],[-80.197465,25.76789],[-80.197508,25.768804],[-80.199653,25.770804],[-80.201225,25.774198],[-80.204387,25.773834]]]},"properties":{"geoid":"12086003605","state_fips":"12","county_fips":"12086","tract":"003605","county":"Miami-Dade","median_household_income":22433,"moe":16909,"population":2557,"school_age_population":217}},{"type":"Feature","geometry":{"type":"Polygon","coordinates":[[[-80.254569,25.749862],[-80.254332,25.742986],[-80.24616,25.743211],[-80.246402,25.750119],[-80.254569,25.749862]]]},"properties":{"geoid":"12086007004","state_fips":"12","county_fips":"12086","tract":"007004","county":"Miami-Dade","median_household_income":62381,"moe":9772,"population":4957,"school_age_population":1123}},{"type":"Feature","geometry":{"type":"Polygon","coordinates":[[[-80.246402,25.750119],[-80.246154,25.743631],[-80.237979,25.743412],[-80.238255,25.750327],[-80.246402,25.750119]]]},"properties":{"geoid":"12086007003","state_fips":"12","county_fips":"12086","tract":"007003","county":"Miami-Dade","median_household_income":59668,"moe":18730,"population":4492,"school_age_population":985}},{"type":"Feature","geometry":{"type":"Polygon","coordinates":[[[-80.336426,25.769605],[-80.336173,25.76199],[-80.320871,25.762398],[-80.320638,25.769881],[-80.336426,25.769605]]]},"properties":{"geoid":"12086009051","state_fips":"12","county_fips":"12086","tract":"009051","county":"Miami-Dade","median_household_income":112386,"moe":34162,"population":2201,"school_age_population":271}},{"type":"Feature","geometry":{"type":"Polygon","coordinates":[[[-80.398543,25.635483],[-80.398495,25.634053],[-80.386812,25.634429],[-80.387026,25.638254],[-80.385176,25.638291],[-80.385298,25.645041],[-80.384332,25.648472],[-80.38491,25.650718],[-80.398543,25.635483]]]},"properties":{"geoid":"12086019301","state_fips":"12","county_fips":"12086","tract":"019301","county":"Miami-Dade","median_household_income":82455,"moe":19055,"population":2712,"school_age_population":606}},{"type":"Feature","geometry":{"type":"Polygon","coordinates":[[[-80.3042,25.770498],[-80.303901,25.763099],[-80.287852,25.763563],[-80.287974,25.76625],[-80.291533,25.766148],[-80.291681,25.770714],[-80.3042,25.770498]]]},"properties":{"geoid":"12086005803","state_fips":"12","county_fips":"12086","tract":"005803","county":"Miami-Dade","median_household_income":59891,"moe":23934,"population":6490,"school_age_population":1286}},{"type":"Feature","geometry":{"type":"Polygon","coordinates":[[[-80.457533,25.67507],[-80.457455,25.669476],[-80.44933,25.669705],[-80.449223,25.676986],[-80.457414,25.67679],[-80.457533,25.67507]]]},"properties":{"geoid":"12086018001","state_fips":"12","county_fips":"12086","tract":"018001","county":"Miami-Dade","median_household_income":125042,"moe":33315,"population":1615,"school_age_population":364}},{"type":"Feature","geometry":{"type":"Polygon","coordinates":[[[-80.498687,25.682284],[-80.498257,25.670562],[-80.481231,25.670512],[-80.481136,25.668324],[-80.465575,25.669231],[-80.465442,25.676519],[-80.449223,25.676986],[-80.449358,25.684308],[-80.467248,25.68383],[-80.469411,25.68464],[-80.473509,25.687999],[-80.475523,25.68861],[-80.478351,25.68862],[-80.478401,25.686439],[-80.481651,25.683284],[-80.498687,25.682284]]]},"properties":{"geoid":"12086018003","state_fips":"12","county_fips":"12086","tract":"018003","county":"Miami-Dade","median_household_income":86795,"moe":29606,"population":8346,"school_age_population":2268}},{"type":"Feature","geometry":{"type":"Polygon","coordinates":[[[-80.477288,25.459194],[-80.477164,25.447837],[-80.450773,25.447818],[-80.449729,25.453894],[-80.452348,25.462708],[-80.477287,25.462487],[-80.477288,25.459194]]]},"properties":{"geoid":"12086011409","state_fips":"12","county_fips":"12086","tract":"011409","county":"Miami-Dade","median_household_income":52152,"moe":20840,"population":5679,"school_age_population":1368}},{"type":"Feature","geometry":{"type":"Polygon","coordinates":[[[-80.384365,25.732043],[-80.384019,25.722867],[-80.375292,25.723038],[-80.375694,25.732175],[-80.384365,25.732043]]]},"properties":{"geoid":"12086008703","state_fips":"12","county_fips":"12086","tract":"008703","county":"Miami-Dade","median_household_income":98810,"moe":32771,"population":2339,"school_age_population":331}},{"type":"Feature","geometry":{"type":"Polygon","coordinates":[[[-80.382869,25.714919],[-80.382237,25.710204],[-80.366206,25.701895],[-80.366908,25.715442],[-80.382869,25.714919]]]},"properties":{"geoid":"12086008603","state_fips":"12","county_fips":"12086","tract":"008603","county":"Miami-Dade","median_household_income":95000,"moe":65385,"population":3919,"school_age_population":401}},{"type":"Feature","geometry":{"type":"Polygon","coordinates":[[[-80.279549,25.758976],[-80.27932,25.75401],[-80.275203,25.75415],[-80.275304,25.756809],[-80.274481,25.757102],[-80.267096,25.757022],[-80.267378,25.764282],[-80.279259,25.763889],[-80.279072,25.759232],[-80.279549,25.758976]]]},"properties":{"geoid":"12086006106","state_fips":"12","county_fips":"12086","tract":"006106","county":"Miami-Dade","median_household_income":138462,"moe":72860,"population":2376,"school_age_population":468}},{"type":"Feature","geometry":{"type":"Polygon","coordinates":[[[-80.351257,25.723371],[-80.350882,25.716093],[-80.334916,25.71674],[-80.3353,25.724061],[-80.339714,25.723863],[-80.344322,25.72455],[-80.351257,25.723371]]]},"properties":{"geoid":"12086008504","state_fips":"12","county_fips":"12086","tract":"008504","county":"Miami-Dade","median_household_income":111429,"moe":43830,"population":2932,"school_age_population":758}},{"type":"Feature","geometry":{"type":"Polygon","coordinates":[[[-80.287852,25.763563],[-80.287272,25.748425],[-80.28496,25.748529],[-80.28508,25.751714],[-80.284346,25.753099],[-80.28313,25.753882],[-80.27932,25.75401],[-80.279259,25.763889],[-80.287852,25.763563]]]},"properties":{"geoid":"12086006105","state_fips":"12","county_fips":"12086","tract":"006105","county":"Miami-Dade","median_household_income":181346,"moe":38848,"population":2252,"school_age_population":563}},{"type":"Feature","geometry":{"type":"Polygon","coordinates":[[[-80.206747,25.778417],[-80.201515,25.774567],[-80.199653,25.770804],[-80.19766,25.768858],[-80.195641,25.768781],[-80.196148,25.77888],[-80.206747,25.778417]]]},"properties":{"geoid":"12086003606","state_fips":"12","county_fips":"12086","tract":"003606","county":"Miami-Dade","median_household_income":27564,"moe":14838,"population":1985,"school_age_population":140}},{"type":"Feature","geometry":{"type":"Polygon","coordinates":[[[-80.20082,25.768127],[-80.200726,25.765207],[-80.199898,25.763322],[-80.199058,25.766239],[-80.195491,25.76635],[-80.195641,25.768781],[-80.197508,25.768804],[-80.197465,25.76789],[-80.20082,25.768127]]]},"properties":{"geoid":"12086006605","state_fips":"12","county_fips":"12086","tract":"006605","county":"Miami-Dade","median_household_income":118750,"moe":52057,"population":1549,"school_age_population":79}},{"type":"Feature","geometry":{"type":"Polygon","coordinates":[[[-80.198614,25.960524],[-80.197521,25.957554],[-80.197545,25.961335],[-80.195094,25.961401],[-80.194085,25.958248],[-80.195293,25.958168],[-80.19526,25.957681],[-80.193376,25.957878],[-80.189747,25.959489],[-80.185658,25.963081],[-80.188214,25.966644],[-80.192855,25.967717],[-80.194179,25.96633],[-80.198182,25.965659],[-80.198614,25.960524]]]},"properties":{"geoid":"12086009810","state_fips":"12","county_fips":"12086","tract":"009810","county":"Miami-Dade","median_household_income":64632,"moe":23038,"population":3917,"school_age_population":755}},{"type":"Feature","geometry":{"type":"Polygon","coordinates":[[[-80.510636,25.550233],[-80.510291,25.513501],[-80.461392,25.513877],[-80.461883,25.565504],[-80.506661,25.56477],[-80.506576,25.550265],[-80.510636,25.550233]]]},"properties":{"geoid":"12086010303","state_fips":"12","county_fips":"12086","tract":"010303","county":"Miami-Dade","median_household_income":71250,"moe":38009,"population":3698,"school_age_population":559}},{"type":"Feature","geometry":{"type":"Polygon","coordinates":[[[-80.479065,25.609461],[-80.478466,25.594289],[-80.437707,25.595674],[-80.438158,25.61078],[-80.479065,25.609461]]]},"properties":{"geoid":"12086019801","state_fips":"12","county_fips":"12086","tract":"019801","county":"Miami-Dade","median_household_income":113915,"moe":20143,"population":4948,"school_age_population":955}},{"type":"Feature","geometry":{"type":"Polygon","coordinates":[[[-80.205752,25.959531],[-80.205443,25.94981],[-80.189565,25.950263],[-80.202605,25.959247],[-80.205752,25.959531]]]},"properties":{"geoid":"12086009601","state_fips":"12","county_fips":"12086","tract":"009601","county":"Miami-Dade","median_household_income":73636,"moe":22790,"population":3263,"school_age_population":454}},{"type":"Feature","geometry":{"type":"Polygon","coordinates":[[[-80.205443,25.94981],[-80.20519,25.942555],[-80.195144,25.942883],[-80.193051,25.941565],[-80.185712,25.947666],[-80.190275,25.950439],[-80.205443,25.94981]]]},"properties":{"geoid":"12086009602","state_fips":"12","county_fips":"12086","tract":"009602","county":"Miami-Dade","median_household_income":38817,"moe":23292,"population":3434,"school_age_population":969}},{"type":"Feature","geometry":{"type":"Polygon","coordinates":[[[-80.334384,25.7068],[-80.334333,25.705958],[-80.330249,25.7061],[-80.330064,25.702477],[-80.317374,25.703011],[-80.317716,25.710367],[-80.306821,25.710778],[-80.307335,25.733283],[-80.318303,25.732969],[-80.318209,25.724982],[-80.319025,25.722309],[-80.334384,25.7068]]]},"properties":{"geoid":"12086007706","state_fips":"12","county_fips":"12086","tract":"007706","county":"Miami-Dade","median_household_income":137875,"moe":55190,"population":3173,"school_age_population":439}},{"type":"Feature","geometry":{"type":"Polygon","coordinates":[[[-80.335805,25.734901],[-80.33582,25.733092],[-80.327463,25.733291],[-80.327658,25.747622],[-80.335656,25.747633],[-80.335805,25.734901]]]},"properties":{"geoid":"12086007709","state_fips":"12","county_fips":"12086","tract":"007709","county":"Miami-Dade","median_household_income":97083,"moe":58846,"population":2786,"school_age_population":473}},{"type":"Feature","geometry":{"type":"Polygon","coordinates":[[[-80.473041,25.760834],[-80.472721,25.752588],[-80.464691,25.752888],[-80.464895,25.756512],[-80.444814,25.757118],[-80.444342,25.745308],[-80.440305,25.74549],[-80.440988,25.760912],[-80.473041,25.760834]]]},"properties":{"geoid":"12086015102","state_fips":"12","county_fips":"12086","tract":"015102","county":"Miami-Dade","median_household_income":112765,"moe":30517,"population":2813,"school_age_population":594}},{"type":"Feature","geometry":{"type":"Polygon","coordinates":[[[-80.229267,25.965366],[-80.229159,25.960462],[-80.205752,25.959531],[-80.205913,25.965563],[-80.229267,25.965366]]]},"properties":{"geoid":"12086009907","state_fips":"12","county_fips":"12086","tract":"009907","county":"Miami-Dade","median_household_income":114464,"moe":83245,"population":4490,"school_age_population":1411}},{"type":"Feature","geometry":{"type":"Polygon","coordinates":[[[-80.430016,25.611134],[-80.429791,25.600556],[-80.420539,25.610896],[-80.430016,25.611134]]]},"properties":{"geoid":"12086020001","state_fips":"12","county_fips":"12086","tract":"020001","county":"Miami-Dade","median_household_income":77335,"moe":45055,"population":2113,"school_age_population":349}},{"type":"Feature","geometry":{"type":"Polygon","coordinates":[[[-80.416358,25.670796],[-80.415821,25.656355],[-80.407662,25.656536],[-80.407035,25.659774],[-80.407849,25.664334],[-80.411618,25.668603],[-80.41226,25.670931],[-80.416358,25.670796]]]},"properties":{"geoid":"12086018901","state_fips":"12","county_fips":"12086","tract":"018901","county":"Miami-Dade","median_household_income":94148,"moe":19546,"population":2742,"school_age_population":652}},{"type":"Feature","geometry":{"type":"Polygon","coordinates":[[[-80.374067,25.620247],[-80.373694,25.612822],[-80.365477,25.613227],[-80.365533,25.622304],[-80.36271,25.624771],[-80.358971,25.626237],[-80.358002,25.6284],[-80.370523,25.627866],[-80.371273,25.624507],[-80.370121,25.622343],[-80.370039,25.620422],[-80.374067,25.620247]]]},"properties":{"geoid":"12086008315","state_fips":"12","county_fips":"12086","tract":"008315","county":"Miami-Dade","median_household_income":95567,"moe":14660,"population":4904,"school_age_population":894}},{"type":"Feature","geometry":{"type":"Polygon","coordinates":[[[-80.41226,25.670931],[-80.411618,25.668603],[-80.407523,25.663653],[-80.407039,25.659091],[-80.407662,25.656536],[-80.399573,25.656836],[-80.400247,25.671325],[-80.41226,25.670931]]]},"properties":{"geoid":"12086018902","state_fips":"12","county_fips":"12086","tract":"018902","county":"Miami-Dade","median_household_income":99167,"moe":44522,"population":3253,"school_age_population":793}},{"type":"Feature","geometry":{"type":"Polygon","coordinates":[[[-80.424471,25.671705],[-80.424414,25.670572],[-80.416358,25.670796],[-80.416478,25.67777],[-80.420432,25.67815],[-80.421008,25.676114],[-80.423922,25.673343],[-80.424471,25.671705]]]},"properties":{"geoid":"12086018803","state_fips":"12","county_fips":"12086","tract":"018803","county":"Miami-Dade","median_household_income":80313,"moe":40017,"population":3548,"school_age_population":995}},{"type":"Feature","geometry":{"type":"Polygon","coordinates":[[[-80.432773,25.677516],[-80.43257,25.670249],[-80.424414,25.670572],[-80.424173,25.672905],[-80.421369,25.675592],[-80.420432,25.67815],[-80.42413,25.679301],[-80.42836,25.677197],[-80.432773,25.677516]]]},"properties":{"geoid":"12086018601","state_fips":"12","county_fips":"12086","tract":"018601","county":"Miami-Dade","median_household_income":71818,"moe":45784,"population":4218,"school_age_population":1244}},{"type":"Feature","geometry":{"type":"Polygon","coordinates":[[[-80.327656,25.747893],[-80.327463,25.733291],[-80.318303,25.732969],[-80.319355,25.738408],[-80.319777,25.748114],[-80.327656,25.747893]]]},"properties":{"geoid":"12086007708","state_fips":"12","county_fips":"12086","tract":"007708","county":"Miami-Dade","median_household_income":65089,"moe":15946,"population":2383,"school_age_population":250}},{"type":"Feature","geometry":{"type":"Polygon","coordinates":[[[-80.307666,25.748039],[-80.307479,25.739753],[-80.306443,25.739433],[-80.30376,25.736679],[-80.303027,25.736567],[-80.303157,25.739344],[-80.296939,25.739546],[-80.297451,25.748154],[-80.307666,25.748039]]]},"properties":{"geoid":"12086006003","state_fips":"12","county_fips":"12086","tract":"006003","county":"Miami-Dade","median_household_income":152726,"moe":56570,"population":2945,"school_age_population":448}},{"type":"Feature","geometry":{"type":"Polygon","coordinates":[[[-80.323404,25.880279],[-80.323306,25.87704],[-80.315282,25.877026],[-80.315325,25.879798],[-80.31684,25.87978],[-80.317104,25.879099],[-80.320096,25.879308],[-80.320108,25.88024],[-80.323404,25.880279]]]},"properties":{"geoid":"12086009322","state_fips":"12","county_fips":"12086","tract":"009322","county":"Miami-Dade","median_household_income":39283,"moe":17142,"population":4249,"school_age_population":924}},{"type":"Feature","geometry":{"type":"Polygon","coordinates":[[[-80.13376,25.969985],[-80.133685,25.967578],[-80.124178,25.967961],[-80.12356,25.9675],[-80.123309,25.975103],[-80.123874,25.974484],[-80.130411,25.974227],[-80.129515,25.972075],[-80.129709,25.971092],[-80.131793,25.971007],[-80.131759,25.970042],[-80.13376,25.969985]]]},"properties":{"geoid":"12086000146","state_fips":"12","county_fips":"12086","tract":"000146","county":"Miami-Dade","median_household_income":101546,"moe":10648,"population":4604,"school_age_population":1214}},{"type":"Feature","geometry":{"type":"Polygon","coordinates":[[[-80.344405,25.769331],[-80.344162,25.761843],[-80.336173,25.76199],[-80.336426,25.769605],[-80.344405,25.769331]]]},"properties":{"geoid":"12086009053","state_fips":"12","county_fips":"12086","tract":"009053","county":"Miami-Dade","median_household_income":86760,"moe":24657,"population":5160,"school_age_population":1075}},{"type":"Feature","geometry":{"type":"Polygon","coordinates":[[[-80.314876,25.866591],[-80.314755,25.862515],[-80.306733,25.862506],[-80.306846,25.866607],[-80.314876,25.866591]]]},"properties":{"geoid":"12086000713","state_fips":"12","county_fips":"12086","tract":"000713","county":"Miami-Dade","median_household_income":17450,"moe":11497,"population":3036,"school_age_population":311}},{"type":"Feature","geometry":{"type":"Polygon","coordinates":[[[-80.367773,25.73317],[-80.367778,25.732308],[-80.351736,25.732711],[-80.351695,25.739959],[-80.367718,25.739572],[-80.367773,25.73317]]]},"properties":{"geoid":"12086008808","state_fips":"12","county_fips":"12086","tract":"008808","county":"Miami-Dade","median_household_income":72851,"moe":6940,"population":2902,"school_age_population":437}},{"type":"Feature","geometry":{"type":"Polygon","coordinates":[[[-80.19032,25.775222],[-80.190035,25.769927],[-80.186569,25.769677],[-80.187429,25.770977],[-80.187379,25.77529],[-80.19032,25.775222]]]},"properties":{"geoid":"12086003703","state_fips":"12","county_fips":"12086","tract":"003703","county":"Miami-Dade","median_household_income":135074,"moe":29263,"population":2982,"school_age_population":173}},{"type":"Feature","geometry":{"type":"Polygon","coordinates":[[[-80.260245,25.867454],[-80.259614,25.845478],[-80.241746,25.84605],[-80.241996,25.853434],[-80.256334,25.852986],[-80.256591,25.860198],[-80.257604,25.860202],[-80.259623,25.867466],[-80.260245,25.867454]]]},"properties":{"geoid":"12086000904","state_fips":"12","county_fips":"12086","tract":"000904","county":"Miami-Dade","median_household_income":50250,"moe":12466,"population":2491,"school_age_population":490}},{"type":"Feature","geometry":{"type":"Polygon","coordinates":[[[-80.322901,25.869593],[-80.322584,25.855839],[-80.321125,25.855021],[-80.314541,25.855275],[-80.314937,25.869592],[-80.322901,25.869593]]]},"properties":{"geoid":"12086000705","state_fips":"12","county_fips":"12086","tract":"000705","county":"Miami-Dade","median_household_income":51003,"moe":8011,"population":4636,"school_age_population":835}},{"type":"Feature","geometry":{"type":"Polygon","coordinates":[[[-80.165589,25.973825],[-80.165638,25.963995],[-80.162037,25.963062],[-80.147497,25.963578],[-80.147864,25.974408],[-80.165589,25.973825]]]},"properties":{"geoid":"12086009703","state_fips":"12","county_fips":"12086","tract":"009703","county":"Miami-Dade","median_household_income":123920,"moe":22071,"population":3115,"school_age_population":1043}},{"type":"Feature","geometry":{"type":"Polygon","coordinates":[[[-80.242243,25.86072],[-80.241746,25.84605],[-80.225399,25.846541],[-80.225649,25.853929],[-80.233839,25.853677],[-80.23409,25.860941],[-80.242243,25.86072]]]},"properties":{"geoid":"12086001003","state_fips":"12","county_fips":"12086","tract":"001003","county":"Miami-Dade","median_household_income":69375,"moe":36474,"population":6116,"school_age_population":1224}},{"type":"Feature","geometry":{"type":"Polygon","coordinates":[[[-80.160935,25.842783],[-80.160061,25.826914],[-80.13565,25.827774],[-80.131711,25.823792],[-80.126923,25.823041],[-80.125362,25.82615],[-80.122567,25.826274],[-80.121965,25.845578],[-80.123367,25.851573],[-80.132567,25.849973],[-80.143168,25.843374],[-80.160935,25.842783]]]},"properties":{"geoid":"12086003906","state_fips":"12","county_fips":"12086","tract":"003906","county":"Miami-Dade","median_household_income":191786,"moe":25215,"population":2385,"school_age_population":611}},{"type":"Feature","geometry":{"type":"Polygon","coordinates":[[[-80.349112,25.774056],[-80.346604,25.772721],[-80.342823,25.773631],[-80.341018,25.773305],[-80.340353,25.774523],[-80.3404,25.777693],[-80.336706,25.778168],[-80.336672,25.780024],[-80.344775,25.780037],[-80.344782,25.778597],[-80.346354,25.778596],[-80.347379,25.775221],[-80.349112,25.774056]]]},"properties":{"geoid":"12086009027","state_fips":"12","county_fips":"12086","tract":"009027","county":"Miami-Dade","median_household_income":52857,"moe":14508,"population":3779,"school_age_population":491}},{"type":"Feature","geometry":{"type":"Polygon","coordinates":[[[-80.317716,25.710367],[-80.317079,25.69235],[-80.306602,25.692005],[-80.306051,25.696199],[-80.306492,25.696184],[-80.306821,25.710778],[-80.317716,25.710367]]]},"properties":{"geoid":"12086007704","state_fips":"12","county_fips":"12086","tract":"007704","county":"Miami-Dade","median_household_income":62096,"moe":9279,"population":5811,"school_age_population":1343}},{"type":"Feature","geometry":{"type":"Polygon","coordinates":[[[-80.322783,25.668274],[-80.323627,25.666401],[-80.302379,25.666998],[-80.303035,25.689009],[-80.30836,25.688869],[-80.312747,25.684929],[-80.318233,25.677617],[-80.322783,25.668274]]]},"properties":{"geoid":"12086007807","state_fips":"12","county_fips":"12086","tract":"007807","county":"Miami-Dade","median_household_income":180000,"moe":51686,"population":4965,"school_age_population":1531}},{"type":"Feature","geometry":{"type":"Polygon","coordinates":[[[-80.307335,25.733283],[-80.30666,25.703484],[-80.30141,25.703757],[-80.302878,25.733403],[-80.307335,25.733283]]]},"properties":{"geoid":"12086007605","state_fips":"12","county_fips":"12086","tract":"007605","county":"Miami-Dade","median_household_income":73992,"moe":8439,"population":3178,"school_age_population":567}},{"type":"Feature","geometry":{"type":"Polygon","coordinates":[[[-80.188948,25.782946],[-80.188816,25.782276],[-80.185291,25.782216],[-80.18521,25.77983],[-80.186258,25.779659],[-80.186096,25.777807],[-80.184803,25.777334],[-80.18368,25.779137],[-80.1833,25.778763],[-80.185061,25.775374],[-80.184991,25.771656],[-80.187312,25.770798],[-80.186569,25.769677],[-80.173469,25.769776],[-80.162312,25.76435],[-80.154968,25.764277],[-80.150168,25.765077],[-80.139157,25.76545],[-80.13908,25.766187],[-80.16905,25.779209],[-80.166154,25.788887],[-80.179085,25.78889],[-80.179887,25.789913],[-80.185403,25.789672],[-80.185311,25.783134],[-80.188948,25.782946]]]},"properties":{"geoid":"12086981000","state_fips":"12","county_fips":"12086","tract":"981000","county":"Miami-Dade","median_household_income":null,"moe":null,"population":0,"school_age_population":0}},{"type":"Feature","geometry":{"type":"Polygon","coordinates":[[[-80.339492,25.86636],[-80.322561,25.853659],[-80.322849,25.866634],[-80.325776,25.867205],[-80.329715,25.86921],[-80.336063,25.869312],[-80.339023,25.868243],[-80.339492,25.86636]]]},"properties":{"geoid":"12086013700","state_fips":"12","county_fips":"12086","tract":"013700","county":"Miami-Dade","median_household_income":41772,"moe":8645,"population":6220,"school_age_population":1228}},{"type":"Feature","geometry":{"type":"Polygon","coordinates":[[[-80.33135,25.877029],[-80.33101,25.869297],[-80.322849,25.866634],[-80.323306,25.87704],[-80.33135,25.877029]]]},"properties":{"geoid":"12086013600","state_fips":"12","county_fips":"12086","tract":"013600","county":"Miami-Dade","median_household_income":52900,"moe":18181,"population":5710,"school_age_population":1056}},{"type":"Feature","geometry":{"type":"Polygon","coordinates":[[[-80.238238,25.727174],[-80.237547,25.726078],[-80.238165,25.723689],[-80.237977,25.718757],[-80.205733,25.737912],[-80.199741,25.740039],[-80.187394,25.73873],[-80.182475,25.73721],[-80.179016,25.74648],[-80.189363,25.746374],[-80.190318,25.745623],[-80.197279,25.745536],[-80.200403,25.746382],[-80.203968,25.750403],[-80.208769,25.750198],[-80.211935,25.749319],[-80.22987,25.742849],[-80.229661,25.736034],[-80.227737,25.733584],[-80.229592,25.734015],[-80.230047,25.733126],[-80.229643,25.732588],[-80.23058,25.732762],[-80.230299,25.73231],[-80.231382,25.732098],[-80.230954,25.731856],[-80.231445,25.731544],[-80.233075,25.731709],[-80.233358,25.729719],[-80.23274,25.729021],[-80.23387,25.728599],[-80.233015,25.727788],[-80.233502,25.727161],[-80.234352,25.727428],[-80.235794,25.726044],[-80.237163,25.727498],[-80.238238,25.727174]]]},"properties":{"geoid":"12086006802","state_fips":"12","county_fips":"12086","tract":"006802","county":"Miami-Dade","median_household_income":176188,"moe":32115,"population":3450,"school_age_population":669}},{"type":"Feature","geometry":{"type":"Polygon","coordinates":[[[-80.140877,25.779271],[-80.140588,25.774101],[-80.139213,25.772076],[-80.135983,25.772374],[-80.136208,25.779393],[-80.140877,25.779271]]]},"properties":{"geoid":"12086004405","state_fips":"12","county_fips":"12086","tract":"004405","county":"Miami-Dade","median_household_income":48292,"moe":7688,"population":3514,"school_age_population":478}},{"type":"Feature","geometry":{"type":"Polygon","coordinates":[[[-80.136551,25.790555],[-80.136463,25.787458],[-80.131768,25.787568],[-80.131752,25.786934],[-80.1275,25.786255],[-80.123867,25.786676],[-80.123035,25.790184],[-80.128767,25.79075],[-80.136551,25.790555]]]},"properties":{"geoid":"12086004205","state_fips":"12","county_fips":"12086","tract":"004205","county":"Miami-Dade","median_household_income":59028,"moe":35824,"population":1854,"school_age_population":80}},{"type":"Feature","geometry":{"type":"Polygon","coordinates":[[[-80.136695,25.795888],[-80.136551,25.790555],[-80.128767,25.79075],[-80.123035,25.790184],[-80.121655,25.796002],[-80.130224,25.799409],[-80.136695,25.795888]]]},"properties":{"geoid":"12086004206","state_fips":"12","county_fips":"12086","tract":"004206","county":"Miami-Dade","median_household_income":64896,"moe":32911,"population":1940,"school_age_population":301}},{"type":"Feature","geometry":{"type":"Polygon","coordinates":[[[-80.252665,25.926003],[-80.252233,25.915171],[-80.244309,25.915448],[-80.244602,25.926441],[-80.252665,25.926003]]]},"properties":{"geoid":"12086000506","state_fips":"12","county_fips":"12086","tract":"000506","county":"Miami-Dade","median_household_income":49264,"moe":11192,"population":2492,"school_age_population":490}},{"type":"Feature","geometry":{"type":"Polygon","coordinates":[[[-80.253912,25.953036],[-80.253668,25.947885],[-80.245659,25.948172],[-80.246512,25.961126],[-80.247697,25.961147],[-80.248501,25.960306],[-80.248317,25.955367],[-80.249417,25.955361],[-80.250728,25.953322],[-80.253912,25.953036]]]},"properties":{"geoid":"12086010023","state_fips":"12","county_fips":"12086","tract":"010023","county":"Miami-Dade","median_household_income":37407,"moe":13524,"population":1944,"school_age_population":374}},{"type":"Feature","geometry":{"type":"Polygon","coordinates":[[[-80.342859,25.954835],[-80.342635,25.94959],[-80.334647,25.949616],[-80.334905,25.955991],[-80.333286,25.956001],[-80.333248,25.957097],[-80.340043,25.957117],[-80.342859,25.954835]]]},"properties":{"geoid":"12086012301","state_fips":"12","county_fips":"12086","tract":"012301","county":"Miami-Dade","median_household_income":70675,"moe":13371,"population":2446,"school_age_population":471}},{"type":"Feature","geometry":{"type":"Polygon","coordinates":[[[-80.350719,25.942207],[-80.350064,25.927917],[-80.341605,25.927926],[-80.342308,25.942285],[-80.350719,25.942207]]]},"properties":{"geoid":"12086012402","state_fips":"12","county_fips":"12086","tract":"012402","county":"Miami-Dade","median_household_income":130625,"moe":32086,"population":3293,"school_age_population":767}},{"type":"Feature","geometry":{"type":"Polygon","coordinates":[[[-80.450206,25.664169],[-80.450122,25.662331],[-80.448626,25.661654],[-80.448306,25.654885],[-80.43203,25.655488],[-80.432123,25.659186],[-80.435741,25.659176],[-80.440145,25.662902],[-80.445587,25.662488],[-80.450206,25.664169]]]},"properties":{"geoid":"12086010193","state_fips":"12","county_fips":"12086","tract":"010193","county":"Miami-Dade","median_household_income":114250,"moe":24551,"population":4913,"school_age_population":1033}},{"type":"Feature","geometry":{"type":"Polygon","coordinates":[[[-80.385987,25.775307],[-80.385716,25.768151],[-80.381025,25.768282],[-80.381576,25.775411],[-80.385987,25.775307]]]},"properties":{"geoid":"12086009063","state_fips":"12","county_fips":"12086","tract":"009063","county":"Miami-Dade","median_household_income":46314,"moe":12186,"population":2686,"school_age_population":483}},{"type":"Feature","geometry":{"type":"Polygon","coordinates":[[[-80.334333,25.705958],[-80.33367,25.691782],[-80.317079,25.69235],[-80.317374,25.703011],[-80.330064,25.702477],[-80.330249,25.7061],[-80.334333,25.705958]]]},"properties":{"geoid":"12086007705","state_fips":"12","county_fips":"12086","tract":"007705","county":"Miami-Dade","median_household_income":71597,"moe":18416,"population":5454,"school_age_population":855}},{"type":"Feature","geometry":{"type":"Polygon","coordinates":[[[-80.246154,25.743631],[-80.245915,25.736973],[-80.237842,25.739931],[-80.237979,25.743412],[-80.246154,25.743631]]]},"properties":{"geoid":"12086007005","state_fips":"12","county_fips":"12086","tract":"007005","county":"Miami-Dade","median_household_income":59031,"moe":22248,"population":1787,"school_age_population":133}},{"type":"Feature","geometry":{"type":"Polygon","coordinates":[[[-80.214554,25.769598],[-80.214451,25.765883],[-80.207436,25.765989],[-80.207595,25.769847],[-80.214554,25.769598]]]},"properties":{"geoid":"12086005306","state_fips":"12","county_fips":"12086","tract":"005306","county":"Miami-Dade","median_household_income":28611,"moe":15662,"population":4433,"school_age_population":506}},{"type":"Feature","geometry":{"type":"Polygon","coordinates":[[[-80.138499,25.952443],[-80.1385,25.951651],[-80.136595,25.951684],[-80.136559,25.950674],[-80.134926,25.95073],[-80.135384,25.951749],[-80.134539,25.952059],[-80.133955,25.950766],[-80.133079,25.950794],[-80.132521,25.952347],[-80.127439,25.95227],[-80.126234,25.954245],[-80.131839,25.955246],[-80.138484,25.953605],[-80.138499,25.952443]]]},"properties":{"geoid":"12086000142","state_fips":"12","county_fips":"12086","tract":"000142","county":"Miami-Dade","median_household_income":84196,"moe":19517,"population":5020,"school_age_population":819}},{"type":"Feature","geometry":{"type":"Polygon","coordinates":[[[-80.273637,25.734353],[-80.272239,25.731455],[-80.271406,25.726991],[-80.272595,25.722261],[-80.270888,25.719387],[-80.255865,25.731289],[-80.255873,25.732221],[-80.257918,25.73218],[-80.25803,25.734922],[-80.273637,25.734353]]]},"properties":{"geoid":"12086007403","state_fips":"12","county_fips":"12086","tract":"007403","county":"Miami-Dade","median_household_income":119817,"moe":25604,"population":3179,"school_age_population":324}},{"type":"Feature","geometry":{"type":"Polygon","coordinates":[[[-80.19512,25.76154],[-80.195081,25.759304],[-80.192879,25.758009],[-80.19188,25.761675],[-80.19512,25.76154]]]},"properties":{"geoid":"12086006716","state_fips":"12","county_fips":"12086","tract":"006716","county":"Miami-Dade","median_household_income":53000,"moe":49335,"population":744,"school_age_population":21}},{"type":"Feature","geometry":{"type":"Polygon","coordinates":[[[-80.44731,25.638281],[-80.446694,25.628113],[-80.438947,25.627827],[-80.439157,25.632959],[-80.440885,25.632892],[-80.441079,25.638441],[-80.44731,25.638281]]]},"properties":{"geoid":"12086010198","state_fips":"12","county_fips":"12086","tract":"010198","county":"Miami-Dade","median_household_income":144140,"moe":7215,"population":4068,"school_age_population":1215}},{"type":"Feature","geometry":{"type":"Polygon","coordinates":[[[-80.130224,25.799409],[-80.121655,25.796002],[-80.119285,25.803595],[-80.123853,25.804383],[-80.124288,25.803265],[-80.126938,25.803938],[-80.124675,25.808064],[-80.124188,25.813315],[-80.126463,25.813696],[-80.126995,25.812699],[-80.128054,25.80457],[-80.129213,25.803656],[-80.130224,25.799409]]]},"properties":{"geoid":"12086004105","state_fips":"12","county_fips":"12086","tract":"004105","county":"Miami-Dade","median_household_income":null,"moe":null,"population":2467,"school_age_population":130}},{"type":"Feature","geometry":{"type":"Polygon","coordinates":[[[-80.16138,25.855786],[-80.161107,25.848432],[-80.160214,25.848443],[-80.159848,25.843894],[-80.156838,25.844111],[-80.156992,25.848554],[-80.155485,25.848593],[-80.155547,25.850455],[-80.154325,25.850489],[-80.154277,25.849321],[-80.147862,25.849573],[-80.145833,25.848732],[-80.14508,25.84926],[-80.153368,25.856073],[-80.16138,25.855786]]]},"properties":{"geoid":"12086003918","state_fips":"12","county_fips":"12086","tract":"003918","county":"Miami-Dade","median_household_income":87500,"moe":27741,"population":2735,"school_age_population":368}},{"type":"Feature","geometry":{"type":"Polygon","coordinates":[[[-80.161107,25.848432],[-80.160935,25.842783],[-80.143168,25.843374],[-80.143452,25.847583],[-80.14508,25.84926],[-80.145833,25.848732],[-80.147862,25.849573],[-80.154277,25.849321],[-80.154325,25.850489],[-80.155547,25.850455],[-80.155485,25.848593],[-80.156992,25.848554],[-80.157086,25.843964],[-80.159989,25.843999],[-80.160214,25.848443],[-80.161107,25.848432]]]},"properties":{"geoid":"12086003917","state_fips":"12","county_fips":"12086","tract":"003917","county":"Miami-Dade","median_household_income":74241,"moe":22552,"population":5269,"school_age_population":660}},{"type":"Feature","geometry":{"type":"Polygon","coordinates":[[[-80.343434,25.623849],[-80.341842,25.623166],[-80.341002,25.621519],[-80.339592,25.621415],[-80.333839,25.618],[-80.331886,25.617933],[-80.328595,25.615232],[-80.327659,25.60959],[-80.327082,25.608938],[-80.318275,25.609401],[-80.318243,25.611042],[-80.317391,25.6113],[-80.317533,25.614781],[-80.324535,25.614588],[-80.324881,25.620103],[-80.32695,25.620054],[-80.327469,25.629277],[-80.341094,25.628907],[-80.343434,25.623849]]]},"properties":{"geoid":"12086008202","state_fips":"12","county_fips":"12086","tract":"008202","county":"Miami-Dade","median_household_income":160809,"moe":33073,"population":4496,"school_age_population":1163}},{"type":"Feature","geometry":{"type":"Polygon","coordinates":[[[-80.32096,25.760355],[-80.320053,25.755267],[-80.303716,25.755804],[-80.303901,25.763099],[-80.320598,25.762415],[-80.32096,25.760355]]]},"properties":{"geoid":"12086005902","state_fips":"12","county_fips":"12086","tract":"005902","county":"Miami-Dade","median_household_income":61208,"moe":26315,"population":3211,"school_age_population":485}},{"type":"Feature","geometry":{"type":"Polygon","coordinates":[[[-80.354181,25.598591],[-80.355343,25.596089],[-80.348102,25.596058],[-80.348118,25.598781],[-80.332067,25.599178],[-80.332264,25.604526],[-80.340359,25.604358],[-80.341194,25.6196],[-80.340715,25.619883],[-80.340792,25.621489],[-80.341842,25.623166],[-80.343465,25.623782],[-80.34676,25.614879],[-80.354181,25.598591]]]},"properties":{"geoid":"12086008208","state_fips":"12","county_fips":"12086","tract":"008208","county":"Miami-Dade","median_household_income":87096,"moe":12503,"population":4660,"school_age_population":970}},{"type":"Feature","geometry":{"type":"Polygon","coordinates":[[[-80.284856,25.689672],[-80.28393,25.663668],[-80.282964,25.663677],[-80.281134,25.6642],[-80.279844,25.66568],[-80.27734,25.675921],[-80.273324,25.681059],[-80.272434,25.685259],[-80.270628,25.687804],[-80.269925,25.69015],[-80.284856,25.689672]]]},"properties":{"geoid":"12086007801","state_fips":"12","county_fips":"12086","tract":"007801","county":"Miami-Dade","median_household_income":250001,"moe":null,"population":599,"school_age_population":137}},{"type":"Feature","geometry":{"type":"Polygon","coordinates":[[[-80.415681,25.72921],[-80.415105,25.714388],[-80.407042,25.714653],[-80.4076,25.72945],[-80.415681,25.72921]]]},"properties":{"geoid":"12086015900","state_fips":"12","county_fips":"12086","tract":"015900","county":"Miami-Dade","median_household_income":92989,"moe":38144,"population":3198,"school_age_population":434}},{"type":"Feature","geometry":{"type":"Polygon","coordinates":[[[-80.42548,25.706681],[-80.425024,25.70506],[-80.423393,25.704405],[-80.419877,25.705969],[-80.414739,25.705175],[-80.414909,25.709712],[-80.418311,25.708997],[-80.421029,25.709604],[-80.424618,25.707922],[-80.42548,25.706681]]]},"properties":{"geoid":"12086016900","state_fips":"12","county_fips":"12086","tract":"016900","county":"Miami-Dade","median_household_income":67261,"moe":16324,"population":4615,"school_age_population":791}},{"type":"Feature","geometry":{"type":"Polygon","coordinates":[[[-80.26409,25.7851],[-80.264004,25.778715],[-80.255714,25.778936],[-80.255886,25.786046],[-80.261216,25.785897],[-80.26409,25.7851]]]},"properties":{"geoid":"12086490100","state_fips":"12","county_fips":"12086","tract":"490100","county":"Miami-Dade","median_household_income":60250,"moe":26325,"population":1244,"school_age_population":143}},{"type":"Feature","geometry":{"type":"Polygon","coordinates":[[[-80.274254,25.783561],[-80.269647,25.783159],[-80.269538,25.778713],[-80.264004,25.778715],[-80.26409,25.7851],[-80.261216,25.785897],[-80.255886,25.786046],[-80.256168,25.7944],[-80.262506,25.793948],[-80.265106,25.793192],[-80.274254,25.783561]]]},"properties":{"geoid":"12086004901","state_fips":"12","county_fips":"12086","tract":"004901","county":"Miami-Dade","median_household_income":58807,"moe":16295,"population":3578,"school_age_population":444}},{"type":"Feature","geometry":{"type":"Polygon","coordinates":[[[-80.444166,25.672734],[-80.443871,25.669894],[-80.43257,25.670249],[-80.433079,25.684846],[-80.441127,25.684607],[-80.441025,25.675866],[-80.443203,25.674913],[-80.444166,25.672734]]]},"properties":{"geoid":"12086018100","state_fips":"12","county_fips":"12086","tract":"018100","county":"Miami-Dade","median_household_income":54910,"moe":7924,"population":4655,"school_age_population":730}},{"type":"Feature","geometry":{"type":"Polygon","coordinates":[[[-80.441164,25.684921],[-80.429937,25.68497],[-80.430195,25.692125],[-80.4391,25.69243],[-80.441164,25.684921]]]},"properties":{"geoid":"12086017600","state_fips":"12","county_fips":"12086","tract":"017600","county":"Miami-Dade","median_household_income":58870,"moe":10842,"population":6627,"school_age_population":1024}},{"type":"Feature","geometry":{"type":"Polygon","coordinates":[[[-80.438981,25.692822],[-80.4391,25.69243],[-80.437304,25.69205],[-80.430195,25.692125],[-80.430489,25.699445],[-80.438563,25.699148],[-80.438407,25.695312],[-80.438981,25.692822]]]},"properties":{"geoid":"12086017500","state_fips":"12","county_fips":"12086","tract":"017500","county":"Miami-Dade","median_household_income":50000,"moe":14493,"population":3677,"school_age_population":742}},{"type":"Feature","geometry":{"type":"Polygon","coordinates":[[[-80.446537,25.698879],[-80.446297,25.692442],[-80.4391,25.69243],[-80.438407,25.695312],[-80.438563,25.699148],[-80.446537,25.698879]]]},"properties":{"geoid":"12086017800","state_fips":"12","county_fips":"12086","tract":"017800","county":"Miami-Dade","median_household_income":60377,"moe":11525,"population":5999,"school_age_population":1233}},{"type":"Feature","geometry":{"type":"Polygon","coordinates":[[[-80.262269,25.961758],[-80.261705,25.947598],[-80.253668,25.947885],[-80.253912,25.953036],[-80.250728,25.953322],[-80.249417,25.955361],[-80.248317,25.955367],[-80.248501,25.960306],[-80.247697,25.961147],[-80.262269,25.961758]]]},"properties":{"geoid":"12086010012","state_fips":"12","county_fips":"12086","tract":"010012","county":"Miami-Dade","median_household_income":84943,"moe":20326,"population":6393,"school_age_population":1125}},{"type":"Feature","geometry":{"type":"Polygon","coordinates":[[[-80.294283,25.94658],[-80.293856,25.939286],[-80.277447,25.939688],[-80.277792,25.946962],[-80.294283,25.94658]]]},"properties":{"geoid":"12086010013","state_fips":"12","county_fips":"12086","tract":"010013","county":"Miami-Dade","median_household_income":64455,"moe":13924,"population":4029,"school_age_population":1134}},{"type":"Feature","geometry":{"type":"Polygon","coordinates":[[[-80.294604,25.95346],[-80.294283,25.94658],[-80.277792,25.946962],[-80.278209,25.954172],[-80.294604,25.95346]]]},"properties":{"geoid":"12086010016","state_fips":"12","county_fips":"12086","tract":"010016","county":"Miami-Dade","median_household_income":72471,"moe":7230,"population":4349,"school_age_population":767}},{"type":"Feature","geometry":{"type":"Polygon","coordinates":[[[-80.295072,25.963555],[-80.294604,25.95346],[-80.278209,25.954172],[-80.278266,25.964572],[-80.294982,25.964229],[-80.295072,25.963555]]]},"properties":{"geoid":"12086010015","state_fips":"12","county_fips":"12086","tract":"010015","county":"Miami-Dade","median_household_income":53690,"moe":7920,"population":3178,"school_age_population":669}},{"type":"Feature","geometry":{"type":"Polygon","coordinates":[[[-80.43257,25.670249],[-80.43203,25.655488],[-80.423849,25.655876],[-80.424414,25.670572],[-80.43257,25.670249]]]},"properties":{"geoid":"12086018700","state_fips":"12","county_fips":"12086","tract":"018700","county":"Miami-Dade","median_household_income":97813,"moe":20289,"population":4188,"school_age_population":756}},{"type":"Feature","geometry":{"type":"Polygon","coordinates":[[[-80.418187,25.479862],[-80.418169,25.477691],[-80.411982,25.477806],[-80.41233,25.499582],[-80.417249,25.499523],[-80.418182,25.494081],[-80.416478,25.492527],[-80.416287,25.484031],[-80.418187,25.479862]]]},"properties":{"geoid":"12086011008","state_fips":"12","county_fips":"12086","tract":"011008","county":"Miami-Dade","median_household_income":78164,"moe":21206,"population":4940,"school_age_population":1705}},{"type":"Feature","geometry":{"type":"Polygon","coordinates":[[[-80.439348,25.477495],[-80.418169,25.477691],[-80.418163,25.480081],[-80.416287,25.484031],[-80.41678,25.49319],[-80.418182,25.494081],[-80.419911,25.491631],[-80.428441,25.484302],[-80.439348,25.477495]]]},"properties":{"geoid":"12086011009","state_fips":"12","county_fips":"12086","tract":"011009","county":"Miami-Dade","median_household_income":76762,"moe":16769,"population":7273,"school_age_population":1921}},{"type":"Feature","geometry":{"type":"Polygon","coordinates":[[[-80.223877,25.809529],[-80.223561,25.802147],[-80.21137,25.80251],[-80.211506,25.806226],[-80.213076,25.806177],[-80.213183,25.809926],[-80.223877,25.809529]]]},"properties":{"geoid":"12086002501","state_fips":"12","county_fips":"12086","tract":"002501","county":"Miami-Dade","median_household_income":32336,"moe":5575,"population":5792,"school_age_population":1038}},{"type":"Feature","geometry":{"type":"Polygon","coordinates":[[[-80.136235,25.780629],[-80.135983,25.772374],[-80.133514,25.772223],[-80.131695,25.780561],[-80.136235,25.780629]]]},"properties":{"geoid":"12086004403","state_fips":"12","county_fips":"12086","tract":"004403","county":"Miami-Dade","median_household_income":50453,"moe":7374,"population":2634,"school_age_population":315}},{"type":"Feature","geometry":{"type":"Polygon","coordinates":[[[-80.444743,25.719683],[-80.443034,25.718697],[-80.443266,25.717102],[-80.444856,25.716131],[-80.442594,25.715314],[-80.438761,25.718097],[-80.435444,25.718795],[-80.434798,25.719851],[-80.435257,25.7212],[-80.431339,25.721194],[-80.431662,25.728577],[-80.439695,25.728287],[-80.439435,25.726371],[-80.442514,25.725477],[-80.443081,25.723892],[-80.442468,25.722308],[-80.444583,25.721029],[-80.444743,25.719683]]]},"properties":{"geoid":"12086016200","state_fips":"12","county_fips":"12086","tract":"016200","county":"Miami-Dade","median_household_income":79848,"moe":18764,"population":3044,"school_age_population":544}},{"type":"Feature","geometry":{"type":"Polygon","coordinates":[[[-80.277792,25.946962],[-80.277447,25.939688],[-80.261378,25.940335],[-80.261705,25.947598],[-80.277792,25.946962]]]},"properties":{"geoid":"12086010010","state_fips":"12","county_fips":"12086","tract":"010010","county":"Miami-Dade","median_household_income":66136,"moe":31287,"population":3674,"school_age_population":628}},{"type":"Feature","geometry":{"type":"Polygon","coordinates":[[[-80.485543,25.471617],[-80.485336,25.455153],[-80.477197,25.455169],[-80.477376,25.471651],[-80.485543,25.471617]]]},"properties":{"geoid":"12086011301","state_fips":"12","county_fips":"12086","tract":"011301","county":"Miami-Dade","median_household_income":22438,"moe":19544,"population":4233,"school_age_population":1083}},{"type":"Feature","geometry":{"type":"Polygon","coordinates":[[[-80.20752,25.767901],[-80.207397,25.765032],[-80.200726,25.765207],[-80.20082,25.768127],[-80.20752,25.767901]]]},"properties":{"geoid":"12086006606","state_fips":"12","county_fips":"12086","tract":"006606","county":"Miami-Dade","median_household_income":37480,"moe":21694,"population":1376,"school_age_population":249}},{"type":"Feature","geometry":{"type":"Polygon","coordinates":[[[-80.44586,25.460727],[-80.443295,25.45662],[-80.44325,25.454427],[-80.444488,25.45293],[-80.444293,25.450602],[-80.437748,25.450504],[-80.432963,25.449167],[-80.430868,25.447833],[-80.32961,25.448477],[-80.330995,25.448729],[-80.330595,25.450641],[-80.333363,25.45181],[-80.334642,25.45366],[-80.336215,25.454504],[-80.336245,25.455375],[-80.33744,25.455767],[-80.336877,25.455829],[-80.337259,25.459089],[-80.338936,25.45924],[-80.337148,25.459427],[-80.336316,25.461032],[-80.335012,25.461428],[-80.335266,25.462679],[-80.334232,25.463293],[-80.444329,25.462542],[-80.44432,25.460776],[-80.44586,25.460727]]]},"properties":{"geoid":"12086011410","state_fips":"12","county_fips":"12086","tract":"011410","county":"Miami-Dade","median_household_income":91557,"moe":7717,"population":4027,"school_age_population":1161}},{"type":"Feature","geometry":{"type":"Polygon","coordinates":[[[-80.323433,25.688371],[-80.32291,25.673801],[-80.320185,25.673866],[-80.314859,25.68249],[-80.316632,25.686147],[-80.316873,25.688518],[-80.323433,25.688371]]]},"properties":{"geoid":"12086007809","state_fips":"12","county_fips":"12086","tract":"007809","county":"Miami-Dade","median_household_income":82850,"moe":13159,"population":3984,"school_age_population":725}},{"type":"Feature","geometry":{"type":"Polygon","coordinates":[[[-80.193715,25.776067],[-80.193542,25.769573],[-80.19247,25.77031],[-80.190035,25.769927],[-80.19032,25.775222],[-80.187379,25.77529],[-80.187522,25.776241],[-80.193715,25.776067]]]},"properties":{"geoid":"12086003704","state_fips":"12","county_fips":"12086","tract":"003704","county":"Miami-Dade","median_household_income":61311,"moe":18200,"population":1286,"school_age_population":98}},{"type":"Feature","geometry":{"type":"Polygon","coordinates":[[[-80.222295,25.757905],[-80.221985,25.750865],[-80.214167,25.751283],[-80.21424,25.757774],[-80.222295,25.757905]]]},"properties":{"geoid":"12086006504","state_fips":"12","county_fips":"12086","tract":"006504","county":"Miami-Dade","median_household_income":89459,"moe":15477,"population":1967,"school_age_population":288}},{"type":"Feature","geometry":{"type":"Polygon","coordinates":[[[-80.303901,25.763099],[-80.303716,25.755804],[-80.287573,25.756292],[-80.287852,25.763563],[-80.303901,25.763099]]]},"properties":{"geoid":"12086005901","state_fips":"12","county_fips":"12086","tract":"005901","county":"Miami-Dade","median_household_income":58095,"moe":17321,"population":4885,"school_age_population":886}},{"type":"Feature","geometry":{"type":"Polygon","coordinates":[[[-80.351095,25.665627],[-80.350344,25.643435],[-80.341071,25.643606],[-80.341271,25.64435],[-80.340197,25.64428],[-80.335326,25.641267],[-80.323627,25.666401],[-80.351095,25.665627]]]},"properties":{"geoid":"12086008409","state_fips":"12","county_fips":"12086","tract":"008409","county":"Miami-Dade","median_household_income":88750,"moe":40987,"population":5063,"school_age_population":1074}},{"type":"Feature","geometry":{"type":"Polygon","coordinates":[[[-80.389014,25.59733],[-80.38894,25.580896],[-80.380495,25.580884],[-80.380917,25.59759],[-80.389014,25.59733]]]},"properties":{"geoid":"12086010205","state_fips":"12","county_fips":"12086","tract":"010205","county":"Miami-Dade","median_household_income":63295,"moe":14035,"population":4637,"school_age_population":741}},{"type":"Feature","geometry":{"type":"Polygon","coordinates":[[[-80.210545,25.929945],[-80.208041,25.927499],[-80.206423,25.927257],[-80.203603,25.927983],[-80.188268,25.928587],[-80.188792,25.941449],[-80.192842,25.941471],[-80.195144,25.942883],[-80.20519,25.942555],[-80.204977,25.934526],[-80.210545,25.929945]]]},"properties":{"geoid":"12086000204","state_fips":"12","county_fips":"12086","tract":"000204","county":"Miami-Dade","median_household_income":55859,"moe":15662,"population":3776,"school_age_population":845}},{"type":"Feature","geometry":{"type":"Polygon","coordinates":[[[-80.229111,25.776186],[-80.229,25.772629],[-80.222861,25.773095],[-80.222519,25.77996],[-80.22809,25.779757],[-80.227967,25.776229],[-80.229111,25.776186]]]},"properties":{"geoid":"12086005406","state_fips":"12","county_fips":"12086","tract":"005406","county":"Miami-Dade","median_household_income":43020,"moe":7596,"population":3736,"school_age_population":674}},{"type":"Feature","geometry":{"type":"Polygon","coordinates":[[[-80.222658,25.769376],[-80.222498,25.765604],[-80.214451,25.765883],[-80.214554,25.769598],[-80.222658,25.769376]]]},"properties":{"geoid":"12086005304","state_fips":"12","county_fips":"12086","tract":"005304","county":"Miami-Dade","median_household_income":35841,"moe":7159,"population":4052,"school_age_population":608}},{"type":"Feature","geometry":{"type":"Polygon","coordinates":[[[-80.195955,25.774082],[-80.195641,25.768781],[-80.193542,25.769573],[-80.193623,25.774134],[-80.195955,25.774082]]]},"properties":{"geoid":"12086003705","state_fips":"12","county_fips":"12086","tract":"003705","county":"Miami-Dade","median_household_income":108906,"moe":73141,"population":1796,"school_age_population":116}},{"type":"Feature","geometry":{"type":"Polygon","coordinates":[[[-80.159293,25.864873],[-80.160958,25.861204],[-80.133738,25.86157],[-80.131,25.861336],[-80.128788,25.859228],[-80.128026,25.861928],[-80.124031,25.86684],[-80.124431,25.872467],[-80.145771,25.871651],[-80.156701,25.870587],[-80.159293,25.864873]]]},"properties":{"geoid":"12086003912","state_fips":"12","county_fips":"12086","tract":"003912","county":"Miami-Dade","median_household_income":58318,"moe":9844,"population":4470,"school_age_population":896}},{"type":"Feature","geometry":{"type":"Polygon","coordinates":[[[-80.303716,25.755804],[-80.303543,25.748018],[-80.287272,25.748425],[-80.287573,25.756292],[-80.303716,25.755804]]]},"properties":{"geoid":"12086005904","state_fips":"12","county_fips":"12086","tract":"005904","county":"Miami-Dade","median_household_income":60495,"moe":18373,"population":5573,"school_age_population":890}},{"type":"Feature","geometry":{"type":"Polygon","coordinates":[[[-80.318891,25.786243],[-80.318676,25.78523],[-80.317646,25.784588],[-80.308841,25.784815],[-80.308669,25.777264],[-80.30967,25.774432],[-80.309722,25.7715],[-80.290384,25.780627],[-80.287987,25.780852],[-80.281399,25.779512],[-80.277644,25.780111],[-80.269011,25.789546],[-80.264481,25.793504],[-80.244241,25.795341],[-80.261872,25.808468],[-80.298833,25.807493],[-80.303264,25.807157],[-80.305044,25.806419],[-80.306048,25.839091],[-80.309327,25.836845],[-80.309877,25.834039],[-80.308868,25.78875],[-80.316414,25.788635],[-80.318036,25.787862],[-80.318891,25.786243]]]},"properties":{"geoid":"12086980500","state_fips":"12","county_fips":"12086","tract":"980500","county":"Miami-Dade","median_household_income":76125,"moe":15464,"population":514,"school_age_population":75}},{"type":"Feature","geometry":{"type":"Polygon","coordinates":[[[-80.380917,25.59759],[-80.380495,25.580884],[-80.371076,25.581013],[-80.370966,25.583454],[-80.376677,25.583523],[-80.377056,25.588444],[-80.376327,25.588469],[-80.376405,25.592222],[-80.374615,25.592257],[-80.374591,25.59489],[-80.37197,25.595376],[-80.374961,25.597883],[-80.380917,25.59759]]]},"properties":{"geoid":"12086010208","state_fips":"12","county_fips":"12086","tract":"010208","county":"Miami-Dade","median_household_income":56513,"moe":11599,"population":4899,"school_age_population":1144}},{"type":"Feature","geometry":{"type":"Polygon","coordinates":[[[-80.3857,25.61232],[-80.384948,25.597473],[-80.374961,25.597883],[-80.376862,25.600549],[-80.377753,25.603257],[-80.378302,25.612604],[-80.3857,25.61232]]]},"properties":{"geoid":"12086020300","state_fips":"12","county_fips":"12086","tract":"020300","county":"Miami-Dade","median_household_income":82024,"moe":17680,"population":3231,"school_age_population":573}},{"type":"Feature","geometry":{"type":"Polygon","coordinates":[[[-80.227433,25.899095],[-80.227043,25.890375],[-80.209518,25.890899],[-80.209859,25.898328],[-80.215291,25.898108],[-80.215356,25.899571],[-80.227433,25.899095]]]},"properties":{"geoid":"12086000405","state_fips":"12","county_fips":"12086","tract":"000405","county":"Miami-Dade","median_household_income":58403,"moe":11325,"population":4022,"school_age_population":1012}},{"type":"Feature","geometry":{"type":"Polygon","coordinates":[[[-80.170294,25.874815],[-80.154928,25.874494],[-80.150968,25.880872],[-80.142578,25.887329],[-80.152482,25.889554],[-80.163728,25.889408],[-80.168268,25.877582],[-80.170294,25.874815]]]},"properties":{"geoid":"12086001204","state_fips":"12","county_fips":"12086","tract":"001204","county":"Miami-Dade","median_household_income":61925,"moe":17465,"population":6097,"school_age_population":1528}},{"type":"Feature","geometry":{"type":"Polygon","coordinates":[[[-80.176038,25.925418],[-80.175535,25.914314],[-80.157727,25.915035],[-80.15425,25.926124],[-80.176038,25.925418]]]},"properties":{"geoid":"12086000206","state_fips":"12","county_fips":"12086","tract":"000206","county":"Miami-Dade","median_household_income":50000,"moe":12732,"population":6653,"school_age_population":2006}},{"type":"Feature","geometry":{"type":"Polygon","coordinates":[[[-80.401055,25.773037],[-80.400936,25.76938],[-80.387129,25.769862],[-80.38686,25.768145],[-80.385716,25.768151],[-80.386033,25.782397],[-80.400749,25.782609],[-80.401055,25.773037]]]},"properties":{"geoid":"12086014400","state_fips":"12","county_fips":"12086","tract":"014400","county":"Miami-Dade","median_household_income":74155,"moe":27842,"population":4695,"school_age_population":885}},{"type":"Feature","geometry":{"type":"Polygon","coordinates":[[[-80.376234,25.642427],[-80.37548,25.641441],[-80.368169,25.638559],[-80.365902,25.638438],[-80.362222,25.635649],[-80.359819,25.635628],[-80.352423,25.631187],[-80.349166,25.631105],[-80.348102,25.628742],[-80.341094,25.628907],[-80.335326,25.641267],[-80.33997,25.6442],[-80.341271,25.64435],[-80.341071,25.643606],[-80.376234,25.642427]]]},"properties":{"geoid":"12086008305","state_fips":"12","county_fips":"12086","tract":"008305","county":"Miami-Dade","median_household_income":92829,"moe":39387,"population":5649,"school_age_population":1239}},{"type":"Feature","geometry":{"type":"Polygon","coordinates":[[[-80.402201,25.691182],[-80.400657,25.685886],[-80.389221,25.686131],[-80.388941,25.69168],[-80.384584,25.698266],[-80.38379,25.700931],[-80.383504,25.709464],[-80.38427,25.730155],[-80.399617,25.729636],[-80.398367,25.69654],[-80.398881,25.695052],[-80.401538,25.692854],[-80.402201,25.691182]]]},"properties":{"geoid":"12086015700","state_fips":"12","county_fips":"12086","tract":"015700","county":"Miami-Dade","median_household_income":153846,"moe":60201,"population":2225,"school_age_population":464}},{"type":"Feature","geometry":{"type":"Polygon","coordinates":[[[-80.210472,25.916852],[-80.210196,25.905633],[-80.197137,25.906279],[-80.203392,25.914812],[-80.206536,25.916466],[-80.210472,25.916852]]]},"properties":{"geoid":"12086000302","state_fips":"12","county_fips":"12086","tract":"000302","county":"Miami-Dade","median_household_income":78300,"moe":17966,"population":2047,"school_age_population":402}},{"type":"Feature","geometry":{"type":"Polygon","coordinates":[[[-80.378302,25.612604],[-80.377753,25.603257],[-80.376862,25.600549],[-80.374961,25.597883],[-80.364464,25.598293],[-80.365477,25.613227],[-80.378302,25.612604]]]},"properties":{"geoid":"12086008308","state_fips":"12","county_fips":"12086","tract":"008308","county":"Miami-Dade","median_household_income":74632,"moe":5714,"population":5475,"school_age_population":1252}},{"type":"Feature","geometry":{"type":"Polygon","coordinates":[[[-80.381025,25.768282],[-80.380464,25.76107],[-80.372466,25.761229],[-80.372998,25.768379],[-80.381025,25.768282]]]},"properties":{"geoid":"12086009021","state_fips":"12","county_fips":"12086","tract":"009021","county":"Miami-Dade","median_household_income":51765,"moe":11502,"population":4117,"school_age_population":667}},{"type":"Feature","geometry":{"type":"Polygon","coordinates":[[[-80.38379,25.700931],[-80.364678,25.701142],[-80.382237,25.710204],[-80.382869,25.714919],[-80.383709,25.715147],[-80.38379,25.700931]]]},"properties":{"geoid":"12086015600","state_fips":"12","county_fips":"12086","tract":"015600","county":"Miami-Dade","median_household_income":91420,"moe":16929,"population":4572,"school_age_population":920}},{"type":"Feature","geometry":{"type":"Polygon","coordinates":[[[-80.451981,25.491994],[-80.451779,25.490921],[-80.447906,25.4867],[-80.447606,25.479767],[-80.446864,25.477387],[-80.442281,25.477423],[-80.442271,25.478685],[-80.439056,25.478854],[-80.436895,25.479984],[-80.436372,25.481208],[-80.436683,25.492123],[-80.451981,25.491994]]]},"properties":{"geoid":"12086011003","state_fips":"12","county_fips":"12086","tract":"011003","county":"Miami-Dade","median_household_income":74072,"moe":18040,"population":4625,"school_age_population":891}},{"type":"Feature","geometry":{"type":"Polygon","coordinates":[[[-80.498395,25.76123],[-80.41703,25.76094],[-80.417073,25.782675],[-80.386033,25.782397],[-80.386487,25.811662],[-80.434088,25.811815],[-80.43353,25.796868],[-80.435767,25.797786],[-80.440004,25.797916],[-80.449036,25.796742],[-80.484508,25.797614],[-80.48336,25.775253],[-80.498253,25.762356],[-80.498395,25.76123]]]},"properties":{"geoid":"12086014100","state_fips":"12","county_fips":"12086","tract":"014100","county":"Miami-Dade","median_household_income":null,"moe":null,"population":1889,"school_age_population":0}},{"type":"Feature","geometry":{"type":"Polygon","coordinates":[[[-80.429791,25.600556],[-80.429776,25.599893],[-80.413646,25.600497],[-80.41447,25.617682],[-80.429791,25.600556]]]},"properties":{"geoid":"12086019902","state_fips":"12","county_fips":"12086","tract":"019902","county":"Miami-Dade","median_household_income":80313,"moe":9240,"population":6907,"school_age_population":1833}},{"type":"Feature","geometry":{"type":"Polygon","coordinates":[[[-80.207851,25.777608],[-80.207693,25.773714],[-80.201225,25.774198],[-80.204801,25.777426],[-80.206915,25.778289],[-80.207851,25.777608]]]},"properties":{"geoid":"12086003603","state_fips":"12","county_fips":"12086","tract":"003603","county":"Miami-Dade","median_household_income":55194,"moe":24465,"population":1825,"school_age_population":137}},{"type":"Feature","geometry":{"type":"Polygon","coordinates":[[[-80.49842,25.76103],[-80.497039,25.726973],[-80.493924,25.727011],[-80.494146,25.73158],[-80.48191,25.73158],[-80.481651,25.727084],[-80.480025,25.727094],[-80.480709,25.745041],[-80.472473,25.745333],[-80.473041,25.760834],[-80.49842,25.76103]]]},"properties":{"geoid":"12086981300","state_fips":"12","county_fips":"12086","tract":"981300","county":"Miami-Dade","median_household_income":66280,"moe":398,"population":2001,"school_age_population":70}},{"type":"Feature","geometry":{"type":"Polygon","coordinates":[[[-80.377971,25.826178],[-80.377767,25.818841],[-80.369674,25.818918],[-80.369863,25.826172],[-80.377971,25.826178]]]},"properties":{"geoid":"12086009059","state_fips":"12","county_fips":"12086","tract":"009059","county":"Miami-Dade","median_household_income":79074,"moe":21942,"population":3053,"school_age_population":918}},{"type":"Feature","geometry":{"type":"Polygon","coordinates":[[[-80.264004,25.778715],[-80.263684,25.771681],[-80.255457,25.771834],[-80.255714,25.778936],[-80.264004,25.778715]]]},"properties":{"geoid":"12086004904","state_fips":"12","county_fips":"12086","tract":"004904","county":"Miami-Dade","median_household_income":58735,"moe":8267,"population":2513,"school_age_population":352}},{"type":"Feature","geometry":{"type":"Polygon","coordinates":[[[-80.370364,25.840653],[-80.369863,25.826172],[-80.353926,25.826129],[-80.35435,25.840694],[-80.370364,25.840653]]]},"properties":{"geoid":"12086009057","state_fips":"12","county_fips":"12086","tract":"009057","county":"Miami-Dade","median_household_income":84750,"moe":34456,"population":6422,"school_age_population":1687}},{"type":"Feature","geometry":{"type":"Polygon","coordinates":[[[-80.195491,25.76635],[-80.195402,25.76347],[-80.193208,25.76351],[-80.193313,25.766414],[-80.195491,25.76635]]]},"properties":{"geoid":"12086006719","state_fips":"12","county_fips":"12086","tract":"006719","county":"Miami-Dade","median_household_income":108667,"moe":46996,"population":2123,"school_age_population":145}},{"type":"Feature","geometry":{"type":"Polygon","coordinates":[[[-80.235475,25.897446],[-80.23475,25.882771],[-80.226737,25.883098],[-80.227372,25.89761],[-80.235475,25.897446]]]},"properties":{"geoid":"12086000420","state_fips":"12","county_fips":"12086","tract":"000420","county":"Miami-Dade","median_household_income":54322,"moe":22587,"population":3951,"school_age_population":856}},{"type":"Feature","geometry":{"type":"Polygon","coordinates":[[[-80.250921,25.871067],[-80.250685,25.865483],[-80.242443,25.865792],[-80.242616,25.871387],[-80.250921,25.871067]]]},"properties":{"geoid":"12086000907","state_fips":"12","county_fips":"12086","tract":"000907","county":"Miami-Dade","median_household_income":52022,"moe":11111,"population":2073,"school_age_population":408}},{"type":"Feature","geometry":{"type":"Polygon","coordinates":[[[-80.313421,25.942024],[-80.312092,25.939277],[-80.311871,25.935019],[-80.308383,25.934994],[-80.307029,25.937946],[-80.306939,25.942382],[-80.313421,25.942024]]]},"properties":{"geoid":"12086012001","state_fips":"12","county_fips":"12086","tract":"012001","county":"Miami-Dade","median_household_income":47250,"moe":24193,"population":3299,"school_age_population":627}},{"type":"Feature","geometry":{"type":"Polygon","coordinates":[[[-80.293444,25.930547],[-80.293174,25.925024],[-80.276728,25.925127],[-80.276979,25.931005],[-80.287761,25.931268],[-80.293444,25.930547]]]},"properties":{"geoid":"12086010018","state_fips":"12","county_fips":"12086","tract":"010018","county":"Miami-Dade","median_household_income":60345,"moe":23182,"population":2548,"school_age_population":186}},{"type":"Feature","geometry":{"type":"Polygon","coordinates":[[[-80.17065,25.890751],[-80.167082,25.889251],[-80.163728,25.889408],[-80.160539,25.899932],[-80.163128,25.900344],[-80.168582,25.894754],[-80.17065,25.890751]]]},"properties":{"geoid":"12086000124","state_fips":"12","county_fips":"12086","tract":"000124","county":"Miami-Dade","median_household_income":48929,"moe":10056,"population":3188,"school_age_population":558}},{"type":"Feature","geometry":{"type":"Polygon","coordinates":[[[-80.187226,25.9067],[-80.18685,25.899457],[-80.182834,25.899596],[-80.178809,25.899762],[-80.175651,25.90354],[-80.174968,25.903565],[-80.171156,25.907354],[-80.187226,25.9067]]]},"properties":{"geoid":"12086000218","state_fips":"12","county_fips":"12086","tract":"000218","county":"Miami-Dade","median_household_income":54432,"moe":16650,"population":2934,"school_age_population":559}},{"type":"Feature","geometry":{"type":"Polygon","coordinates":[[[-80.162399,25.935222],[-80.162096,25.928605],[-80.156215,25.928662],[-80.15604,25.929741],[-80.152652,25.933261],[-80.151487,25.93573],[-80.162399,25.935222]]]},"properties":{"geoid":"12086000212","state_fips":"12","county_fips":"12086","tract":"000212","county":"Miami-Dade","median_household_income":44120,"moe":13507,"population":5019,"school_age_population":1166}},{"type":"Feature","geometry":{"type":"Polygon","coordinates":[[[-80.131345,25.936822],[-80.130435,25.932908],[-80.130336,25.930271],[-80.130973,25.930212],[-80.129764,25.92978],[-80.128681,25.930609],[-80.125901,25.930605],[-80.127727,25.931304],[-80.126369,25.931907],[-80.126192,25.935253],[-80.12167,25.935431],[-80.121539,25.937656],[-80.131345,25.936822]]]},"properties":{"geoid":"12086000125","state_fips":"12","county_fips":"12086","tract":"000125","county":"Miami-Dade","median_household_income":53281,"moe":11638,"population":4491,"school_age_population":1037}},{"type":"Feature","geometry":{"type":"Polygon","coordinates":[[[-80.38677,25.826127],[-80.386735,25.81883],[-80.377767,25.818841],[-80.377971,25.826178],[-80.38677,25.826127]]]},"properties":{"geoid":"12086009060","state_fips":"12","county_fips":"12086","tract":"009060","county":"Miami-Dade","median_household_income":112045,"moe":26203,"population":4759,"school_age_population":1330}},{"type":"Feature","geometry":{"type":"Polygon","coordinates":[[[-80.240419,25.812307],[-80.240025,25.801683],[-80.231761,25.801903],[-80.232163,25.812038],[-80.240419,25.812307]]]},"properties":{"geoid":"12086002403","state_fips":"12","county_fips":"12086","tract":"002403","county":"Miami-Dade","median_household_income":57759,"moe":16911,"population":4118,"school_age_population":506}},{"type":"Feature","geometry":{"type":"Polygon","coordinates":[[[-80.231354,25.786481],[-80.23121,25.779694],[-80.209938,25.780166],[-80.212003,25.781627],[-80.223933,25.786186],[-80.229595,25.787524],[-80.23134,25.788796],[-80.231354,25.786481]]]},"properties":{"geoid":"12086005102","state_fips":"12","county_fips":"12086","tract":"005102","county":"Miami-Dade","median_household_income":32917,"moe":21330,"population":5269,"school_age_population":627}},{"type":"Feature","geometry":{"type":"Polygon","coordinates":[[[-80.477171,25.447495],[-80.47706,25.440874],[-80.474247,25.434234],[-80.474323,25.426091],[-80.472863,25.418573],[-80.433478,25.236417],[-80.432343,25.236725],[-80.429306,25.235661],[-80.426877,25.236412],[-80.41887,25.23631],[-80.418649,25.244749],[-80.410955,25.253466],[-80.394931,25.253537],[-80.395081,25.272937],[-80.379149,25.287859],[-80.379021,25.305895],[-80.371981,25.305928],[-80.372121,25.310215],[-80.343317,25.321756],[-80.342199,25.323512],[-80.343208,25.324431],[-80.343232,25.328535],[-80.343812,25.328398],[-80.34211,25.332801],[-80.333786,25.342809],[-80.334028,25.343548],[-80.331524,25.345826],[-80.338606,25.349276],[-80.338874,25.356747],[-80.33819,25.356994],[-80.349495,25.35704],[-80.349474,25.356573],[-80.367713,25.356954],[-80.367665,25.38184],[-80.371269,25.381808],[-80.352034,25.435905],[-80.354725,25.437136],[-80.355665,25.438579],[-80.35904,25.439194],[-80.362773,25.440827],[-80.36637,25.443636],[-80.367326,25.443601],[-80.367365,25.448031],[-80.477171,25.447495]]]},"properties":{"geoid":"12086011412","state_fips":"12","county_fips":"12086","tract":"011412","county":"Miami-Dade","median_household_income":62441,"moe":7025,"population":8028,"school_age_population":2337}},{"type":"Feature","geometry":{"type":"Polygon","coordinates":[[[-80.400131,25.744018],[-80.399617,25.729636],[-80.391576,25.729888],[-80.39212,25.744328],[-80.400131,25.744018]]]},"properties":{"geoid":"12086015502","state_fips":"12","county_fips":"12086","tract":"015502","county":"Miami-Dade","median_household_income":79125,"moe":29969,"population":2799,"school_age_population":294}},{"type":"Feature","geometry":{"type":"Polygon","coordinates":[[[-80.314363,25.84797],[-80.304144,25.839953],[-80.302107,25.840771],[-80.30229,25.847996],[-80.314363,25.84797]]]},"properties":{"geoid":"12086000710","state_fips":"12","county_fips":"12086","tract":"000710","county":"Miami-Dade","median_household_income":42564,"moe":10022,"population":4704,"school_age_population":877}},{"type":"Feature","geometry":{"type":"Polygon","coordinates":[[[-80.239713,25.791459],[-80.239467,25.783085],[-80.231263,25.783262],[-80.23134,25.788796],[-80.235647,25.790272],[-80.239647,25.792647],[-80.239713,25.791459]]]},"properties":{"geoid":"12086005104","state_fips":"12","county_fips":"12086","tract":"005104","county":"Miami-Dade","median_household_income":34233,"moe":2481,"population":4218,"school_age_population":719}},{"type":"Feature","geometry":{"type":"Polygon","coordinates":[[[-80.230979,25.772567],[-80.230803,25.768933],[-80.222659,25.769185],[-80.222861,25.773095],[-80.230979,25.772567]]]},"properties":{"geoid":"12086005409","state_fips":"12","county_fips":"12086","tract":"005409","county":"Miami-Dade","median_household_income":22091,"moe":14500,"population":3567,"school_age_population":311}},{"type":"Feature","geometry":{"type":"Polygon","coordinates":[[[-80.1895,25.809027],[-80.189397,25.805378],[-80.185376,25.80542],[-80.185427,25.804372],[-80.16174,25.804779],[-80.16009,25.810503],[-80.181152,25.810605],[-80.185464,25.8115],[-80.188659,25.811452],[-80.189383,25.811373],[-80.1895,25.809027]]]},"properties":{"geoid":"12086002705","state_fips":"12","county_fips":"12086","tract":"002705","county":"Miami-Dade","median_household_income":118772,"moe":44425,"population":5143,"school_age_population":741}},{"type":"Feature","geometry":{"type":"Polygon","coordinates":[[[-80.222861,25.773095],[-80.222658,25.769376],[-80.214554,25.769598],[-80.21466,25.773527],[-80.222861,25.773095]]]},"properties":{"geoid":"12086005303","state_fips":"12","county_fips":"12086","tract":"005303","county":"Miami-Dade","median_household_income":36408,"moe":6591,"population":3604,"school_age_population":563}},{"type":"Feature","geometry":{"type":"Polygon","coordinates":[[[-80.196261,25.781758],[-80.195955,25.774082],[-80.193623,25.774134],[-80.193715,25.776067],[-80.192018,25.77613],[-80.192152,25.779978],[-80.193831,25.779891],[-80.193818,25.780428],[-80.195305,25.780696],[-80.196261,25.781758]]]},"properties":{"geoid":"12086003706","state_fips":"12","county_fips":"12086","tract":"003706","county":"Miami-Dade","median_household_income":66545,"moe":12043,"population":2096,"school_age_population":140}},{"type":"Feature","geometry":{"type":"Polygon","coordinates":[[[-80.326712,25.957118],[-80.326125,25.942343],[-80.315524,25.941543],[-80.312227,25.942329],[-80.306939,25.942382],[-80.307326,25.948382],[-80.310168,25.953799],[-80.310617,25.957165],[-80.326712,25.957118]]]},"properties":{"geoid":"12086011900","state_fips":"12","county_fips":"12086","tract":"011900","county":"Miami-Dade","median_household_income":82937,"moe":18470,"population":5847,"school_age_population":1174}},{"type":"Feature","geometry":{"type":"Polygon","coordinates":[[[-80.310617,25.957165],[-80.310168,25.953799],[-80.307494,25.948995],[-80.307057,25.944669],[-80.299362,25.944758],[-80.30036,25.948543],[-80.301939,25.948357],[-80.303085,25.95042],[-80.304589,25.950285],[-80.3051,25.951174],[-80.29935,25.95338],[-80.294604,25.95346],[-80.294544,25.956948],[-80.310617,25.957165]]]},"properties":{"geoid":"12086011800","state_fips":"12","county_fips":"12086","tract":"011800","county":"Miami-Dade","median_household_income":83372,"moe":37430,"population":3782,"school_age_population":605}},{"type":"Feature","geometry":{"type":"Polygon","coordinates":[[[-80.35775,25.576323],[-80.357683,25.570144],[-80.347918,25.570226],[-80.340566,25.576147],[-80.335604,25.578804],[-80.342639,25.586655],[-80.343996,25.585435],[-80.34644,25.581026],[-80.354193,25.57683],[-80.35775,25.576323]]]},"properties":{"geoid":"12086010608","state_fips":"12","county_fips":"12086","tract":"010608","county":"Miami-Dade","median_household_income":76722,"moe":12483,"population":5629,"school_age_population":1426}},{"type":"Feature","geometry":{"type":"Polygon","coordinates":[[[-80.228962,25.956114],[-80.227632,25.949225],[-80.225137,25.944663],[-80.222683,25.941822],[-80.213189,25.9422],[-80.213843,25.956784],[-80.228962,25.956114]]]},"properties":{"geoid":"12086009905","state_fips":"12","county_fips":"12086","tract":"009905","county":"Miami-Dade","median_household_income":74525,"moe":14971,"population":5560,"school_age_population":1633}},{"type":"Feature","geometry":{"type":"Polygon","coordinates":[[[-80.285842,25.83614],[-80.285621,25.829803],[-80.279631,25.829955],[-80.279858,25.836357],[-80.285842,25.83614]]]},"properties":{"geoid":"12086000807","state_fips":"12","county_fips":"12086","tract":"000807","county":"Miami-Dade","median_household_income":42445,"moe":9239,"population":4013,"school_age_population":532}},{"type":"Feature","geometry":{"type":"Polygon","coordinates":[[[-80.310466,25.666824],[-80.309671,25.644531],[-80.292448,25.645036],[-80.290302,25.64609],[-80.284269,25.654696],[-80.283827,25.660045],[-80.302112,25.659683],[-80.302379,25.666998],[-80.310466,25.666824]]]},"properties":{"geoid":"12086008101","state_fips":"12","county_fips":"12086","tract":"008101","county":"Miami-Dade","median_household_income":250001,"moe":null,"population":3514,"school_age_population":1062}},{"type":"Feature","geometry":{"type":"Polygon","coordinates":[[[-80.244602,25.926441],[-80.244309,25.915448],[-80.22798,25.916044],[-80.228008,25.917335],[-80.230209,25.917168],[-80.230556,25.926541],[-80.244602,25.926441]]]},"properties":{"geoid":"12086000402","state_fips":"12","county_fips":"12086","tract":"000402","county":"Miami-Dade","median_household_income":41875,"moe":21848,"population":4243,"school_age_population":915}},{"type":"Feature","geometry":{"type":"Polygon","coordinates":[[[-80.333374,25.645483],[-80.334111,25.643851],[-80.309671,25.644531],[-80.310466,25.666824],[-80.323627,25.666401],[-80.333374,25.645483]]]},"properties":{"geoid":"12086008102","state_fips":"12","county_fips":"12086","tract":"008102","county":"Miami-Dade","median_household_income":177557,"moe":22042,"population":4493,"school_age_population":1174}},{"type":"Feature","geometry":{"type":"Polygon","coordinates":[[[-80.449359,25.678009],[-80.44933,25.669705],[-80.443871,25.669894],[-80.443783,25.674165],[-80.442653,25.675361],[-80.441025,25.675866],[-80.441127,25.684607],[-80.449358,25.684308],[-80.449359,25.678009]]]},"properties":{"geoid":"12086018300","state_fips":"12","county_fips":"12086","tract":"018300","county":"Miami-Dade","median_household_income":85570,"moe":12263,"population":4290,"school_age_population":694}},{"type":"Feature","geometry":{"type":"Polygon","coordinates":[[[-80.324558,25.913282],[-80.324268,25.89875],[-80.292017,25.898841],[-80.292514,25.909864],[-80.298302,25.909758],[-80.304714,25.91132],[-80.306869,25.908929],[-80.309589,25.908693],[-80.313486,25.911029],[-80.318476,25.909914],[-80.32281,25.913054],[-80.324558,25.913282]]]},"properties":{"geoid":"12086009305","state_fips":"12","county_fips":"12086","tract":"009305","county":"Miami-Dade","median_household_income":101513,"moe":22758,"population":4967,"school_age_population":931}},{"type":"Feature","geometry":{"type":"Polygon","coordinates":[[[-80.353684,25.775736],[-80.35318,25.769007],[-80.33727,25.76958],[-80.337662,25.773161],[-80.339807,25.772412],[-80.342823,25.773631],[-80.347062,25.77277],[-80.350857,25.775497],[-80.353684,25.775736]]]},"properties":{"geoid":"12086009015","state_fips":"12","county_fips":"12086","tract":"009015","county":"Miami-Dade","median_household_income":51169,"moe":11133,"population":5498,"school_age_population":765}},{"type":"Feature","geometry":{"type":"Polygon","coordinates":[[[-80.299523,25.884312],[-80.298897,25.870199],[-80.292903,25.870208],[-80.290756,25.870908],[-80.291262,25.884341],[-80.299523,25.884312]]]},"properties":{"geoid":"12086009200","state_fips":"12","county_fips":"12086","tract":"009200","county":"Miami-Dade","median_household_income":72708,"moe":18527,"population":3301,"school_age_population":382}},{"type":"Feature","geometry":{"type":"Polygon","coordinates":[[[-80.336674,25.776575],[-80.336426,25.769605],[-80.320638,25.769881],[-80.320714,25.776917],[-80.336674,25.776575]]]},"properties":{"geoid":"12086009014","state_fips":"12","county_fips":"12086","tract":"009014","county":"Miami-Dade","median_household_income":90319,"moe":14890,"population":4419,"school_age_population":920}},{"type":"Feature","geometry":{"type":"Polygon","coordinates":[[[-80.261687,25.726526],[-80.261552,25.723607],[-80.255083,25.724383],[-80.249522,25.724079],[-80.24952,25.724905],[-80.247022,25.724767],[-80.246299,25.723659],[-80.243746,25.72672],[-80.24512,25.727966],[-80.24992,25.72779],[-80.249956,25.728465],[-80.251339,25.728436],[-80.251397,25.729797],[-80.253711,25.729749],[-80.253892,25.732652],[-80.261687,25.726526]]]},"properties":{"geoid":"12086007200","state_fips":"12","county_fips":"12086","tract":"007200","county":"Miami-Dade","median_household_income":60461,"moe":16620,"population":2713,"school_age_population":551}},{"type":"Feature","geometry":{"type":"Polygon","coordinates":[[[-80.294692,25.733715],[-80.294106,25.718614],[-80.287973,25.71884],[-80.287944,25.718095],[-80.285887,25.718163],[-80.28652,25.73404],[-80.294692,25.733715]]]},"properties":{"geoid":"12086007601","state_fips":"12","county_fips":"12086","tract":"007601","county":"Miami-Dade","median_household_income":116701,"moe":23698,"population":2568,"school_age_population":684}},{"type":"Feature","geometry":{"type":"Polygon","coordinates":[[[-80.259614,25.845478],[-80.259176,25.83071],[-80.24111,25.831136],[-80.241746,25.84605],[-80.259614,25.845478]]]},"properties":{"geoid":"12086000903","state_fips":"12","county_fips":"12086","tract":"000903","county":"Miami-Dade","median_household_income":35321,"moe":14173,"population":3590,"school_age_population":1061}},{"type":"Feature","geometry":{"type":"Polygon","coordinates":[[[-80.306048,25.839091],[-80.305467,25.820756],[-80.287463,25.820799],[-80.284699,25.823848],[-80.281785,25.821657],[-80.280542,25.822404],[-80.304089,25.839986],[-80.306048,25.839091]]]},"properties":{"geoid":"12086004701","state_fips":"12","county_fips":"12086","tract":"004701","county":"Miami-Dade","median_household_income":90194,"moe":22874,"population":5009,"school_age_population":941}},{"type":"Feature","geometry":{"type":"Polygon","coordinates":[[[-80.253892,25.732652],[-80.253711,25.729749],[-80.251397,25.729797],[-80.251339,25.728436],[-80.249956,25.728465],[-80.24992,25.72779],[-80.245489,25.727954],[-80.245915,25.736973],[-80.250769,25.735172],[-80.253892,25.732652]]]},"properties":{"geoid":"12086007101","state_fips":"12","county_fips":"12086","tract":"007101","county":"Miami-Dade","median_household_income":77616,"moe":49278,"population":2958,"school_age_population":609}},{"type":"Feature","geometry":{"type":"Polygon","coordinates":[[[-80.320053,25.755267],[-80.319777,25.748114],[-80.303543,25.748018],[-80.303716,25.755804],[-80.320053,25.755267]]]},"properties":{"geoid":"12086005903","state_fips":"12","county_fips":"12086","tract":"005903","county":"Miami-Dade","median_household_income":57549,"moe":9479,"population":5780,"school_age_population":1063}},{"type":"Feature","geometry":{"type":"Polygon","coordinates":[[[-80.319777,25.748114],[-80.319355,25.738408],[-80.318303,25.732969],[-80.28652,25.73404],[-80.286753,25.738555],[-80.292828,25.738283],[-80.294688,25.736858],[-80.30376,25.736679],[-80.306443,25.739433],[-80.307479,25.739753],[-80.307666,25.748039],[-80.319777,25.748114]]]},"properties":{"geoid":"12086006002","state_fips":"12","county_fips":"12086","tract":"006002","county":"Miami-Dade","median_household_income":81019,"moe":21329,"population":6288,"school_age_population":1014}},{"type":"Feature","geometry":{"type":"Polygon","coordinates":[[[-80.185658,25.963081],[-80.182407,25.959796],[-80.181956,25.955835],[-80.177154,25.955736],[-80.176255,25.954724],[-80.168141,25.960033],[-80.165638,25.963995],[-80.17417,25.964898],[-80.180228,25.964836],[-80.183474,25.964268],[-80.185658,25.963081]]]},"properties":{"geoid":"12086009804","state_fips":"12","county_fips":"12086","tract":"009804","county":"Miami-Dade","median_household_income":72007,"moe":26324,"population":2950,"school_age_population":684}},{"type":"Feature","geometry":{"type":"Polygon","coordinates":[[[-80.420284,25.743382],[-80.419689,25.729126],[-80.399617,25.729636],[-80.400131,25.744018],[-80.420284,25.743382]]]},"properties":{"geoid":"12086015400","state_fips":"12","county_fips":"12086","tract":"015400","county":"Miami-Dade","median_household_income":100909,"moe":23095,"population":5655,"school_age_population":963}},{"type":"Feature","geometry":{"type":"Polygon","coordinates":[[[-80.147824,25.974406],[-80.14721,25.955073],[-80.145296,25.955003],[-80.14146,25.95333],[-80.138484,25.953605],[-80.139354,25.957305],[-80.139479,25.965291],[-80.137224,25.96664],[-80.133792,25.96638],[-80.133685,25.967578],[-80.141636,25.967298],[-80.141744,25.969061],[-80.144513,25.969035],[-80.142125,25.974676],[-80.147824,25.974406]]]},"properties":{"geoid":"12086000134","state_fips":"12","county_fips":"12086","tract":"000134","county":"Miami-Dade","median_household_income":47528,"moe":14641,"population":2952,"school_age_population":479}},{"type":"Feature","geometry":{"type":"Polygon","coordinates":[[[-80.184856,25.685224],[-80.185034,25.684245],[-80.179587,25.678682],[-80.160522,25.661175],[-80.15547,25.661098],[-80.154918,25.668161],[-80.152828,25.672027],[-80.155333,25.683027],[-80.157876,25.68281],[-80.162945,25.686484],[-80.163751,25.688322],[-80.163725,25.691091],[-80.162834,25.693841],[-80.162932,25.697619],[-80.160563,25.702327],[-80.162808,25.702322],[-80.162804,25.700399],[-80.179364,25.700178],[-80.1834,25.693244],[-80.184856,25.685224]]]},"properties":{"geoid":"12086004602","state_fips":"12","county_fips":"12086","tract":"004602","county":"Miami-Dade","median_household_income":250001,"moe":null,"population":4513,"school_age_population":1449}},{"type":"Feature","geometry":{"type":"Polygon","coordinates":[[[-80.416897,25.760928],[-80.416235,25.743568],[-80.408221,25.74376],[-80.408834,25.760966],[-80.416897,25.760928]]]},"properties":{"geoid":"12086014900","state_fips":"12","county_fips":"12086","tract":"014900","county":"Miami-Dade","median_household_income":93750,"moe":10961,"population":5517,"school_age_population":897}},{"type":"Feature","geometry":{"type":"Polygon","coordinates":[[[-80.290817,25.86938],[-80.290625,25.861101],[-80.272652,25.861654],[-80.272682,25.870371],[-80.290773,25.87037],[-80.290817,25.86938]]]},"properties":{"geoid":"12086000603","state_fips":"12","county_fips":"12086","tract":"000603","county":"Miami-Dade","median_household_income":68109,"moe":21252,"population":4578,"school_age_population":699}},{"type":"Feature","geometry":{"type":"Polygon","coordinates":[[[-80.272645,25.856127],[-80.272214,25.844743],[-80.259614,25.845478],[-80.260134,25.860131],[-80.26265,25.860046],[-80.262542,25.856401],[-80.272645,25.856127]]]},"properties":{"geoid":"12086000605","state_fips":"12","county_fips":"12086","tract":"000605","county":"Miami-Dade","median_household_income":86507,"moe":46597,"population":5143,"school_age_population":683}},{"type":"Feature","geometry":{"type":"Polygon","coordinates":[[[-80.226737,25.883098],[-80.226532,25.879471],[-80.218523,25.879788],[-80.218383,25.876152],[-80.209063,25.876542],[-80.209131,25.883816],[-80.226737,25.883098]]]},"properties":{"geoid":"12086000409","state_fips":"12","county_fips":"12086","tract":"000409","county":"Miami-Dade","median_household_income":59426,"moe":16509,"population":4595,"school_age_population":1299}},{"type":"Feature","geometry":{"type":"Polygon","coordinates":[[[-80.478466,25.594289],[-80.478232,25.565119],[-80.396844,25.566115],[-80.39689,25.574632],[-80.398087,25.575023],[-80.403893,25.580348],[-80.404096,25.58185],[-80.40905,25.587849],[-80.409524,25.590252],[-80.412891,25.592819],[-80.413035,25.596561],[-80.478466,25.594289]]]},"properties":{"geoid":"12086010201","state_fips":"12","county_fips":"12086","tract":"010201","county":"Miami-Dade","median_household_income":101919,"moe":19972,"population":4702,"school_age_population":831}},{"type":"Feature","geometry":{"type":"Polygon","coordinates":[[[-80.359765,25.732522],[-80.358137,25.701346],[-80.350143,25.70163],[-80.351736,25.732711],[-80.359765,25.732522]]]},"properties":{"geoid":"12086008601","state_fips":"12","county_fips":"12086","tract":"008601","county":"Miami-Dade","median_household_income":109327,"moe":36593,"population":4174,"school_age_population":542}},{"type":"Feature","geometry":{"type":"Polygon","coordinates":[[[-80.214829,25.780183],[-80.21466,25.773527],[-80.207693,25.773714],[-80.207851,25.777608],[-80.206915,25.778289],[-80.209938,25.780166],[-80.214829,25.780183]]]},"properties":{"geoid":"12086005202","state_fips":"12","county_fips":"12086","tract":"005202","county":"Miami-Dade","median_household_income":37423,"moe":8223,"population":6168,"school_age_population":1345}},{"type":"Feature","geometry":{"type":"Polygon","coordinates":[[[-80.453102,25.492731],[-80.453823,25.491978],[-80.428638,25.49219],[-80.428858,25.499505],[-80.436951,25.499448],[-80.436908,25.506757],[-80.439044,25.50669],[-80.453102,25.492731]]]},"properties":{"geoid":"12086010900","state_fips":"12","county_fips":"12086","tract":"010900","county":"Miami-Dade","median_household_income":36851,"moe":2791,"population":7010,"school_age_population":1945}},{"type":"Feature","geometry":{"type":"Polygon","coordinates":[[[-80.294106,25.718614],[-80.293405,25.704137],[-80.285398,25.704445],[-80.285887,25.718163],[-80.287944,25.718095],[-80.287973,25.71884],[-80.294106,25.718614]]]},"properties":{"geoid":"12086007603","state_fips":"12","county_fips":"12086","tract":"007603","county":"Miami-Dade","median_household_income":35481,"moe":19626,"population":3465,"school_age_population":527}},{"type":"Feature","geometry":{"type":"Polygon","coordinates":[[[-80.155805,25.872563],[-80.156701,25.870587],[-80.134147,25.872053],[-80.131061,25.876197],[-80.131535,25.876528],[-80.130899,25.878619],[-80.128186,25.88353],[-80.128145,25.88686],[-80.131765,25.898326],[-80.143256,25.886665],[-80.150968,25.880872],[-80.153668,25.877273],[-80.155805,25.872563]]]},"properties":{"geoid":"12086003801","state_fips":"12","county_fips":"12086","tract":"003801","county":"Miami-Dade","median_household_income":84357,"moe":35881,"population":5848,"school_age_population":1737}},{"type":"Feature","geometry":{"type":"Polygon","coordinates":[[[-80.479522,25.624436],[-80.479065,25.609461],[-80.430016,25.611134],[-80.430709,25.625679],[-80.479522,25.624436]]]},"properties":{"geoid":"12086019700","state_fips":"12","county_fips":"12086","tract":"019700","county":"Miami-Dade","median_household_income":92981,"moe":59197,"population":4066,"school_age_population":812}},{"type":"Feature","geometry":{"type":"Polygon","coordinates":[[[-80.209235,25.880183],[-80.208652,25.869239],[-80.193691,25.869662],[-80.194186,25.880818],[-80.209235,25.880183]]]},"properties":{"geoid":"12086001102","state_fips":"12","county_fips":"12086","tract":"001102","county":"Miami-Dade","median_household_income":107292,"moe":11397,"population":5930,"school_age_population":999}},{"type":"Feature","geometry":{"type":"Polygon","coordinates":[[[-80.208652,25.869239],[-80.208282,25.857227],[-80.205413,25.857321],[-80.205468,25.858241],[-80.19729,25.858524],[-80.197764,25.869551],[-80.208652,25.869239]]]},"properties":{"geoid":"12086001103","state_fips":"12","county_fips":"12086","tract":"001103","county":"Miami-Dade","median_household_income":65424,"moe":17917,"population":4849,"school_age_population":1353}},{"type":"Feature","geometry":{"type":"Polygon","coordinates":[[[-80.209243,25.88044],[-80.194186,25.880818],[-80.193841,25.872932],[-80.185742,25.873669],[-80.1858,25.878256],[-80.19091,25.886428],[-80.193094,25.884306],[-80.209131,25.883816],[-80.209243,25.88044]]]},"properties":{"geoid":"12086001101","state_fips":"12","county_fips":"12086","tract":"001101","county":"Miami-Dade","median_household_income":78125,"moe":23812,"population":5026,"school_age_population":1151}},{"type":"Feature","geometry":{"type":"Polygon","coordinates":[[[-80.208282,25.857227],[-80.207786,25.847101],[-80.196918,25.847433],[-80.19729,25.858524],[-80.205468,25.858241],[-80.205413,25.857321],[-80.208282,25.857227]]]},"properties":{"geoid":"12086001006","state_fips":"12","county_fips":"12086","tract":"001006","county":"Miami-Dade","median_household_income":35778,"moe":17952,"population":4637,"school_age_population":1347}},{"type":"Feature","geometry":{"type":"Polygon","coordinates":[[[-80.499067,25.683212],[-80.49901,25.682278],[-80.481651,25.683284],[-80.478401,25.686439],[-80.480025,25.727094],[-80.481651,25.727084],[-80.48191,25.73158],[-80.494146,25.73158],[-80.493924,25.727011],[-80.497039,25.726973],[-80.495744,25.690021],[-80.496285,25.687982],[-80.499067,25.683212]]]},"properties":{"geoid":"12086980900","state_fips":"12","county_fips":"12086","tract":"980900","county":"Miami-Dade","median_household_income":null,"moe":null,"population":0,"school_age_population":0}},{"type":"Feature","geometry":{"type":"Polygon","coordinates":[[[-80.386487,25.811662],[-80.385997,25.776193],[-80.379487,25.778675],[-80.364879,25.781668],[-80.331476,25.781577],[-80.32084,25.780661],[-80.321273,25.809324],[-80.33739,25.809895],[-80.348639,25.811648],[-80.386487,25.811662]]]},"properties":{"geoid":"12086009010","state_fips":"12","county_fips":"12086","tract":"009010","county":"Miami-Dade","median_household_income":90352,"moe":9386,"population":7914,"school_age_population":1731}},{"type":"Feature","geometry":{"type":"Polygon","coordinates":[[[-80.493328,25.438502],[-80.49328,25.43313],[-80.474155,25.433207],[-80.474935,25.436709],[-80.476663,25.439102],[-80.480696,25.442688],[-80.483298,25.442655],[-80.483278,25.440641],[-80.493318,25.440485],[-80.493328,25.438502]]]},"properties":{"geoid":"12086011407","state_fips":"12","county_fips":"12086","tract":"011407","county":"Miami-Dade","median_household_income":68257,"moe":18358,"population":3982,"school_age_population":1408}},{"type":"Feature","geometry":{"type":"Polygon","coordinates":[[[-80.351555,25.566829],[-80.34414,25.566465],[-80.339064,25.563884],[-80.331451,25.563915],[-80.331584,25.570415],[-80.347918,25.570226],[-80.351555,25.566829]]]},"properties":{"geoid":"12086010620","state_fips":"12","county_fips":"12086","tract":"010620","county":"Miami-Dade","median_household_income":110766,"moe":53961,"population":2949,"school_age_population":778}},{"type":"Feature","geometry":{"type":"Polygon","coordinates":[[[-80.189397,25.805378],[-80.189117,25.800901],[-80.162636,25.801571],[-80.16174,25.804779],[-80.185427,25.804372],[-80.185376,25.80542],[-80.189397,25.805378]]]},"properties":{"geoid":"12086002707","state_fips":"12","county_fips":"12086","tract":"002707","county":"Miami-Dade","median_household_income":95855,"moe":30817,"population":2470,"school_age_population":398}},{"type":"Feature","geometry":{"type":"Polygon","coordinates":[[[-80.131067,25.899072],[-80.131765,25.898326],[-80.128145,25.88686],[-80.116054,25.8871],[-80.11884,25.895557],[-80.119536,25.899712],[-80.131067,25.899072]]]},"properties":{"geoid":"12086003803","state_fips":"12","county_fips":"12086","tract":"003803","county":"Miami-Dade","median_household_income":91061,"moe":24870,"population":3021,"school_age_population":579}},{"type":"Feature","geometry":{"type":"Polygon","coordinates":[[[-80.15605,25.928367],[-80.15594,25.926108],[-80.13975,25.926465],[-80.133234,25.929453],[-80.130466,25.929818],[-80.130973,25.930212],[-80.130336,25.930271],[-80.130435,25.932908],[-80.137143,25.932637],[-80.13852,25.931579],[-80.141971,25.931381],[-80.140328,25.938135],[-80.140773,25.93811],[-80.147952,25.931222],[-80.148224,25.937882],[-80.149612,25.938206],[-80.150858,25.937721],[-80.152652,25.933261],[-80.15604,25.929741],[-80.15605,25.928367]]]},"properties":{"geoid":"12086000128","state_fips":"12","county_fips":"12086","tract":"000128","county":"Miami-Dade","median_household_income":80551,"moe":17075,"population":4046,"school_age_population":692}},{"type":"Feature","geometry":{"type":"Polygon","coordinates":[[[-80.125492,25.955613],[-80.125875,25.954126],[-80.124065,25.953746],[-80.114555,25.953771],[-80.113781,25.975361],[-80.123309,25.975103],[-80.12369,25.962481],[-80.124275,25.958434],[-80.125492,25.955613]]]},"properties":{"geoid":"12086000115","state_fips":"12","county_fips":"12086","tract":"000115","county":"Miami-Dade","median_household_income":104427,"moe":17123,"population":1821,"school_age_population":316}},{"type":"Feature","geometry":{"type":"Polygon","coordinates":[[[-80.12144,25.84138],[-80.120805,25.834852],[-80.119224,25.834847],[-80.118853,25.851305],[-80.120342,25.851285],[-80.120203,25.84581],[-80.120646,25.842725],[-80.12144,25.84138]]]},"properties":{"geoid":"12086003921","state_fips":"12","county_fips":"12086","tract":"003921","county":"Miami-Dade","median_household_income":104453,"moe":11799,"population":2756,"school_age_population":575}},{"type":"Feature","geometry":{"type":"Polygon","coordinates":[[[-80.134147,25.872053],[-80.115224,25.872644],[-80.116054,25.8871],[-80.128145,25.88686],[-80.128441,25.88266],[-80.13079,25.878892],[-80.131535,25.876528],[-80.131061,25.876197],[-80.134147,25.872053]]]},"properties":{"geoid":"12086003804","state_fips":"12","county_fips":"12086","tract":"003804","county":"Miami-Dade","median_household_income":88938,"moe":25702,"population":5566,"school_age_population":1799}},{"type":"Feature","geometry":{"type":"Polygon","coordinates":[[[-80.327469,25.629277],[-80.32695,25.620054],[-80.324881,25.620103],[-80.324535,25.614588],[-80.317533,25.614781],[-80.317391,25.6113],[-80.318243,25.611042],[-80.318196,25.609716],[-80.307016,25.610704],[-80.306906,25.610105],[-80.295675,25.610316],[-80.294416,25.614592],[-80.272741,25.623915],[-80.270872,25.625382],[-80.282873,25.625182],[-80.282981,25.630333],[-80.294702,25.63071],[-80.295346,25.630117],[-80.327469,25.629277]]]},"properties":{"geoid":"12086008207","state_fips":"12","county_fips":"12086","tract":"008207","county":"Miami-Dade","median_household_income":216711,"moe":53483,"population":4970,"school_age_population":1223}},{"type":"Feature","geometry":{"type":"Polygon","coordinates":[[[-80.245915,25.736973],[-80.245687,25.731622],[-80.237504,25.731908],[-80.237842,25.739931],[-80.245915,25.736973]]]},"properties":{"geoid":"12086007104","state_fips":"12","county_fips":"12086","tract":"007104","county":"Miami-Dade","median_household_income":133548,"moe":26858,"population":3354,"school_age_population":721}},{"type":"Feature","geometry":{"type":"Polygon","coordinates":[[[-80.448306,25.654885],[-80.447226,25.6401],[-80.41473,25.641065],[-80.415821,25.656355],[-80.448306,25.654885]]]},"properties":{"geoid":"12086980200","state_fips":"12","county_fips":"12086","tract":"980200","county":"Miami-Dade","median_household_income":null,"moe":null,"population":0,"school_age_population":0}},{"type":"Feature","geometry":{"type":"Polygon","coordinates":[[[-80.382122,25.700702],[-80.382054,25.697149],[-80.366079,25.69722],[-80.366155,25.701101],[-80.382122,25.700702]]]},"properties":{"geoid":"12086008418","state_fips":"12","county_fips":"12086","tract":"008418","county":"Miami-Dade","median_household_income":77250,"moe":14568,"population":2782,"school_age_population":407}},{"type":"Feature","geometry":{"type":"Polygon","coordinates":[[[-80.339623,25.328606],[-80.338468,25.323743],[-80.265472,25.354296],[-80.261374,25.353491],[-80.26123,25.355866],[-80.259996,25.358379],[-80.261149,25.359671],[-80.257875,25.382325],[-80.253246,25.388095],[-80.252452,25.396184],[-80.249712,25.397106],[-80.249565,25.400749],[-80.235524,25.403849],[-80.233529,25.405017],[-80.227045,25.404319],[-80.214177,25.418132],[-80.21716,25.428114],[-80.190688,25.49255],[-80.193219,25.507589],[-80.181576,25.526296],[-80.175462,25.54773],[-80.174992,25.547605],[-80.167263,25.594715],[-80.154888,25.594715],[-80.163308,25.545487],[-80.174783,25.50132],[-80.172781,25.487795],[-80.176025,25.478553],[-80.186364,25.464095],[-80.187575,25.459113],[-80.187215,25.45133],[-80.191977,25.444833],[-80.196819,25.432669],[-80.202325,25.421025],[-80.201251,25.416901],[-80.204351,25.410368],[-80.215888,25.400819],[-80.22596,25.390217],[-80.228374,25.379227],[-80.238843,25.355966],[-80.237407,25.351422],[-80.238364,25.348249],[-80.245661,25.343622],[-80.241883,25.342693],[-80.239856,25.340736],[-80.183871,25.348183],[-80.17656,25.36687],[-80.16241,25.37994],[-80.1581,25.38573],[-80.15291,25.39466],[-80.14977,25.40287],[-80.14812,25.41345],[-80.14081,25.42781],[-80.139104,25.433101],[-80.12737,25.43644],[-80.12058,25.43973],[-80.11459,25.44355],[-80.10541,25.45211],[-80.09838,25.46309],[-80.09552,25.47103],[-80.09414,25.47925],[-80.09401,25.48569],[-80.09552,25.49524],[-80.09787,25.50192],[-80.10081,25.50756],[-80.10804,25.51683],[-80.11515,25.52287],[-80.11557,25.52666],[-80.111673,25.540301],[-80.10602,25.55361],[-80.104,25.56187],[-80.10354,25.57074],[-80.10527,25.58119],[-80.10451,25.58798],[-80.10476,25.59461],[-80.10565,25.59985],[-80.10777,25.60663],[-80.10373,25.64885],[-80.10045,25.65621],[-80.09787,25.66842],[-80.09779,25.67611],[-80.09886,25.68422],[-80.09557,25.69211],[-80.09389,25.69856],[-80.09178,25.72111],[-80.0828,25.72862],[-80.07714,25.73568],[-80.07248,25.74459],[-80.06962,25.75566],[-80.06958,25.76703],[-80.07262,25.77928],[-80.07156,25.78552],[-80.06696,25.80239],[-80.06499,25.82206],[-80.06426,25.83929],[-80.0628,25.84959],[-80.06572,25.88124],[-80.0656,25.89019],[-80.06378,25.90158],[-80.06403,25.908],[-80.06543,25.91523],[-80.06399,25.9204],[-80.06303,25.92757],[-80.06316,25.93423],[-80.06421,25.94081],[-80.06313,25.95356],[-80.06284,25.96802],[-80.06335,25.9744],[-80.062893,25.976809],[-80.113781,25.975361],[-80.114555,25.943141],[-80.117511,25.922285],[-80.119386,25.899546],[-80.11884,25.895557],[-80.115945,25.886768],[-80.114951,25.850492],[-80.111374,25.850165],[-80.110192,25.818362],[-80.11448,25.818481],[-80.121642,25.79606],[-80.123867,25.786676],[-80.124267,25.780176],[-80.125967,25.770476],[-80.123667,25.762377],[-80.131367,25.747677],[-80.132016,25.747729],[-80.145089,25.71975],[-80.150354,25.687845],[-80.14981,25.661011],[-80.160522,25.661175],[-80.185034,25.684245],[-80.1834,25.693244],[-80.17759,25.703225],[-80.178679,25.714351],[-80.169237,25.720732],[-80.169056,25.72924],[-80.174685,25.734803],[-80.187394,25.73873],[-80.199741,25.740039],[-80.205733,25.737912],[-80.237977,25.718757],[-80.237623,25.709566],[-80.255365,25.653106],[-80.271144,25.62505],[-80.294416,25.614592],[-80.299103,25.598678],[-80.290004,25.580774],[-80.296346,25.551183],[-80.308203,25.538501],[-80.315522,25.532613],[-80.32912,25.500315],[-80.331212,25.474059],[-80.326433,25.462369],[-80.312107,25.452726],[-80.303112,25.444738],[-80.302063,25.432416],[-80.298465,25.420907],[-80.293668,25.415626],[-80.288271,25.41346],[-80.280626,25.408856],[-80.276728,25.40317],[-80.27358,25.394098],[-80.27418,25.386109],[-80.275431,25.37829],[-80.281408,25.370815],[-80.288702,25.3679],[-80.306798,25.367773],[-80.312409,25.364351],[-80.322369,25.355985],[-80.32812,25.346478],[-80.335555,25.336465],[-80.339623,25.328606]]]},"properties":{"geoid":"12086990000","state_fips":"12","county_fips":"12086","tract":"990000","county":"Miami-Dade","median_household_income":null,"moe":null,"population":0,"school_age_population":0}},{"type":"Feature","geometry":{"type":"Polygon","coordinates":[[[-80.416577,25.681105],[-80.416358,25.670796],[-80.400247,25.671325],[-80.400657,25.685886],[-80.416552,25.685339],[-80.416577,25.681105]]]},"properties":{"geoid":"12086019000","state_fips":"12","county_fips":"12086","tract":"019000","county":"Miami-Dade","median_household_income":84291,"moe":31185,"population":5830,"school_age_population":1125}},{"type":"Feature","geometry":{"type":"Polygon","coordinates":[[[-80.414567,25.626306],[-80.41383,25.604167],[-80.409733,25.604033],[-80.409303,25.596685],[-80.384948,25.597473],[-80.3857,25.61232],[-80.378302,25.612604],[-80.378829,25.621798],[-80.380237,25.62741],[-80.414567,25.626306]]]},"properties":{"geoid":"12086020200","state_fips":"12","county_fips":"12086","tract":"020200","county":"Miami-Dade","median_household_income":66619,"moe":21279,"population":5963,"school_age_population":1176}},{"type":"Feature","geometry":{"type":"Polygon","coordinates":[[[-80.426555,25.625884],[-80.423427,25.620777],[-80.421694,25.619052],[-80.419809,25.614206],[-80.418513,25.613161],[-80.41447,25.617682],[-80.414567,25.626306],[-80.426555,25.625884]]]},"properties":{"geoid":"12086020100","state_fips":"12","county_fips":"12086","tract":"020100","county":"Miami-Dade","median_household_income":74484,"moe":19127,"population":4468,"school_age_population":802}},{"type":"Feature","geometry":{"type":"Polygon","coordinates":[[[-80.403997,25.580832],[-80.398087,25.575023],[-80.39689,25.574632],[-80.396844,25.566115],[-80.38867,25.566192],[-80.38894,25.580896],[-80.392339,25.5809],[-80.392848,25.581394],[-80.394643,25.580883],[-80.403997,25.580832]]]},"properties":{"geoid":"12086010209","state_fips":"12","county_fips":"12086","tract":"010209","county":"Miami-Dade","median_household_income":74879,"moe":13982,"population":6289,"school_age_population":1261}},{"type":"Feature","geometry":{"type":"Polygon","coordinates":[[[-80.261873,25.708966],[-80.260937,25.707904],[-80.258382,25.707887],[-80.258786,25.707593],[-80.252788,25.707773],[-80.252783,25.708553],[-80.248425,25.708741],[-80.248443,25.70921],[-80.247494,25.709211],[-80.247757,25.709521],[-80.237623,25.709566],[-80.238165,25.723689],[-80.237547,25.726078],[-80.238301,25.727166],[-80.23877,25.72761],[-80.240032,25.72627],[-80.242275,25.728089],[-80.246299,25.723659],[-80.247022,25.724767],[-80.24952,25.724905],[-80.249522,25.724079],[-80.255083,25.724383],[-80.261552,25.723607],[-80.261003,25.709042],[-80.261873,25.708966]]]},"properties":{"geoid":"12086007300","state_fips":"12","county_fips":"12086","tract":"007300","county":"Miami-Dade","median_household_income":171635,"moe":82123,"population":4434,"school_age_population":1481}},{"type":"Feature","geometry":{"type":"Polygon","coordinates":[[[-80.239512,25.730029],[-80.239421,25.728245],[-80.238301,25.727166],[-80.237131,25.727481],[-80.235794,25.726044],[-80.234352,25.727428],[-80.233845,25.726997],[-80.233055,25.727681],[-80.23387,25.728599],[-80.232752,25.728962],[-80.233358,25.729719],[-80.233075,25.731709],[-80.231445,25.731544],[-80.230954,25.731856],[-80.231382,25.732098],[-80.230299,25.73231],[-80.23058,25.732762],[-80.229643,25.732588],[-80.230047,25.733126],[-80.229592,25.734015],[-80.227737,25.733584],[-80.229661,25.736034],[-80.22987,25.742849],[-80.237842,25.739931],[-80.237504,25.731639],[-80.239512,25.730029]]]},"properties":{"geoid":"12086006801","state_fips":"12","county_fips":"12086","tract":"006801","county":"Miami-Dade","median_household_income":155982,"moe":54067,"population":3039,"school_age_population":531}},{"type":"Feature","geometry":{"type":"Polygon","coordinates":[[[-80.192088,25.760787],[-80.192184,25.760348],[-80.188847,25.759736],[-80.188622,25.762516],[-80.191538,25.762967],[-80.192088,25.760787]]]},"properties":{"geoid":"12086006713","state_fips":"12","county_fips":"12086","tract":"006713","county":"Miami-Dade","median_household_income":135809,"moe":48669,"population":1912,"school_age_population":196}},{"type":"Feature","geometry":{"type":"Polygon","coordinates":[[[-80.203633,25.750545],[-80.20272,25.748661],[-80.198912,25.745732],[-80.19135,25.745568],[-80.189627,25.745739],[-80.189363,25.746374],[-80.178375,25.746779],[-80.179143,25.751338],[-80.181251,25.751303],[-80.190795,25.756792],[-80.190806,25.755507],[-80.194387,25.755087],[-80.194963,25.754569],[-80.19465,25.754161],[-80.198391,25.752272],[-80.198423,25.751405],[-80.19984,25.753165],[-80.203633,25.750545]]]},"properties":{"geoid":"12086006706","state_fips":"12","county_fips":"12086","tract":"006706","county":"Miami-Dade","median_household_income":98365,"moe":40859,"population":2793,"school_age_population":284}},{"type":"Feature","geometry":{"type":"Polygon","coordinates":[[[-80.246924,25.97187],[-80.246512,25.961126],[-80.229159,25.960462],[-80.229586,25.972232],[-80.246924,25.97187]]]},"properties":{"geoid":"12086009904","state_fips":"12","county_fips":"12086","tract":"009904","county":"Miami-Dade","median_household_income":48869,"moe":9808,"population":4056,"school_age_population":1502}},{"type":"Feature","geometry":{"type":"Polygon","coordinates":[[[-80.203433,25.90597],[-80.202474,25.884116],[-80.194386,25.884468],[-80.194587,25.889904],[-80.193213,25.889964],[-80.194476,25.892433],[-80.195472,25.903543],[-80.197137,25.906279],[-80.203433,25.90597]]]},"properties":{"geoid":"12086000308","state_fips":"12","county_fips":"12086","tract":"000308","county":"Miami-Dade","median_household_income":81250,"moe":20417,"population":4717,"school_age_population":1003}},{"type":"Feature","geometry":{"type":"Polygon","coordinates":[[[-80.210226,25.90445],[-80.20942,25.883802],[-80.202474,25.884116],[-80.203433,25.90597],[-80.210196,25.905633],[-80.210226,25.90445]]]},"properties":{"geoid":"12086000307","state_fips":"12","county_fips":"12086","tract":"000307","county":"Miami-Dade","median_household_income":46415,"moe":8912,"population":4033,"school_age_population":997}},{"type":"Feature","geometry":{"type":"Polygon","coordinates":[[[-80.133757,25.966771],[-80.127164,25.965456],[-80.126507,25.964183],[-80.126742,25.960735],[-80.125695,25.960589],[-80.124963,25.961983],[-80.123766,25.961908],[-80.123537,25.967241],[-80.124178,25.967961],[-80.133196,25.967683],[-80.133757,25.966771]]]},"properties":{"geoid":"12086000122","state_fips":"12","county_fips":"12086","tract":"000122","county":"Miami-Dade","median_household_income":99469,"moe":36194,"population":3737,"school_age_population":488}},{"type":"Feature","geometry":{"type":"Polygon","coordinates":[[[-80.246512,25.961126],[-80.245317,25.940953],[-80.222683,25.941822],[-80.226097,25.946212],[-80.228157,25.950693],[-80.229159,25.960462],[-80.246512,25.961126]]]},"properties":{"geoid":"12086009903","state_fips":"12","county_fips":"12086","tract":"009903","county":"Miami-Dade","median_household_income":76189,"moe":23507,"population":5093,"school_age_population":999}},{"type":"Feature","geometry":{"type":"Polygon","coordinates":[[[-80.150341,25.938557],[-80.150599,25.937734],[-80.149612,25.938206],[-80.148224,25.937882],[-80.147952,25.931222],[-80.140773,25.93811],[-80.139322,25.938182],[-80.139224,25.940508],[-80.136745,25.940041],[-80.137483,25.944235],[-80.138432,25.945038],[-80.14277,25.944728],[-80.147543,25.945349],[-80.146978,25.947401],[-80.147582,25.947464],[-80.150341,25.938557]]]},"properties":{"geoid":"12086000132","state_fips":"12","county_fips":"12086","tract":"000132","county":"Miami-Dade","median_household_income":48553,"moe":12074,"population":5538,"school_age_population":690}},{"type":"Feature","geometry":{"type":"Polygon","coordinates":[[[-80.147543,25.945349],[-80.14277,25.944728],[-80.137638,25.945111],[-80.137142,25.943894],[-80.136597,25.944137],[-80.137164,25.945183],[-80.13531,25.94525],[-80.135458,25.948661],[-80.134566,25.948744],[-80.134463,25.94941],[-80.142636,25.949226],[-80.142976,25.948568],[-80.146813,25.948434],[-80.147543,25.945349]]]},"properties":{"geoid":"12086000131","state_fips":"12","county_fips":"12086","tract":"000131","county":"Miami-Dade","median_household_income":80814,"moe":12189,"population":4604,"school_age_population":1083}},{"type":"Feature","geometry":{"type":"Polygon","coordinates":[[[-80.130521,25.955574],[-80.125875,25.954126],[-80.124957,25.957765],[-80.124275,25.958434],[-80.123766,25.961908],[-80.124963,25.961983],[-80.125832,25.960575],[-80.126913,25.960853],[-80.126451,25.961759],[-80.126862,25.961955],[-80.129086,25.959935],[-80.130368,25.957818],[-80.130521,25.955574]]]},"properties":{"geoid":"12086000121","state_fips":"12","county_fips":"12086","tract":"000121","county":"Miami-Dade","median_household_income":84977,"moe":9242,"population":1856,"school_age_population":372}},{"type":"Feature","geometry":{"type":"Polygon","coordinates":[[[-80.313901,25.913845],[-80.313486,25.911029],[-80.309589,25.908693],[-80.306869,25.908929],[-80.304714,25.91132],[-80.298302,25.909758],[-80.292514,25.909864],[-80.293345,25.92813],[-80.309624,25.927845],[-80.309103,25.918016],[-80.310087,25.917854],[-80.313901,25.913845]]]},"properties":{"geoid":"12086009312","state_fips":"12","county_fips":"12086","tract":"009312","county":"Miami-Dade","median_household_income":86163,"moe":15039,"population":5730,"school_age_population":782}},{"type":"Feature","geometry":{"type":"Polygon","coordinates":[[[-80.347803,25.551791],[-80.347508,25.537415],[-80.33131,25.537539],[-80.325149,25.534521],[-80.315259,25.532609],[-80.308203,25.538501],[-80.296346,25.551183],[-80.29471,25.558816],[-80.310552,25.559916],[-80.31922,25.559524],[-80.319222,25.555885],[-80.323258,25.5521],[-80.347803,25.551791]]]},"properties":{"geoid":"12086980600","state_fips":"12","county_fips":"12086","tract":"980600","county":"Miami-Dade","median_household_income":null,"moe":null,"population":0,"school_age_population":0}},{"type":"Feature","geometry":{"type":"Polygon","coordinates":[[[-80.245687,25.731622],[-80.245489,25.727954],[-80.243746,25.72672],[-80.242275,25.728089],[-80.240032,25.72627],[-80.23877,25.72761],[-80.239421,25.728245],[-80.239512,25.730029],[-80.237504,25.731908],[-80.245687,25.731622]]]},"properties":{"geoid":"12086007103","state_fips":"12","county_fips":"12086","tract":"007103","county":"Miami-Dade","median_household_income":128309,"moe":52431,"population":2105,"school_age_population":278}},{"type":"Feature","geometry":{"type":"Polygon","coordinates":[[[-80.136387,25.78529],[-80.136299,25.781876],[-80.132382,25.781957],[-80.128301,25.78088],[-80.130512,25.771992],[-80.125858,25.771095],[-80.124267,25.780176],[-80.123867,25.786676],[-80.1275,25.786255],[-80.133026,25.787548],[-80.132957,25.785388],[-80.136387,25.78529]]]},"properties":{"geoid":"12086004303","state_fips":"12","county_fips":"12086","tract":"004303","county":"Miami-Dade","median_household_income":50945,"moe":14999,"population":2679,"school_age_population":379}},{"type":"Feature","geometry":{"type":"Polygon","coordinates":[[[-80.190464,25.767049],[-80.190688,25.766184],[-80.188213,25.765622],[-80.188166,25.769792],[-80.190035,25.769927],[-80.190464,25.767049]]]},"properties":{"geoid":"12086006709","state_fips":"12","county_fips":"12086","tract":"006709","county":"Miami-Dade","median_household_income":210292,"moe":72121,"population":1652,"school_age_population":100}},{"type":"Feature","geometry":{"type":"Polygon","coordinates":[[[-80.188268,25.928587],[-80.187473,25.912117],[-80.175417,25.912523],[-80.175535,25.914314],[-80.179518,25.914138],[-80.179653,25.916933],[-80.183684,25.916885],[-80.184244,25.928755],[-80.188268,25.928587]]]},"properties":{"geoid":"12086000215","state_fips":"12","county_fips":"12086","tract":"000215","county":"Miami-Dade","median_household_income":55492,"moe":20489,"population":5680,"school_age_population":1594}},{"type":"Feature","geometry":{"type":"Polygon","coordinates":[[[-80.18685,25.899457],[-80.186595,25.893915],[-80.170518,25.894604],[-80.17065,25.890751],[-80.168582,25.894754],[-80.163128,25.900344],[-80.18685,25.899457]]]},"properties":{"geoid":"12086000220","state_fips":"12","county_fips":"12086","tract":"000220","county":"Miami-Dade","median_household_income":43719,"moe":10742,"population":5659,"school_age_population":1861}},{"type":"Feature","geometry":{"type":"Polygon","coordinates":[[[-80.236165,25.775626],[-80.23606,25.77244],[-80.229,25.772629],[-80.229111,25.776186],[-80.227967,25.776229],[-80.22809,25.779757],[-80.235753,25.779567],[-80.235646,25.77566],[-80.236165,25.775626]]]},"properties":{"geoid":"12086005405","state_fips":"12","county_fips":"12086","tract":"005405","county":"Miami-Dade","median_household_income":47583,"moe":10009,"population":3872,"school_age_population":632}},{"type":"Feature","geometry":{"type":"Polygon","coordinates":[[[-80.239467,25.783085],[-80.239339,25.779465],[-80.23121,25.779694],[-80.231263,25.783262],[-80.239467,25.783085]]]},"properties":{"geoid":"12086005103","state_fips":"12","county_fips":"12086","tract":"005103","county":"Miami-Dade","median_household_income":34474,"moe":10649,"population":2539,"school_age_population":434}},{"type":"Feature","geometry":{"type":"Polygon","coordinates":[[[-80.343747,25.736534],[-80.343728,25.732895],[-80.33582,25.733092],[-80.335656,25.747633],[-80.343664,25.747415],[-80.343747,25.736534]]]},"properties":{"geoid":"12086008805","state_fips":"12","county_fips":"12086","tract":"008805","county":"Miami-Dade","median_household_income":61208,"moe":15482,"population":3816,"school_age_population":340}},{"type":"Feature","geometry":{"type":"Polygon","coordinates":[[[-80.240748,25.823939],[-80.240419,25.812307],[-80.232163,25.812038],[-80.232667,25.824177],[-80.240748,25.823939]]]},"properties":{"geoid":"12086001803","state_fips":"12","county_fips":"12086","tract":"001803","county":"Miami-Dade","median_household_income":20837,"moe":3675,"population":2906,"school_age_population":538}},{"type":"Feature","geometry":{"type":"Polygon","coordinates":[[[-80.216995,25.839403],[-80.21645,25.828319],[-80.206464,25.828607],[-80.205997,25.831295],[-80.206188,25.839746],[-80.216995,25.839403]]]},"properties":{"geoid":"12086001901","state_fips":"12","county_fips":"12086","tract":"001901","county":"Miami-Dade","median_household_income":28859,"moe":4375,"population":4275,"school_age_population":1092}},{"type":"Feature","geometry":{"type":"Polygon","coordinates":[[[-80.224552,25.82443],[-80.224404,25.820796],[-80.208019,25.821236],[-80.208053,25.822157],[-80.206643,25.822215],[-80.206464,25.828607],[-80.21645,25.828319],[-80.216249,25.824667],[-80.224552,25.82443]]]},"properties":{"geoid":"12086001904","state_fips":"12","county_fips":"12086","tract":"001904","county":"Miami-Dade","median_household_income":37550,"moe":8011,"population":4032,"school_age_population":960}},{"type":"Feature","geometry":{"type":"Polygon","coordinates":[[[-80.206181,25.836075],[-80.206009,25.83232],[-80.187971,25.833222],[-80.18835,25.840243],[-80.196587,25.840039],[-80.196419,25.836333],[-80.206181,25.836075]]]},"properties":{"geoid":"12086002001","state_fips":"12","county_fips":"12086","tract":"002001","county":"Miami-Dade","median_household_income":26073,"moe":6752,"population":3745,"school_age_population":865}},{"type":"Feature","geometry":{"type":"Polygon","coordinates":[[[-80.273423,25.825651],[-80.273303,25.822873],[-80.258976,25.823358],[-80.259176,25.83071],[-80.269564,25.830323],[-80.269352,25.825811],[-80.273423,25.825651]]]},"properties":{"geoid":"12086001603","state_fips":"12","county_fips":"12086","tract":"001603","county":"Miami-Dade","median_household_income":61944,"moe":26738,"population":3367,"school_age_population":397}},{"type":"Feature","geometry":{"type":"Polygon","coordinates":[[[-80.290033,25.841167],[-80.289775,25.829683],[-80.285621,25.829803],[-80.285842,25.83614],[-80.279858,25.836357],[-80.279997,25.841487],[-80.290033,25.841167]]]},"properties":{"geoid":"12086000808","state_fips":"12","county_fips":"12086","tract":"000808","county":"Miami-Dade","median_household_income":50243,"moe":17597,"population":3948,"school_age_population":572}},{"type":"Feature","geometry":{"type":"Polygon","coordinates":[[[-80.303984,25.84005],[-80.289775,25.829683],[-80.289954,25.840583],[-80.295339,25.841273],[-80.301673,25.841147],[-80.303984,25.84005]]]},"properties":{"geoid":"12086000712","state_fips":"12","county_fips":"12086","tract":"000712","county":"Miami-Dade","median_household_income":43706,"moe":5251,"population":2451,"school_age_population":485}},{"type":"Feature","geometry":{"type":"Polygon","coordinates":[[[-80.372762,25.575996],[-80.372284,25.569977],[-80.362159,25.56844],[-80.361897,25.565687],[-80.359126,25.559293],[-80.357073,25.559958],[-80.354029,25.564369],[-80.347918,25.570226],[-80.357683,25.570144],[-80.35775,25.576323],[-80.363576,25.576546],[-80.368837,25.580019],[-80.372762,25.575996]]]},"properties":{"geoid":"12086010609","state_fips":"12","county_fips":"12086","tract":"010609","county":"Miami-Dade","median_household_income":46283,"moe":15930,"population":6220,"school_age_population":1356}},{"type":"Feature","geometry":{"type":"Polygon","coordinates":[[[-80.416586,25.686901],[-80.416552,25.685339],[-80.403733,25.685786],[-80.405011,25.691392],[-80.406464,25.693468],[-80.405389,25.695371],[-80.405513,25.696359],[-80.410029,25.69383],[-80.415711,25.693067],[-80.415705,25.689963],[-80.416586,25.686901]]]},"properties":{"geoid":"12086017300","state_fips":"12","county_fips":"12086","tract":"017300","county":"Miami-Dade","median_household_income":43829,"moe":20573,"population":4253,"school_age_population":621}},{"type":"Feature","geometry":{"type":"Polygon","coordinates":[[[-80.279147,25.712705],[-80.278164,25.711998],[-80.268037,25.712423],[-80.268287,25.716439],[-80.270888,25.719387],[-80.279147,25.712705]]]},"properties":{"geoid":"12086007503","state_fips":"12","county_fips":"12086","tract":"007503","county":"Miami-Dade","median_household_income":84583,"moe":62360,"population":797,"school_age_population":173}},{"type":"Feature","geometry":{"type":"Polygon","coordinates":[[[-80.189127,25.800215],[-80.189056,25.797136],[-80.163865,25.797191],[-80.162636,25.801571],[-80.189117,25.800901],[-80.189127,25.800215]]]},"properties":{"geoid":"12086002708","state_fips":"12","county_fips":"12086","tract":"002708","county":"Miami-Dade","median_household_income":77146,"moe":16117,"population":3324,"school_age_population":354}},{"type":"Feature","geometry":{"type":"Polygon","coordinates":[[[-80.163725,25.691091],[-80.158687,25.690989],[-80.158736,25.688996],[-80.159413,25.688991],[-80.159658,25.688302],[-80.159647,25.686103],[-80.162414,25.686073],[-80.157876,25.68281],[-80.155333,25.683027],[-80.156661,25.689642],[-80.156444,25.696027],[-80.163018,25.695889],[-80.162834,25.693841],[-80.163725,25.691091]]]},"properties":{"geoid":"12086004607","state_fips":"12","county_fips":"12086","tract":"004607","county":"Miami-Dade","median_household_income":170682,"moe":89009,"population":4241,"school_age_population":1236}},{"type":"Feature","geometry":{"type":"Polygon","coordinates":[[[-80.163779,25.690127],[-80.163681,25.68776],[-80.162945,25.686484],[-80.159647,25.686103],[-80.159658,25.688302],[-80.159413,25.688991],[-80.158736,25.688996],[-80.158687,25.690989],[-80.163725,25.691091],[-80.163779,25.690127]]]},"properties":{"geoid":"12086004608","state_fips":"12","county_fips":"12086","tract":"004608","county":"Miami-Dade","median_household_income":99000,"moe":40170,"population":1964,"school_age_population":584}},{"type":"Feature","geometry":{"type":"Polygon","coordinates":[[[-80.136299,25.781876],[-80.136235,25.780629],[-80.131695,25.780561],[-80.133514,25.772223],[-80.130512,25.771992],[-80.128301,25.78088],[-80.132382,25.781957],[-80.136299,25.781876]]]},"properties":{"geoid":"12086004404","state_fips":"12","county_fips":"12086","tract":"004404","county":"Miami-Dade","median_household_income":40744,"moe":17074,"population":2148,"school_age_population":310}},{"type":"Feature","geometry":{"type":"Polygon","coordinates":[[[-80.184929,25.856272],[-80.184906,25.855187],[-80.163468,25.855673],[-80.154928,25.874494],[-80.170294,25.874815],[-80.177292,25.866233],[-80.176932,25.859154],[-80.183266,25.858991],[-80.184929,25.856272]]]},"properties":{"geoid":"12086001206","state_fips":"12","county_fips":"12086","tract":"001206","county":"Miami-Dade","median_household_income":109792,"moe":19681,"population":4251,"school_age_population":985}},{"type":"Feature","geometry":{"type":"Polygon","coordinates":[[[-80.163618,25.889734],[-80.151843,25.889491],[-80.142578,25.887329],[-80.130504,25.899823],[-80.142331,25.901074],[-80.160539,25.899932],[-80.163618,25.889734]]]},"properties":{"geoid":"12086000120","state_fips":"12","county_fips":"12086","tract":"000120","county":"Miami-Dade","median_household_income":73667,"moe":16443,"population":4024,"school_age_population":615}},{"type":"Feature","geometry":{"type":"Polygon","coordinates":[[[-80.400247,25.671325],[-80.399573,25.656836],[-80.394303,25.656029],[-80.39023,25.657095],[-80.385521,25.657297],[-80.385898,25.663106],[-80.387791,25.668369],[-80.388679,25.668415],[-80.388651,25.671717],[-80.400247,25.671325]]]},"properties":{"geoid":"12086019200","state_fips":"12","county_fips":"12086","tract":"019200","county":"Miami-Dade","median_household_income":95429,"moe":18018,"population":5221,"school_age_population":1286}},{"type":"Feature","geometry":{"type":"Polygon","coordinates":[[[-80.368173,25.681972],[-80.367697,25.672411],[-80.365707,25.672156],[-80.352019,25.68745],[-80.365855,25.686978],[-80.365995,25.685565],[-80.368173,25.681972]]]},"properties":{"geoid":"12086008416","state_fips":"12","county_fips":"12086","tract":"008416","county":"Miami-Dade","median_household_income":66573,"moe":30170,"population":3203,"school_age_population":604}},{"type":"Feature","geometry":{"type":"Polygon","coordinates":[[[-80.366155,25.701101],[-80.365855,25.686978],[-80.360746,25.687169],[-80.361171,25.694751],[-80.358451,25.694899],[-80.356547,25.696961],[-80.363945,25.700834],[-80.366155,25.701101]]]},"properties":{"geoid":"12086008419","state_fips":"12","county_fips":"12086","tract":"008419","county":"Miami-Dade","median_household_income":64429,"moe":19682,"population":5185,"school_age_population":1049}},{"type":"Feature","geometry":{"type":"Polygon","coordinates":[[[-80.341197,25.619879],[-80.340359,25.604358],[-80.332264,25.604526],[-80.332067,25.599178],[-80.298837,25.599582],[-80.295675,25.610316],[-80.312081,25.610517],[-80.318454,25.609291],[-80.327082,25.608938],[-80.327659,25.60959],[-80.328595,25.615232],[-80.331886,25.617933],[-80.333839,25.618],[-80.339592,25.621415],[-80.340792,25.621489],[-80.340715,25.619883],[-80.341197,25.619879]]]},"properties":{"geoid":"12086008209","state_fips":"12","county_fips":"12086","tract":"008209","county":"Miami-Dade","median_household_income":164073,"moe":27627,"population":4155,"school_age_population":1079}},{"type":"Feature","geometry":{"type":"Polygon","coordinates":[[[-80.191118,25.886239],[-80.1858,25.878256],[-80.184929,25.856272],[-80.183266,25.858991],[-80.176932,25.859154],[-80.177292,25.866233],[-80.170294,25.874815],[-80.179776,25.873891],[-80.180253,25.886881],[-80.190243,25.886499],[-80.190575,25.886953],[-80.191118,25.886239]]]},"properties":{"geoid":"12086001205","state_fips":"12","county_fips":"12086","tract":"001205","county":"Miami-Dade","median_household_income":128529,"moe":27269,"population":2441,"school_age_population":718}},{"type":"Feature","geometry":{"type":"Polygon","coordinates":[[[-80.126936,25.803986],[-80.124288,25.803265],[-80.123853,25.804383],[-80.119285,25.803595],[-80.116561,25.812311],[-80.124188,25.813315],[-80.124675,25.808064],[-80.126936,25.803986]]]},"properties":{"geoid":"12086004103","state_fips":"12","county_fips":"12086","tract":"004103","county":"Miami-Dade","median_household_income":47837,"moe":24281,"population":2113,"school_age_population":135}},{"type":"Feature","geometry":{"type":"Polygon","coordinates":[[[-80.122247,25.824187],[-80.122367,25.8236],[-80.120074,25.823481],[-80.110388,25.82367],[-80.110807,25.834954],[-80.120805,25.834852],[-80.121966,25.8311],[-80.122247,25.824187]]]},"properties":{"geoid":"12086003922","state_fips":"12","county_fips":"12086","tract":"003922","county":"Miami-Dade","median_household_income":120481,"moe":34256,"population":2223,"school_age_population":405}},{"type":"Feature","geometry":{"type":"Polygon","coordinates":[[[-80.130504,25.899823],[-80.131021,25.899132],[-80.119386,25.899546],[-80.117511,25.922285],[-80.116087,25.93007],[-80.122037,25.929891],[-80.122404,25.92242],[-80.129887,25.922843],[-80.126192,25.917921],[-80.125849,25.908858],[-80.128619,25.905121],[-80.128555,25.903081],[-80.130504,25.899823]]]},"properties":{"geoid":"12086000130","state_fips":"12","county_fips":"12086","tract":"000130","county":"Miami-Dade","median_household_income":91818,"moe":33356,"population":3221,"school_age_population":407}},{"type":"Feature","geometry":{"type":"Polygon","coordinates":[[[-80.388074,25.869839],[-80.387658,25.855246],[-80.370773,25.855194],[-80.370364,25.840653],[-80.322093,25.840736],[-80.322561,25.853659],[-80.344616,25.869754],[-80.388074,25.869839]]]},"properties":{"geoid":"12086009040","state_fips":"12","county_fips":"12086","tract":"009040","county":"Miami-Dade","median_household_income":87813,"moe":18712,"population":7740,"school_age_population":2102}},{"type":"Feature","geometry":{"type":"Polygon","coordinates":[[[-80.285515,25.707511],[-80.285398,25.704445],[-80.269027,25.705115],[-80.268685,25.695717],[-80.266696,25.69578],[-80.260986,25.705131],[-80.260937,25.707904],[-80.261873,25.708966],[-80.261003,25.709042],[-80.261105,25.712671],[-80.278164,25.711998],[-80.279147,25.712705],[-80.285515,25.707511]]]},"properties":{"geoid":"12086007901","state_fips":"12","county_fips":"12086","tract":"007901","county":"Miami-Dade","median_household_income":129167,"moe":46458,"population":4221,"school_age_population":1006}},{"type":"Feature","geometry":{"type":"Polygon","coordinates":[[[-80.190063,25.763584],[-80.189682,25.762716],[-80.188622,25.762516],[-80.188213,25.765622],[-80.18947,25.765907],[-80.190063,25.763584]]]},"properties":{"geoid":"12086006722","state_fips":"12","county_fips":"12086","tract":"006722","county":"Miami-Dade","median_household_income":91357,"moe":14437,"population":1908,"school_age_population":379}},{"type":"Feature","geometry":{"type":"Polygon","coordinates":[[[-80.143674,25.79204],[-80.141278,25.79204],[-80.141123,25.78734],[-80.136463,25.787458],[-80.136695,25.795888],[-80.143674,25.79204]]]},"properties":{"geoid":"12086004204","state_fips":"12","county_fips":"12086","tract":"004204","county":"Miami-Dade","median_household_income":41263,"moe":8952,"population":2004,"school_age_population":206}},{"type":"Feature","geometry":{"type":"Polygon","coordinates":[[[-80.143545,25.787301],[-80.143522,25.785124],[-80.141057,25.785195],[-80.140896,25.780522],[-80.136235,25.780629],[-80.136387,25.78529],[-80.132957,25.785388],[-80.133026,25.787548],[-80.143545,25.787301]]]},"properties":{"geoid":"12086004304","state_fips":"12","county_fips":"12086","tract":"004304","county":"Miami-Dade","median_household_income":74411,"moe":14565,"population":2169,"school_age_population":229}},{"type":"Feature","geometry":{"type":"Polygon","coordinates":[[[-80.126624,25.855968],[-80.123367,25.851573],[-80.121992,25.8444],[-80.12075,25.844557],[-80.120203,25.84581],[-80.120342,25.851285],[-80.118853,25.851305],[-80.119224,25.834847],[-80.110807,25.834954],[-80.111374,25.850165],[-80.114951,25.850492],[-80.114983,25.856184],[-80.126624,25.855968]]]},"properties":{"geoid":"12086003914","state_fips":"12","county_fips":"12086","tract":"003914","county":"Miami-Dade","median_household_income":53003,"moe":23221,"population":3396,"school_age_population":181}},{"type":"Feature","geometry":{"type":"Polygon","coordinates":[[[-80.19271,25.958049],[-80.191969,25.95629],[-80.189922,25.955086],[-80.186439,25.955478],[-80.183614,25.954469],[-80.181917,25.956015],[-80.182407,25.959796],[-80.185658,25.963081],[-80.189747,25.959489],[-80.19271,25.958049]]]},"properties":{"geoid":"12086009806","state_fips":"12","county_fips":"12086","tract":"009806","county":"Miami-Dade","median_household_income":46375,"moe":21668,"population":3318,"school_age_population":427}},{"type":"Feature","geometry":{"type":"Polygon","coordinates":[[[-80.417132,25.768867],[-80.41703,25.76094],[-80.385485,25.761004],[-80.385716,25.768151],[-80.38686,25.768145],[-80.387129,25.769862],[-80.417132,25.768867]]]},"properties":{"geoid":"12086014500","state_fips":"12","county_fips":"12086","tract":"014500","county":"Miami-Dade","median_household_income":102738,"moe":17738,"population":4291,"school_age_population":638}},{"type":"Feature","geometry":{"type":"Polygon","coordinates":[[[-80.245317,25.940953],[-80.244602,25.926441],[-80.228439,25.926885],[-80.229308,25.941743],[-80.245317,25.940953]]]},"properties":{"geoid":"12086009503","state_fips":"12","county_fips":"12086","tract":"009503","county":"Miami-Dade","median_household_income":76653,"moe":23279,"population":5161,"school_age_population":1363}},{"type":"Feature","geometry":{"type":"Polygon","coordinates":[[[-80.259749,25.897104],[-80.260015,25.896631],[-80.2583,25.896723],[-80.249562,25.901557],[-80.253424,25.908438],[-80.244037,25.9091],[-80.244309,25.915448],[-80.259122,25.914975],[-80.258264,25.91296],[-80.25813,25.901445],[-80.259749,25.897104]]]},"properties":{"geoid":"12086000504","state_fips":"12","county_fips":"12086","tract":"000504","county":"Miami-Dade","median_household_income":52097,"moe":12165,"population":4694,"school_age_population":991}},{"type":"Feature","geometry":{"type":"Polygon","coordinates":[[[-80.241746,25.84605],[-80.241574,25.841267],[-80.225298,25.840852],[-80.225252,25.839124],[-80.206188,25.839746],[-80.206383,25.842812],[-80.207786,25.847101],[-80.241746,25.84605]]]},"properties":{"geoid":"12086001004","state_fips":"12","county_fips":"12086","tract":"001004","county":"Miami-Dade","median_household_income":50710,"moe":3301,"population":7400,"school_age_population":1828}},{"type":"Feature","geometry":{"type":"Polygon","coordinates":[[[-80.123369,25.818865],[-80.110192,25.818362],[-80.110388,25.82367],[-80.122367,25.8236],[-80.121966,25.8311],[-80.120815,25.834577],[-80.12144,25.84138],[-80.120646,25.842725],[-80.12075,25.844557],[-80.121992,25.8444],[-80.122567,25.826274],[-80.123369,25.818865]]]},"properties":{"geoid":"12086003919","state_fips":"12","county_fips":"12086","tract":"003919","county":"Miami-Dade","median_household_income":97167,"moe":39912,"population":2759,"school_age_population":569}},{"type":"Feature","geometry":{"type":"Polygon","coordinates":[[[-80.123932,25.872489],[-80.123648,25.867998],[-80.121202,25.86807],[-80.12049,25.856125],[-80.114983,25.856184],[-80.115224,25.872644],[-80.123932,25.872489]]]},"properties":{"geoid":"12086003909","state_fips":"12","county_fips":"12086","tract":"003909","county":"Miami-Dade","median_household_income":43431,"moe":14538,"population":1342,"school_age_population":165}},{"type":"Feature","geometry":{"type":"Polygon","coordinates":[[[-80.122006,25.930512],[-80.122037,25.929891],[-80.116087,25.93007],[-80.115358,25.937345],[-80.121539,25.937656],[-80.122006,25.930512]]]},"properties":{"geoid":"12086000118","state_fips":"12","county_fips":"12086","tract":"000118","county":"Miami-Dade","median_household_income":103309,"moe":31816,"population":998,"school_age_population":83}},{"type":"Feature","geometry":{"type":"Polygon","coordinates":[[[-80.292002,25.898616],[-80.29117,25.881201],[-80.260375,25.882032],[-80.260453,25.892563],[-80.2583,25.896723],[-80.267661,25.896525],[-80.267693,25.898184],[-80.268261,25.898207],[-80.275541,25.897941],[-80.275465,25.896268],[-80.281772,25.896199],[-80.287519,25.897082],[-80.290059,25.898445],[-80.292002,25.898616]]]},"properties":{"geoid":"12086000505","state_fips":"12","county_fips":"12086","tract":"000505","county":"Miami-Dade","median_household_income":53864,"moe":16190,"population":5236,"school_age_population":859}},{"type":"Feature","geometry":{"type":"Polygon","coordinates":[[[-80.223612,25.861287],[-80.221111,25.856833],[-80.219626,25.855583],[-80.208152,25.854267],[-80.208409,25.861907],[-80.223612,25.861287]]]},"properties":{"geoid":"12086001005","state_fips":"12","county_fips":"12086","tract":"001005","county":"Miami-Dade","median_household_income":29583,"moe":13718,"population":1598,"school_age_population":163}},{"type":"Feature","geometry":{"type":"Polygon","coordinates":[[[-80.290155,25.848014],[-80.290033,25.841167],[-80.259525,25.842171],[-80.259614,25.845478],[-80.274233,25.844699],[-80.274627,25.851432],[-80.28246,25.851173],[-80.282349,25.848324],[-80.290155,25.848014]]]},"properties":{"geoid":"12086000806","state_fips":"12","county_fips":"12086","tract":"000806","county":"Miami-Dade","median_household_income":42100,"moe":12795,"population":4084,"school_age_population":638}},{"type":"Feature","geometry":{"type":"Polygon","coordinates":[[[-80.290625,25.861101],[-80.290179,25.851776],[-80.278593,25.852233],[-80.278747,25.861476],[-80.290625,25.861101]]]},"properties":{"geoid":"12086000607","state_fips":"12","county_fips":"12086","tract":"000607","county":"Miami-Dade","median_household_income":41705,"moe":17221,"population":4429,"school_age_population":573}},{"type":"Feature","geometry":{"type":"Polygon","coordinates":[[[-80.302519,25.855263],[-80.302118,25.84109],[-80.295339,25.841273],[-80.289954,25.840583],[-80.290155,25.848014],[-80.294263,25.848007],[-80.294462,25.855256],[-80.302519,25.855263]]]},"properties":{"geoid":"12086000711","state_fips":"12","county_fips":"12086","tract":"000711","county":"Miami-Dade","median_household_income":39191,"moe":7221,"population":5786,"school_age_population":1262}},{"type":"Feature","geometry":{"type":"Polygon","coordinates":[[[-80.272046,25.841741],[-80.271533,25.830236],[-80.259176,25.83071],[-80.259525,25.842171],[-80.272046,25.841741]]]},"properties":{"geoid":"12086000805","state_fips":"12","county_fips":"12086","tract":"000805","county":"Miami-Dade","median_household_income":54836,"moe":9294,"population":5244,"school_age_population":936}},{"type":"Feature","geometry":{"type":"Polygon","coordinates":[[[-80.190687,25.756763],[-80.181251,25.751303],[-80.179143,25.751338],[-80.173469,25.769776],[-80.188166,25.769792],[-80.188926,25.758382],[-80.189635,25.757161],[-80.190687,25.756763]]]},"properties":{"geoid":"12086006707","state_fips":"12","county_fips":"12086","tract":"006707","county":"Miami-Dade","median_household_income":163041,"moe":13257,"population":4067,"school_age_population":777}},{"type":"Feature","geometry":{"type":"Polygon","coordinates":[[[-80.192699,25.75852],[-80.192879,25.758009],[-80.190471,25.756759],[-80.189301,25.757517],[-80.188906,25.758779],[-80.189171,25.759673],[-80.192184,25.760348],[-80.192699,25.75852]]]},"properties":{"geoid":"12086006714","state_fips":"12","county_fips":"12086","tract":"006714","county":"Miami-Dade","median_household_income":131982,"moe":30831,"population":2166,"school_age_population":229}},{"type":"Feature","geometry":{"type":"Polygon","coordinates":[[[-80.143143,25.779665],[-80.142047,25.774627],[-80.140649,25.77442],[-80.140877,25.779271],[-80.136208,25.779393],[-80.136235,25.780629],[-80.143065,25.780447],[-80.143143,25.779665]]]},"properties":{"geoid":"12086004406","state_fips":"12","county_fips":"12086","tract":"004406","county":"Miami-Dade","median_household_income":67614,"moe":21643,"population":2178,"school_age_population":197}},{"type":"Feature","geometry":{"type":"Polygon","coordinates":[[[-80.144406,25.785094],[-80.143635,25.783801],[-80.14312,25.780417],[-80.140896,25.780522],[-80.141057,25.785195],[-80.144406,25.785094]]]},"properties":{"geoid":"12086004301","state_fips":"12","county_fips":"12086","tract":"004301","county":"Miami-Dade","median_household_income":77308,"moe":15672,"population":2543,"school_age_population":307}},{"type":"Feature","geometry":{"type":"Polygon","coordinates":[[[-80.140283,25.849224],[-80.136624,25.849312],[-80.136374,25.847603],[-80.132567,25.849973],[-80.123367,25.851573],[-80.126909,25.855958],[-80.127316,25.856722],[-80.126828,25.856861],[-80.128804,25.858067],[-80.129076,25.85729],[-80.132082,25.857257],[-80.135751,25.855151],[-80.140166,25.854098],[-80.140283,25.849224]]]},"properties":{"geoid":"12086003915","state_fips":"12","county_fips":"12086","tract":"003915","county":"Miami-Dade","median_household_income":63542,"moe":21030,"population":5020,"school_age_population":651}},{"type":"Feature","geometry":{"type":"Polygon","coordinates":[[[-80.128793,25.859618],[-80.126828,25.856861],[-80.127316,25.856722],[-80.126909,25.855958],[-80.12049,25.856125],[-80.121061,25.862251],[-80.128032,25.861879],[-80.128076,25.86031],[-80.128793,25.859618]]]},"properties":{"geoid":"12086003913","state_fips":"12","county_fips":"12086","tract":"003913","county":"Miami-Dade","median_household_income":45369,"moe":16821,"population":3672,"school_age_population":464}},{"type":"Feature","geometry":{"type":"Polygon","coordinates":[[[-80.463631,25.727442],[-80.463364,25.720158],[-80.447412,25.720717],[-80.447697,25.728013],[-80.463631,25.727442]]]},"properties":{"geoid":"12086016401","state_fips":"12","county_fips":"12086","tract":"016401","county":"Miami-Dade","median_household_income":152222,"moe":40979,"population":4706,"school_age_population":988}},{"type":"Feature","geometry":{"type":"Polygon","coordinates":[[[-80.465531,25.672132],[-80.465575,25.669231],[-80.457455,25.669476],[-80.457414,25.67679],[-80.465442,25.676519],[-80.465531,25.672132]]]},"properties":{"geoid":"12086018002","state_fips":"12","county_fips":"12086","tract":"018002","county":"Miami-Dade","median_household_income":84722,"moe":45760,"population":2734,"school_age_population":561}},{"type":"Feature","geometry":{"type":"Polygon","coordinates":[[[-80.412492,25.510367],[-80.412211,25.487117],[-80.410185,25.487148],[-80.410245,25.49133],[-80.408233,25.494195],[-80.404978,25.494242],[-80.405068,25.499723],[-80.400734,25.499745],[-80.399719,25.500393],[-80.399642,25.502979],[-80.397654,25.503051],[-80.397651,25.505528],[-80.3989,25.505763],[-80.398861,25.506495],[-80.396909,25.50652],[-80.396729,25.505206],[-80.396111,25.505143],[-80.396159,25.51459],[-80.407989,25.514462],[-80.412492,25.510367]]]},"properties":{"geoid":"12086010705","state_fips":"12","county_fips":"12086","tract":"010705","county":"Miami-Dade","median_household_income":61270,"moe":27489,"population":5437,"school_age_population":1440}},{"type":"Feature","geometry":{"type":"Polygon","coordinates":[[[-80.332067,25.599178],[-80.331798,25.579927],[-80.330855,25.580527],[-80.328209,25.578268],[-80.326543,25.575087],[-80.318123,25.575043],[-80.317617,25.577586],[-80.315651,25.577625],[-80.315749,25.581296],[-80.317336,25.581295],[-80.317403,25.585059],[-80.32619,25.584994],[-80.322427,25.589733],[-80.31617,25.599562],[-80.332067,25.599178]]]},"properties":{"geoid":"12086010610","state_fips":"12","county_fips":"12086","tract":"010610","county":"Miami-Dade","median_household_income":108165,"moe":17732,"population":4394,"school_age_population":895}},{"type":"Feature","geometry":{"type":"Polygon","coordinates":[[[-80.331798,25.579927],[-80.331444,25.559427],[-80.310552,25.559916],[-80.29471,25.558816],[-80.290004,25.580774],[-80.299103,25.598678],[-80.298837,25.599582],[-80.31617,25.599562],[-80.322427,25.589733],[-80.32619,25.584994],[-80.317403,25.585059],[-80.317336,25.581295],[-80.315749,25.581296],[-80.315651,25.577625],[-80.317617,25.577586],[-80.318123,25.575043],[-80.326543,25.575087],[-80.328209,25.578268],[-80.330855,25.580527],[-80.331798,25.579927]]]},"properties":{"geoid":"12086010613","state_fips":"12","county_fips":"12086","tract":"010613","county":"Miami-Dade","median_household_income":59248,"moe":20620,"population":5532,"school_age_population":1061}},{"type":"Feature","geometry":{"type":"Polygon","coordinates":[[[-80.191538,25.762967],[-80.189635,25.762571],[-80.190074,25.763514],[-80.18947,25.765907],[-80.190688,25.766184],[-80.191538,25.762967]]]},"properties":{"geoid":"12086006721","state_fips":"12","county_fips":"12086","tract":"006721","county":"Miami-Dade","median_household_income":119888,"moe":76354,"population":2944,"school_age_population":177}},{"type":"Feature","geometry":{"type":"Polygon","coordinates":[[[-80.167303,25.911059],[-80.16681,25.900268],[-80.163128,25.900344],[-80.159262,25.905176],[-80.157727,25.915035],[-80.163474,25.914804],[-80.167303,25.911059]]]},"properties":{"geoid":"12086000224","state_fips":"12","county_fips":"12086","tract":"000224","county":"Miami-Dade","median_household_income":37225,"moe":12628,"population":4353,"school_age_population":1015}},{"type":"Feature","geometry":{"type":"Polygon","coordinates":[[[-80.173775,25.883986],[-80.170033,25.883843],[-80.166049,25.88467],[-80.166047,25.882641],[-80.163728,25.889408],[-80.167082,25.889251],[-80.17065,25.890751],[-80.173775,25.883986]]]},"properties":{"geoid":"12086001208","state_fips":"12","county_fips":"12086","tract":"001208","county":"Miami-Dade","median_household_income":75434,"moe":32048,"population":3008,"school_age_population":484}},{"type":"Feature","geometry":{"type":"Polygon","coordinates":[[[-80.175535,25.914314],[-80.175144,25.90719],[-80.171897,25.907319],[-80.171156,25.907354],[-80.163474,25.914804],[-80.175535,25.914314]]]},"properties":{"geoid":"12086000228","state_fips":"12","county_fips":"12086","tract":"000228","county":"Miami-Dade","median_household_income":48500,"moe":22170,"population":3014,"school_age_population":591}},{"type":"Feature","geometry":{"type":"Polygon","coordinates":[[[-80.224902,25.831729],[-80.224552,25.82443],[-80.216249,25.824667],[-80.216592,25.831979],[-80.224902,25.831729]]]},"properties":{"geoid":"12086001903","state_fips":"12","county_fips":"12086","tract":"001903","county":"Miami-Dade","median_household_income":40441,"moe":32629,"population":3560,"school_age_population":896}},{"type":"Feature","geometry":{"type":"Polygon","coordinates":[[[-80.234327,25.868316],[-80.23409,25.860941],[-80.208409,25.861907],[-80.208652,25.869239],[-80.234327,25.868316]]]},"properties":{"geoid":"12086000408","state_fips":"12","county_fips":"12086","tract":"000408","county":"Miami-Dade","median_household_income":42744,"moe":15908,"population":5949,"school_age_population":1216}},{"type":"Feature","geometry":{"type":"Polygon","coordinates":[[[-80.289312,25.630791],[-80.287365,25.630755],[-80.287876,25.630279],[-80.282981,25.630333],[-80.282873,25.625182],[-80.270872,25.625382],[-80.255365,25.653106],[-80.237623,25.709566],[-80.247757,25.709521],[-80.247494,25.709211],[-80.248443,25.70921],[-80.248425,25.708741],[-80.252783,25.708553],[-80.252788,25.707773],[-80.260937,25.707904],[-80.260986,25.705131],[-80.272434,25.685259],[-80.273324,25.681059],[-80.27734,25.675921],[-80.280133,25.665112],[-80.2816,25.663966],[-80.28393,25.663668],[-80.283844,25.655837],[-80.285571,25.652613],[-80.28364,25.65264],[-80.283395,25.644445],[-80.282378,25.64315],[-80.283685,25.640078],[-80.285952,25.640793],[-80.286416,25.64031],[-80.285335,25.638112],[-80.286258,25.633494],[-80.287231,25.630905],[-80.288399,25.632743],[-80.289312,25.630791]]]},"properties":{"geoid":"12086008000","state_fips":"12","county_fips":"12086","tract":"008000","county":"Miami-Dade","median_household_income":183944,"moe":32056,"population":4664,"school_age_population":907}},{"type":"Feature","geometry":{"type":"Polygon","coordinates":[[[-80.408834,25.760966],[-80.408221,25.74376],[-80.400131,25.744018],[-80.400788,25.760969],[-80.408834,25.760966]]]},"properties":{"geoid":"12086014800","state_fips":"12","county_fips":"12086","tract":"014800","county":"Miami-Dade","median_household_income":51277,"moe":13195,"population":5366,"school_age_population":705}},{"type":"Feature","geometry":{"type":"Polygon","coordinates":[[[-80.395929,25.753474],[-80.39358,25.752079],[-80.390366,25.751637],[-80.390562,25.754436],[-80.392469,25.757295],[-80.395354,25.75603],[-80.394624,25.755003],[-80.395929,25.753474]]]},"properties":{"geoid":"12086014701","state_fips":"12","county_fips":"12086","tract":"014701","county":"Miami-Dade","median_household_income":44821,"moe":36392,"population":1929,"school_age_population":394}},{"type":"Feature","geometry":{"type":"Polygon","coordinates":[[[-80.239102,25.772338],[-80.238845,25.765173],[-80.230675,25.765403],[-80.230979,25.772567],[-80.239102,25.772338]]]},"properties":{"geoid":"12086005407","state_fips":"12","county_fips":"12086","tract":"005407","county":"Miami-Dade","median_household_income":40057,"moe":7935,"population":2484,"school_age_population":528}},{"type":"Feature","geometry":{"type":"Polygon","coordinates":[[[-80.230397,25.758123],[-80.230134,25.750593],[-80.221985,25.750865],[-80.222308,25.758214],[-80.230397,25.758123]]]},"properties":{"geoid":"12086006503","state_fips":"12","county_fips":"12086","tract":"006503","county":"Miami-Dade","median_household_income":93233,"moe":10494,"population":2145,"school_age_population":365}},{"type":"Feature","geometry":{"type":"Polygon","coordinates":[[[-80.248921,25.823682],[-80.24848,25.812206],[-80.240419,25.812307],[-80.240772,25.823939],[-80.248921,25.823682]]]},"properties":{"geoid":"12086001702","state_fips":"12","county_fips":"12086","tract":"001702","county":"Miami-Dade","median_household_income":40664,"moe":6913,"population":3448,"school_age_population":783}},{"type":"Feature","geometry":{"type":"Polygon","coordinates":[[[-80.322561,25.853659],[-80.320935,25.802775],[-80.320714,25.776917],[-80.312458,25.777166],[-80.312234,25.77074],[-80.31166,25.770576],[-80.309722,25.7715],[-80.30967,25.774432],[-80.308669,25.777264],[-80.308841,25.784815],[-80.317646,25.784588],[-80.318676,25.78523],[-80.318891,25.786243],[-80.318036,25.787862],[-80.316414,25.788635],[-80.308868,25.78875],[-80.309809,25.834938],[-80.309311,25.836862],[-80.304249,25.840061],[-80.322561,25.853659]]]},"properties":{"geoid":"12086009102","state_fips":"12","county_fips":"12086","tract":"009102","county":"Miami-Dade","median_household_income":48176,"moe":6073,"population":3380,"school_age_population":459}},{"type":"Feature","geometry":{"type":"Polygon","coordinates":[[[-80.35186,25.754449],[-80.351628,25.747209],[-80.335656,25.747633],[-80.33592,25.754905],[-80.35186,25.754449]]]},"properties":{"geoid":"12086008909","state_fips":"12","county_fips":"12086","tract":"008909","county":"Miami-Dade","median_household_income":64965,"moe":26061,"population":3556,"school_age_population":258}},{"type":"Feature","geometry":{"type":"Polygon","coordinates":[[[-80.21466,25.773527],[-80.214554,25.769598],[-80.207595,25.769847],[-80.207693,25.773714],[-80.21466,25.773527]]]},"properties":{"geoid":"12086005305","state_fips":"12","county_fips":"12086","tract":"005305","county":"Miami-Dade","median_household_income":28460,"moe":13316,"population":3643,"school_age_population":540}},{"type":"Feature","geometry":{"type":"Polygon","coordinates":[[[-80.207693,25.773714],[-80.20752,25.767901],[-80.204171,25.768015],[-80.204387,25.773834],[-80.207693,25.773714]]]},"properties":{"geoid":"12086003604","state_fips":"12","county_fips":"12086","tract":"003604","county":"Miami-Dade","median_household_income":54031,"moe":18466,"population":2932,"school_age_population":416}},{"type":"Feature","geometry":{"type":"Polygon","coordinates":[[[-80.336173,25.76199],[-80.33592,25.754905],[-80.320053,25.755267],[-80.32096,25.759797],[-80.320598,25.762415],[-80.336173,25.76199]]]},"properties":{"geoid":"12086008910","state_fips":"12","county_fips":"12086","tract":"008910","county":"Miami-Dade","median_household_income":57442,"moe":16461,"population":3429,"school_age_population":479}},{"type":"Feature","geometry":{"type":"Polygon","coordinates":[[[-80.192152,25.779978],[-80.192018,25.77613],[-80.187522,25.776241],[-80.188883,25.780112],[-80.192152,25.779978]]]},"properties":{"geoid":"12086003707","state_fips":"12","county_fips":"12086","tract":"003707","county":"Miami-Dade","median_household_income":115521,"moe":36943,"population":1598,"school_age_population":29}},{"type":"Feature","geometry":{"type":"Polygon","coordinates":[[[-80.199791,25.753199],[-80.198423,25.751405],[-80.198391,25.752272],[-80.19465,25.754161],[-80.194963,25.754569],[-80.194387,25.755087],[-80.190806,25.755507],[-80.190795,25.756792],[-80.192879,25.758009],[-80.199791,25.753199]]]},"properties":{"geoid":"12086006705","state_fips":"12","county_fips":"12086","tract":"006705","county":"Miami-Dade","median_household_income":123459,"moe":42045,"population":4064,"school_age_population":570}},{"type":"Feature","geometry":{"type":"Polygon","coordinates":[[[-80.260881,25.756099],[-80.2548,25.756034],[-80.25514,25.764687],[-80.260852,25.76451],[-80.260881,25.756099]]]},"properties":{"geoid":"12086006205","state_fips":"12","county_fips":"12086","tract":"006205","county":"Miami-Dade","median_household_income":80927,"moe":28591,"population":3268,"school_age_population":418}},{"type":"Feature","geometry":{"type":"Polygon","coordinates":[[[-80.267378,25.764282],[-80.267062,25.755535],[-80.260921,25.75582],[-80.260492,25.756609],[-80.260852,25.76451],[-80.267378,25.764282]]]},"properties":{"geoid":"12086006201","state_fips":"12","county_fips":"12086","tract":"006201","county":"Miami-Dade","median_household_income":57525,"moe":18551,"population":2861,"school_age_population":422}},{"type":"Feature","geometry":{"type":"Polygon","coordinates":[[[-80.267062,25.755535],[-80.266844,25.749326],[-80.254569,25.749862],[-80.2548,25.756034],[-80.267062,25.755535]]]},"properties":{"geoid":"12086006206","state_fips":"12","county_fips":"12086","tract":"006206","county":"Miami-Dade","median_household_income":124688,"moe":42821,"population":4097,"school_age_population":558}},{"type":"Feature","geometry":{"type":"Polygon","coordinates":[[[-80.266844,25.749326],[-80.266418,25.741916],[-80.261475,25.742588],[-80.254322,25.742552],[-80.254569,25.749862],[-80.266844,25.749326]]]},"properties":{"geoid":"12086006203","state_fips":"12","county_fips":"12086","tract":"006203","county":"Miami-Dade","median_household_income":97706,"moe":9382,"population":2572,"school_age_population":495}},{"type":"Feature","geometry":{"type":"Polygon","coordinates":[[[-80.239339,25.779465],[-80.239102,25.772338],[-80.23606,25.77244],[-80.235753,25.779567],[-80.239339,25.779465]]]},"properties":{"geoid":"12086005403","state_fips":"12","county_fips":"12086","tract":"005403","county":"Miami-Dade","median_household_income":54010,"moe":22312,"population":1743,"school_age_population":357}},{"type":"Feature","geometry":{"type":"Polygon","coordinates":[[[-80.385485,25.761004],[-80.384892,25.74634],[-80.367711,25.746714],[-80.368408,25.7613],[-80.385485,25.761004]]]},"properties":{"geoid":"12086008904","state_fips":"12","county_fips":"12086","tract":"008904","county":"Miami-Dade","median_household_income":null,"moe":null,"population":3737,"school_age_population":31}},{"type":"Feature","geometry":{"type":"Polygon","coordinates":[[[-80.232667,25.824177],[-80.232163,25.812038],[-80.224021,25.812211],[-80.224552,25.82443],[-80.232667,25.824177]]]},"properties":{"geoid":"12086001802","state_fips":"12","county_fips":"12086","tract":"001802","county":"Miami-Dade","median_household_income":40806,"moe":9203,"population":4368,"school_age_population":1127}},{"type":"Feature","geometry":{"type":"Polygon","coordinates":[[[-80.206752,25.826715],[-80.206712,25.824975],[-80.195923,25.82528],[-80.196244,25.832622],[-80.206009,25.83232],[-80.206752,25.826715]]]},"properties":{"geoid":"12086002003","state_fips":"12","county_fips":"12086","tract":"002003","county":"Miami-Dade","median_household_income":31406,"moe":12284,"population":3468,"school_age_population":901}},{"type":"Feature","geometry":{"type":"Polygon","coordinates":[[[-80.195923,25.82528],[-80.195358,25.81141],[-80.19084,25.811338],[-80.187625,25.825493],[-80.195923,25.82528]]]},"properties":{"geoid":"12086002201","state_fips":"12","county_fips":"12086","tract":"002201","county":"Miami-Dade","median_household_income":67271,"moe":6819,"population":3130,"school_age_population":475}},{"type":"Feature","geometry":{"type":"Polygon","coordinates":[[[-80.412211,25.487117],[-80.412067,25.480292],[-80.404863,25.48037],[-80.404818,25.477809],[-80.403937,25.477818],[-80.403907,25.475828],[-80.400781,25.475841],[-80.403768,25.473546],[-80.403404,25.472345],[-80.399555,25.475349],[-80.398287,25.474117],[-80.396012,25.47587],[-80.385637,25.475932],[-80.3857,25.483494],[-80.378079,25.488915],[-80.373629,25.488958],[-80.373621,25.487995],[-80.371615,25.48801],[-80.371667,25.494039],[-80.368573,25.496436],[-80.367657,25.496475],[-80.367661,25.497143],[-80.365241,25.499171],[-80.366842,25.500863],[-80.36612,25.501428],[-80.366896,25.502244],[-80.367615,25.501698],[-80.369617,25.503858],[-80.375559,25.503717],[-80.376391,25.504608],[-80.378932,25.504555],[-80.379804,25.503958],[-80.385886,25.504034],[-80.385854,25.507228],[-80.388217,25.507206],[-80.387883,25.518291],[-80.396221,25.518236],[-80.396111,25.505143],[-80.396729,25.505206],[-80.396909,25.50652],[-80.398861,25.506495],[-80.3989,25.505763],[-80.397651,25.505528],[-80.397654,25.503051],[-80.399642,25.502979],[-80.399719,25.500393],[-80.400734,25.499745],[-80.405068,25.499723],[-80.404978,25.494242],[-80.408233,25.494195],[-80.410245,25.49133],[-80.410185,25.487148],[-80.412211,25.487117]]]},"properties":{"geoid":"12086980700","state_fips":"12","county_fips":"12086","tract":"980700","county":"Miami-Dade","median_household_income":9960,"moe":5964,"population":1334,"school_age_population":570}},{"type":"Feature","geometry":{"type":"Polygon","coordinates":[[[-80.313045,25.770141],[-80.28812,25.77078],[-80.28842,25.780834],[-80.291339,25.780301],[-80.313045,25.770141]]]},"properties":{"geoid":"12086005701","state_fips":"12","county_fips":"12086","tract":"005701","county":"Miami-Dade","median_household_income":58204,"moe":25542,"population":6576,"school_age_population":712}},{"type":"Feature","geometry":{"type":"Polygon","coordinates":[[[-80.188753,25.847706],[-80.187934,25.832554],[-80.160497,25.833332],[-80.160935,25.842783],[-80.169616,25.842678],[-80.179361,25.846965],[-80.185735,25.846351],[-80.18776,25.847745],[-80.188753,25.847706]]]},"properties":{"geoid":"12086001302","state_fips":"12","county_fips":"12086","tract":"001302","county":"Miami-Dade","median_household_income":92162,"moe":25807,"population":5809,"school_age_population":709}},{"type":"Feature","geometry":{"type":"Polygon","coordinates":[[[-80.258168,25.738629],[-80.257918,25.73218],[-80.255873,25.732221],[-80.255865,25.731289],[-80.250769,25.735172],[-80.254014,25.73507],[-80.254272,25.742072],[-80.256229,25.742007],[-80.256176,25.738703],[-80.258168,25.738629]]]},"properties":{"geoid":"12086007007","state_fips":"12","county_fips":"12086","tract":"007007","county":"Miami-Dade","median_household_income":95469,"moe":11960,"population":2829,"school_age_population":517}},{"type":"Feature","geometry":{"type":"Polygon","coordinates":[[[-80.161909,25.859109],[-80.163468,25.855673],[-80.153368,25.856073],[-80.143452,25.847583],[-80.143168,25.843374],[-80.136374,25.847603],[-80.136624,25.849312],[-80.140317,25.84911],[-80.140166,25.854098],[-80.135751,25.855151],[-80.132082,25.857257],[-80.129249,25.857243],[-80.128804,25.858067],[-80.128087,25.85805],[-80.131,25.861336],[-80.133738,25.86157],[-80.160958,25.861204],[-80.161909,25.859109]]]},"properties":{"geoid":"12086003916","state_fips":"12","county_fips":"12086","tract":"003916","county":"Miami-Dade","median_household_income":68154,"moe":5924,"population":4178,"school_age_population":610}},{"type":"Feature","geometry":{"type":"Polygon","coordinates":[[[-80.310545,25.855267],[-80.310328,25.847991],[-80.30229,25.847996],[-80.302519,25.855263],[-80.310545,25.855267]]]},"properties":{"geoid":"12086000720","state_fips":"12","county_fips":"12086","tract":"000720","county":"Miami-Dade","median_household_income":44271,"moe":26353,"population":3498,"school_age_population":568}},{"type":"Feature","geometry":{"type":"Polygon","coordinates":[[[-80.207706,25.847104],[-80.206257,25.842079],[-80.206181,25.836075],[-80.196419,25.836333],[-80.196918,25.847433],[-80.207706,25.847104]]]},"properties":{"geoid":"12086001401","state_fips":"12","county_fips":"12086","tract":"001401","county":"Miami-Dade","median_household_income":27673,"moe":3730,"population":6053,"school_age_population":1620}},{"type":"Feature","geometry":{"type":"Polygon","coordinates":[[[-80.241551,25.841265],[-80.24111,25.831136],[-80.224902,25.831729],[-80.225298,25.840852],[-80.241551,25.841265]]]},"properties":{"geoid":"12086001502","state_fips":"12","county_fips":"12086","tract":"001502","county":"Miami-Dade","median_household_income":32413,"moe":7657,"population":4358,"school_age_population":1566}},{"type":"Feature","geometry":{"type":"Polygon","coordinates":[[[-80.197098,25.853025],[-80.196587,25.840039],[-80.18835,25.840243],[-80.188879,25.850215],[-80.188377,25.85238],[-80.188806,25.852952],[-80.19211,25.853592],[-80.197098,25.853025]]]},"properties":{"geoid":"12086001402","state_fips":"12","county_fips":"12086","tract":"001402","county":"Miami-Dade","median_household_income":38439,"moe":4763,"population":4929,"school_age_population":1013}},{"type":"Feature","geometry":{"type":"Polygon","coordinates":[[[-80.455431,25.720425],[-80.455153,25.713179],[-80.431068,25.713879],[-80.431339,25.721194],[-80.435257,25.7212],[-80.435106,25.719069],[-80.438761,25.718097],[-80.4418,25.715504],[-80.443601,25.715388],[-80.444856,25.716131],[-80.443266,25.717102],[-80.443034,25.718697],[-80.444892,25.719387],[-80.444583,25.721029],[-80.442468,25.722308],[-80.443081,25.723892],[-80.442514,25.725477],[-80.439435,25.726371],[-80.439695,25.728287],[-80.447697,25.728013],[-80.447412,25.720717],[-80.455431,25.720425]]]},"properties":{"geoid":"12086016300","state_fips":"12","county_fips":"12086","tract":"016300","county":"Miami-Dade","median_household_income":96250,"moe":28258,"population":4577,"school_age_population":872}},{"type":"Feature","geometry":{"type":"Polygon","coordinates":[[[-80.225252,25.839124],[-80.224902,25.831729],[-80.216592,25.831979],[-80.216995,25.839403],[-80.225252,25.839124]]]},"properties":{"geoid":"12086001501","state_fips":"12","county_fips":"12086","tract":"001501","county":"Miami-Dade","median_household_income":40484,"moe":18419,"population":3359,"school_age_population":850}},{"type":"Feature","geometry":{"type":"Polygon","coordinates":[[[-80.279131,25.881541],[-80.278907,25.870559],[-80.266869,25.870473],[-80.267197,25.88184],[-80.279131,25.881541]]]},"properties":{"geoid":"12086000601","state_fips":"12","county_fips":"12086","tract":"000601","county":"Miami-Dade","median_household_income":67171,"moe":30307,"population":3765,"school_age_population":556}},{"type":"Feature","geometry":{"type":"Polygon","coordinates":[[[-80.417282,25.773239],[-80.417132,25.768867],[-80.408997,25.769151],[-80.409,25.77407],[-80.407459,25.777989],[-80.408787,25.782654],[-80.417073,25.782675],[-80.417282,25.773239]]]},"properties":{"geoid":"12086014200","state_fips":"12","county_fips":"12086","tract":"014200","county":"Miami-Dade","median_household_income":120234,"moe":40188,"population":4373,"school_age_population":634}},{"type":"Feature","geometry":{"type":"Polygon","coordinates":[[[-80.24701,25.764929],[-80.246788,25.757505],[-80.242661,25.757667],[-80.242708,25.75859],[-80.238603,25.758701],[-80.238845,25.765173],[-80.24701,25.764929]]]},"properties":{"geoid":"12086006303","state_fips":"12","county_fips":"12086","tract":"006303","county":"Miami-Dade","median_household_income":50917,"moe":30960,"population":3735,"school_age_population":412}},{"type":"Feature","geometry":{"type":"Polygon","coordinates":[[[-80.371157,25.382137],[-80.367665,25.38184],[-80.367592,25.356724],[-80.33819,25.356994],[-80.338874,25.356747],[-80.338606,25.349276],[-80.331521,25.345874],[-80.334028,25.343548],[-80.333786,25.342809],[-80.34211,25.332801],[-80.343812,25.328398],[-80.343232,25.328535],[-80.343208,25.324431],[-80.342199,25.323512],[-80.343317,25.321756],[-80.338468,25.323743],[-80.339623,25.328606],[-80.335555,25.336465],[-80.32812,25.346478],[-80.322369,25.355985],[-80.312409,25.364351],[-80.306798,25.367773],[-80.288702,25.3679],[-80.281408,25.370815],[-80.275431,25.37829],[-80.27358,25.394098],[-80.276728,25.40317],[-80.280626,25.408856],[-80.288271,25.41346],[-80.293668,25.415626],[-80.298465,25.420907],[-80.302063,25.432416],[-80.303112,25.444738],[-80.312107,25.452726],[-80.326683,25.46298],[-80.334232,25.463293],[-80.335266,25.462679],[-80.335012,25.461428],[-80.336316,25.461032],[-80.337148,25.459427],[-80.338936,25.45924],[-80.337259,25.459089],[-80.336877,25.455829],[-80.33744,25.455767],[-80.336245,25.455375],[-80.336215,25.454504],[-80.334642,25.45366],[-80.333363,25.45181],[-80.330595,25.450641],[-80.330995,25.448729],[-80.329618,25.448458],[-80.367365,25.448031],[-80.367326,25.443601],[-80.36637,25.443636],[-80.362773,25.440827],[-80.35904,25.439194],[-80.355665,25.438579],[-80.354725,25.437136],[-80.352034,25.435905],[-80.371157,25.382137]]]},"properties":{"geoid":"12086981200","state_fips":"12","county_fips":"12086","tract":"981200","county":"Miami-Dade","median_household_income":null,"moe":null,"population":0,"school_age_population":0}},{"type":"Feature","geometry":{"type":"Polygon","coordinates":[[[-80.431068,25.713879],[-80.430489,25.699445],[-80.414508,25.699951],[-80.414739,25.705175],[-80.419877,25.705969],[-80.423393,25.704405],[-80.425024,25.70506],[-80.425518,25.706257],[-80.424618,25.707922],[-80.421029,25.709604],[-80.418311,25.708997],[-80.414909,25.709712],[-80.415105,25.714388],[-80.431068,25.713879]]]},"properties":{"geoid":"12086016800","state_fips":"12","county_fips":"12086","tract":"016800","county":"Miami-Dade","median_household_income":62071,"moe":23893,"population":3847,"school_age_population":542}},{"type":"Feature","geometry":{"type":"Polygon","coordinates":[[[-80.222498,25.765604],[-80.222295,25.757905],[-80.21424,25.757774],[-80.214451,25.765883],[-80.222498,25.765604]]]},"properties":{"geoid":"12086006403","state_fips":"12","county_fips":"12086","tract":"006403","county":"Miami-Dade","median_household_income":36786,"moe":23950,"population":3023,"school_age_population":332}},{"type":"Feature","geometry":{"type":"Polygon","coordinates":[[[-80.254832,25.757249],[-80.254569,25.749862],[-80.238255,25.750327],[-80.238603,25.758701],[-80.242708,25.75859],[-80.242661,25.757667],[-80.254832,25.757249]]]},"properties":{"geoid":"12086006302","state_fips":"12","county_fips":"12086","tract":"006302","county":"Miami-Dade","median_household_income":77772,"moe":22303,"population":5644,"school_age_population":1343}},{"type":"Feature","geometry":{"type":"Polygon","coordinates":[[[-80.238845,25.765173],[-80.238557,25.757777],[-80.230397,25.758123],[-80.230675,25.765403],[-80.238845,25.765173]]]},"properties":{"geoid":"12086006401","state_fips":"12","county_fips":"12086","tract":"006401","county":"Miami-Dade","median_household_income":41667,"moe":16355,"population":3331,"school_age_population":449}},{"type":"Feature","geometry":{"type":"Polygon","coordinates":[[[-80.85822,25.192301],[-80.858167,25.176607],[-80.851676,25.17732],[-80.846407,25.177066],[-80.845298,25.176354],[-80.841795,25.176262],[-80.838216,25.174792],[-80.834209,25.172682],[-80.830025,25.168114],[-80.828741,25.16612],[-80.827164,25.160906],[-80.826526,25.1605],[-80.814163,25.165418],[-80.809962,25.16829],[-80.809255,25.172192],[-80.810437,25.174576],[-80.813034,25.176067],[-80.813333,25.180038],[-80.814416,25.182743],[-80.813232,25.182515],[-80.812298,25.183295],[-80.809576,25.183866],[-80.809374,25.183362],[-80.812047,25.180587],[-80.811469,25.1799],[-80.808368,25.181549],[-80.808189,25.18421],[-80.805543,25.183543],[-80.802922,25.182004],[-80.799242,25.181568],[-80.796218,25.18042],[-80.793901,25.176244],[-80.797764,25.166588],[-80.800135,25.163194],[-80.801123,25.156611],[-80.802561,25.152871],[-80.800699,25.148653],[-80.801055,25.143559],[-80.800526,25.142985],[-80.799888,25.14333],[-80.797953,25.146723],[-80.798401,25.156357],[-80.79729,25.159799],[-80.795801,25.162113],[-80.792422,25.164452],[-80.78723,25.164427],[-80.782213,25.165273],[-80.780223,25.164719],[-80.778057,25.162539],[-80.772749,25.150586],[-80.772574,25.148291],[-80.773535,25.144301],[-80.778403,25.138637],[-80.778018,25.137704],[-80.777093,25.13742],[-80.771472,25.140444],[-80.768997,25.146821],[-80.768793,25.150078],[-80.770152,25.151523],[-80.770528,25.153933],[-80.772366,25.156502],[-80.772186,25.159805],[-80.771102,25.160975],[-80.765959,25.162279],[-80.761023,25.161584],[-80.755384,25.159157],[-80.75495,25.156512],[-80.756315,25.152706],[-80.754558,25.151351],[-80.752708,25.151899],[-80.751453,25.151392],[-80.74293,25.142654],[-80.740568,25.142478],[-80.73491,25.143652],[-80.730625,25.14306],[-80.727728,25.144897],[-80.721555,25.145496],[-80.721249,25.146214],[-80.722362,25.147515],[-80.726371,25.149821],[-80.728571,25.150275],[-80.730986,25.152922],[-80.736203,25.152117],[-80.738469,25.150807],[-80.739427,25.151081],[-80.743739,25.1539],[-80.744523,25.15594],[-80.747197,25.158715],[-80.747279,25.164815],[-80.745918,25.165391],[-80.742438,25.164017],[-80.741075,25.162366],[-80.738832,25.16161],[-80.737267,25.159065],[-80.735681,25.160582],[-80.734194,25.160972],[-80.729908,25.159759],[-80.729256,25.163614],[-80.731704,25.167443],[-80.725527,25.165772],[-80.72308,25.161553],[-80.723002,25.159329],[-80.725924,25.156665],[-80.727206,25.152879],[-80.726172,25.152559],[-80.721613,25.154856],[-80.717329,25.155387],[-80.713898,25.151901],[-80.712967,25.151536],[-80.711853,25.152008],[-80.710899,25.151376],[-80.710216,25.148921],[-80.708753,25.146835],[-80.707994,25.141307],[-80.706972,25.140041],[-80.704062,25.140415],[-80.703231,25.141447],[-80.703208,25.143834],[-80.70467,25.145117],[-80.705379,25.149017],[-80.703516,25.152734],[-80.697594,25.154434],[-80.698605,25.159044],[-80.698607,25.161843],[-80.697851,25.162944],[-80.696138,25.163839],[-80.693166,25.167282],[-80.6881,25.168866],[-80.680238,25.174559],[-80.678449,25.174604],[-80.677515,25.172862],[-80.678119,25.168962],[-80.680008,25.166552],[-80.680436,25.164785],[-80.679654,25.16403],[-80.678066,25.163938],[-80.675219,25.166783],[-80.672321,25.167495],[-80.67401,25.168849],[-80.674061,25.170019],[-80.673406,25.171119],[-80.673256,25.173895],[-80.671694,25.174583],[-80.667987,25.170822],[-80.669825,25.167038],[-80.666196,25.166671],[-80.664508,25.16736],[-80.661911,25.167383],[-80.657803,25.169128],[-80.656316,25.166926],[-80.653568,25.164655],[-80.653063,25.162866],[-80.656615,25.156282],[-80.661907,25.154011],[-80.6642,25.151373],[-80.665637,25.150868],[-80.665863,25.149652],[-80.669289,25.146577],[-80.670924,25.144145],[-80.67458,25.142241],[-80.675108,25.140266],[-80.674503,25.138821],[-80.673696,25.138477],[-80.672412,25.13896],[-80.669061,25.142127],[-80.664046,25.141441],[-80.659158,25.142633],[-80.658326,25.143414],[-80.658629,25.145226],[-80.657974,25.146601],[-80.657117,25.146281],[-80.657394,25.14525],[-80.656663,25.144928],[-80.652808,25.146077],[-80.652454,25.147315],[-80.655933,25.149378],[-80.65641,25.154287],[-80.655325,25.155751],[-80.650944,25.15744],[-80.651775,25.162119],[-80.649897,25.167349],[-80.647517,25.171503],[-80.645074,25.174704],[-80.640285,25.176655],[-80.635472,25.175943],[-80.633632,25.176334],[-80.635521,25.178397],[-80.638067,25.178556],[-80.643059,25.1781],[-80.651654,25.175345],[-80.655788,25.175849],[-80.657955,25.177499],[-80.659191,25.174747],[-80.662443,25.174975],[-80.664259,25.177406],[-80.663982,25.179494],[-80.660857,25.181973],[-80.65937,25.184771],[-80.654278,25.184795],[-80.654329,25.188214],[-80.652741,25.189612],[-80.651633,25.192479],[-80.648279,25.192159],[-80.647498,25.191426],[-80.647119,25.189522],[-80.644195,25.190691],[-80.63885,25.190877],[-80.636506,25.192573],[-80.634237,25.192367],[-80.633682,25.194156],[-80.631111,25.195326],[-80.630758,25.196978],[-80.629447,25.197713],[-80.628238,25.197481],[-80.625313,25.195004],[-80.624204,25.195464],[-80.624002,25.19778],[-80.622539,25.199181],[-80.621254,25.199202],[-80.61959,25.197575],[-80.618279,25.198951],[-80.6149,25.200717],[-80.609933,25.200256],[-80.608522,25.202734],[-80.604916,25.202733],[-80.603936,25.200927],[-80.605724,25.196723],[-80.605724,25.194797],[-80.604111,25.193145],[-80.603255,25.190576],[-80.604087,25.188878],[-80.607465,25.187824],[-80.609734,25.18592],[-80.609079,25.184245],[-80.609583,25.182846],[-80.612961,25.182022],[-80.621456,25.183604],[-80.622691,25.182686],[-80.625187,25.18255],[-80.621841,25.180312],[-80.619616,25.181999],[-80.617801,25.180461],[-80.619238,25.178009],[-80.619011,25.17736],[-80.614448,25.175779],[-80.610222,25.180304],[-80.606404,25.186384],[-80.594619,25.190368],[-80.594016,25.191471],[-80.594173,25.195159],[-80.59158,25.199245],[-80.58762,25.200691],[-80.583836,25.200557],[-80.583283,25.20523],[-80.584139,25.207454],[-80.58245,25.208119],[-80.582979,25.209611],[-80.582374,25.210551],[-80.579852,25.21172],[-80.577103,25.212084],[-80.574558,25.210066],[-80.572288,25.210777],[-80.570725,25.210294],[-80.568404,25.211554],[-80.56548,25.209581],[-80.56354,25.207171],[-80.563819,25.205083],[-80.56508,25.204143],[-80.569013,25.204168],[-80.569569,25.200704],[-80.57126,25.198526],[-80.573251,25.198184],[-80.574613,25.198667],[-80.576425,25.203576],[-80.577233,25.202221],[-80.577208,25.200752],[-80.574966,25.197977],[-80.572748,25.197151],[-80.568791,25.193159],[-80.565387,25.192651],[-80.565521,25.195108],[-80.563923,25.197017],[-80.558546,25.199303],[-80.559306,25.20444],[-80.562253,25.210497],[-80.561949,25.212194],[-80.557965,25.211642],[-80.555343,25.212535],[-80.553829,25.21398],[-80.54919,25.214045],[-80.548208,25.212096],[-80.549597,25.208632],[-80.547934,25.206178],[-80.545641,25.204983],[-80.543497,25.206191],[-80.541158,25.205702],[-80.537847,25.201434],[-80.536566,25.200721],[-80.535837,25.198923],[-80.535709,25.201033],[-80.538649,25.204097],[-80.538051,25.205804],[-80.540671,25.20865],[-80.540619,25.211449],[-80.539634,25.213512],[-80.538297,25.214291],[-80.532624,25.213899],[-80.530909,25.214836],[-80.529069,25.213505],[-80.528586,25.216944],[-80.524827,25.21958],[-80.524296,25.221164],[-80.519176,25.222375],[-80.514641,25.219548],[-80.514541,25.218563],[-80.5154,25.217394],[-80.514012,25.217943],[-80.510635,25.216058],[-80.509529,25.212273],[-80.507186,25.210116],[-80.506886,25.208555],[-80.508131,25.206505],[-80.506156,25.207044],[-80.50487,25.206584],[-80.503787,25.205641],[-80.503109,25.203142],[-80.500258,25.204814],[-80.500488,25.202243],[-80.499295,25.200804],[-80.497983,25.199932],[-80.495335,25.199499],[-80.496069,25.202846],[-80.495568,25.205323],[-80.498694,25.208128],[-80.500531,25.208391],[-80.501337,25.209608],[-80.500604,25.211191],[-80.498876,25.211102],[-80.497819,25.208919],[-80.495848,25.208536],[-80.495695,25.206632],[-80.494913,25.206449],[-80.494259,25.207596],[-80.493552,25.207047],[-80.493854,25.206061],[-80.492769,25.205579],[-80.492139,25.20597],[-80.492181,25.207499],[-80.490529,25.207822],[-80.488163,25.206709],[-80.487215,25.207126],[-80.488182,25.209567],[-80.487034,25.212306],[-80.488742,25.212486],[-80.489196,25.213427],[-80.490229,25.213013],[-80.491818,25.213471],[-80.494998,25.21629],[-80.494977,25.220189],[-80.494448,25.221314],[-80.496038,25.222735],[-80.496039,25.223997],[-80.494176,25.227117],[-80.490696,25.227279],[-80.48916,25.228818],[-80.487318,25.228728],[-80.484996,25.225519],[-80.482473,25.224878],[-80.480408,25.228228],[-80.477182,25.229582],[-80.475872,25.230799],[-80.474484,25.230618],[-80.472667,25.228555],[-80.470853,25.230413],[-80.468634,25.230048],[-80.468207,25.233602],[-80.467149,25.234727],[-80.464678,25.23489],[-80.46382,25.235898],[-80.460795,25.236818],[-80.456331,25.235191],[-80.457441,25.236844],[-80.456534,25.238816],[-80.455223,25.239116],[-80.453407,25.238359],[-80.44897,25.240747],[-80.444455,25.2399],[-80.44551,25.241164],[-80.445598,25.242729],[-80.444205,25.244199],[-80.441431,25.243941],[-80.439306,25.242509],[-80.438991,25.241221],[-80.440006,25.239435],[-80.436944,25.240646],[-80.435234,25.240632],[-80.434731,25.238375],[-80.435642,25.238191],[-80.435486,25.237296],[-80.436466,25.235894],[-80.433478,25.236417],[-80.472863,25.418573],[-80.474323,25.426091],[-80.474155,25.433207],[-80.501493,25.433101],[-80.501342,25.418459],[-80.512298,25.418344],[-80.528438,25.403921],[-80.559887,25.403513],[-80.580108,25.394978],[-80.585018,25.394049],[-80.589294,25.394228],[-80.594799,25.396013],[-80.634454,25.416495],[-80.639643,25.417474],[-80.662797,25.416978],[-80.674304,25.419806],[-80.680836,25.423543],[-80.693901,25.434035],[-80.701049,25.43684],[-80.707013,25.437315],[-80.711553,25.436888],[-80.735586,25.432978],[-80.752675,25.433726],[-80.757328,25.433373],[-80.762819,25.432061],[-80.769789,25.428746],[-80.775972,25.423069],[-80.783865,25.411271],[-80.790828,25.402648],[-80.804092,25.389457],[-80.810008,25.382231],[-80.816959,25.370721],[-80.819925,25.364092],[-80.821243,25.358661],[-80.821192,25.353347],[-80.818342,25.345782],[-80.813757,25.340753],[-80.804629,25.335172],[-80.80214,25.332883],[-80.7987,25.326275],[-80.7984,25.255582],[-80.798915,25.249055],[-80.802137,25.245236],[-80.858107,25.211138],[-80.85822,25.192301]]]},"properties":{"geoid":"12086011408","state_fips":"12","county_fips":"12086","tract":"011408","county":"Miami-Dade","median_household_income":38934,"moe":1339,"population":5309,"school_age_population":1524}},{"type":"Feature","geometry":{"type":"Polygon","coordinates":[[[-80.240025,25.801683],[-80.239819,25.794275],[-80.223257,25.794741],[-80.223561,25.802147],[-80.240025,25.801683]]]},"properties":{"geoid":"12086002402","state_fips":"12","county_fips":"12086","tract":"002402","county":"Miami-Dade","median_household_income":43801,"moe":8933,"population":6305,"school_age_population":1795}},{"type":"Feature","geometry":{"type":"Polygon","coordinates":[[[-80.8736,25.908301],[-80.873009,25.75038],[-80.87319,25.363993],[-80.862191,25.364193],[-80.861991,25.242898],[-80.857989,25.243],[-80.858107,25.211138],[-80.802137,25.245236],[-80.798915,25.249055],[-80.7984,25.255582],[-80.7987,25.326275],[-80.80214,25.332883],[-80.804629,25.335172],[-80.813757,25.340753],[-80.818342,25.345782],[-80.821192,25.353347],[-80.821243,25.358661],[-80.819925,25.364092],[-80.816959,25.370721],[-80.810008,25.382231],[-80.804092,25.389457],[-80.790828,25.402648],[-80.783865,25.411271],[-80.775972,25.423069],[-80.769789,25.428746],[-80.762819,25.432061],[-80.757328,25.433373],[-80.752675,25.433726],[-80.735586,25.432978],[-80.711553,25.436888],[-80.707013,25.437315],[-80.701049,25.43684],[-80.693901,25.434035],[-80.680836,25.423543],[-80.674304,25.419806],[-80.662797,25.416978],[-80.639643,25.417474],[-80.634454,25.416495],[-80.594799,25.396013],[-80.587536,25.394068],[-80.580108,25.394978],[-80.559887,25.403513],[-80.528438,25.403921],[-80.512298,25.418344],[-80.501342,25.418459],[-80.501627,25.469619],[-80.509701,25.469604],[-80.510636,25.550233],[-80.506576,25.550265],[-80.506812,25.586821],[-80.510894,25.58688],[-80.511065,25.608702],[-80.512137,25.608682],[-80.496591,25.623913],[-80.499067,25.683212],[-80.496285,25.687982],[-80.495744,25.690021],[-80.498426,25.760985],[-80.498253,25.762356],[-80.48327,25.775543],[-80.484508,25.797614],[-80.483856,25.813183],[-80.486611,25.892422],[-80.453819,25.927274],[-80.444967,25.937965],[-80.440263,25.942659],[-80.440928,25.956858],[-80.680016,25.956857],[-80.680038,25.978749],[-80.872932,25.979434],[-80.8736,25.908301]]]},"properties":{"geoid":"12086011500","state_fips":"12","county_fips":"12086","tract":"011500","county":"Miami-Dade","median_household_income":107073,"moe":9409,"population":5491,"school_age_population":1200}},{"type":"Feature","geometry":{"type":"Polygon","coordinates":[[[-80.230675,25.765403],[-80.230397,25.758123],[-80.222308,25.758214],[-80.222498,25.765604],[-80.230675,25.765403]]]},"properties":{"geoid":"12086006402","state_fips":"12","county_fips":"12086","tract":"006402","county":"Miami-Dade","median_household_income":66042,"moe":25224,"population":3961,"school_age_population":501}},{"type":"Feature","geometry":{"type":"Polygon","coordinates":[[[-80.342308,25.942285],[-80.341605,25.927926],[-80.325926,25.928079],[-80.325559,25.927619],[-80.326125,25.942343],[-80.342308,25.942285]]]},"properties":{"geoid":"12086012200","state_fips":"12","county_fips":"12086","tract":"012200","county":"Miami-Dade","median_household_income":97083,"moe":25284,"population":5291,"school_age_population":1130}},{"type":"Feature","geometry":{"type":"Polygon","coordinates":[[[-80.205841,25.802673],[-80.205578,25.797097],[-80.200462,25.797676],[-80.200353,25.795431],[-80.194455,25.795623],[-80.192649,25.803312],[-80.205841,25.802673]]]},"properties":{"geoid":"12086002800","state_fips":"12","county_fips":"12086","tract":"002800","county":"Miami-Dade","median_household_income":38200,"moe":23618,"population":1205,"school_age_population":107}},{"type":"Feature","geometry":{"type":"Polygon","coordinates":[[[-80.223561,25.802147],[-80.223257,25.794741],[-80.207018,25.79524],[-80.207076,25.797092],[-80.205578,25.797097],[-80.205841,25.802673],[-80.223561,25.802147]]]},"properties":{"geoid":"12086002900","state_fips":"12","county_fips":"12086","tract":"002900","county":"Miami-Dade","median_household_income":42875,"moe":15076,"population":5174,"school_age_population":996}},{"type":"Feature","geometry":{"type":"Polygon","coordinates":[[[-80.24111,25.831136],[-80.240772,25.823939],[-80.224552,25.82443],[-80.224902,25.831729],[-80.24111,25.831136]]]},"properties":{"geoid":"12086001801","state_fips":"12","county_fips":"12086","tract":"001801","county":"Miami-Dade","median_household_income":45135,"moe":14934,"population":4518,"school_age_population":1215}},{"type":"Feature","geometry":{"type":"Polygon","coordinates":[[[-80.206712,25.824975],[-80.206151,25.812448],[-80.195358,25.81141],[-80.195923,25.82528],[-80.206712,25.824975]]]},"properties":{"geoid":"12086002202","state_fips":"12","county_fips":"12086","tract":"002202","county":"Miami-Dade","median_household_income":49685,"moe":18960,"population":5283,"school_age_population":1203}},{"type":"Feature","geometry":{"type":"Polygon","coordinates":[[[-80.189086,25.789996],[-80.189078,25.789538],[-80.179887,25.789913],[-80.179085,25.78889],[-80.166154,25.788887],[-80.163865,25.797191],[-80.182634,25.797149],[-80.18259,25.791901],[-80.188964,25.792338],[-80.189086,25.789996]]]},"properties":{"geoid":"12086002710","state_fips":"12","county_fips":"12086","tract":"002710","county":"Miami-Dade","median_household_income":117636,"moe":65472,"population":1800,"school_age_population":145}},{"type":"Feature","geometry":{"type":"Polygon","coordinates":[[[-80.189056,25.797136],[-80.188964,25.792338],[-80.18259,25.791901],[-80.182634,25.797149],[-80.189056,25.797136]]]},"properties":{"geoid":"12086002709","state_fips":"12","county_fips":"12086","tract":"002709","county":"Miami-Dade","median_household_income":123892,"moe":22104,"population":4182,"school_age_population":252}},{"type":"Feature","geometry":{"type":"Polygon","coordinates":[[[-80.224404,25.820796],[-80.224021,25.812211],[-80.206151,25.812448],[-80.206643,25.822215],[-80.208053,25.822157],[-80.208019,25.821236],[-80.224404,25.820796]]]},"properties":{"geoid":"12086002300","state_fips":"12","county_fips":"12086","tract":"002300","county":"Miami-Dade","median_household_income":39857,"moe":19690,"population":5471,"school_age_population":1615}},{"type":"Feature","geometry":{"type":"Polygon","coordinates":[[[-80.323868,25.928578],[-80.314759,25.928844],[-80.314605,25.931445],[-80.317147,25.932006],[-80.317075,25.933049],[-80.322325,25.933588],[-80.323868,25.928578]]]},"properties":{"geoid":"12086012105","state_fips":"12","county_fips":"12086","tract":"012105","county":"Miami-Dade","median_household_income":73825,"moe":11512,"population":3153,"school_age_population":712}},{"type":"Feature","geometry":{"type":"Polygon","coordinates":[[[-80.196468,25.831441],[-80.195923,25.82528],[-80.187625,25.825493],[-80.187971,25.833222],[-80.196244,25.832622],[-80.196468,25.831441]]]},"properties":{"geoid":"12086002004","state_fips":"12","county_fips":"12086","tract":"002004","county":"Miami-Dade","median_household_income":35271,"moe":7757,"population":3246,"school_age_population":1060}},{"type":"Feature","geometry":{"type":"Polygon","coordinates":[[[-80.19082,25.811422],[-80.185464,25.8115],[-80.181152,25.810605],[-80.16009,25.810503],[-80.159397,25.812967],[-80.160497,25.833332],[-80.187934,25.832554],[-80.187659,25.825226],[-80.19082,25.811422]]]},"properties":{"geoid":"12086002100","state_fips":"12","county_fips":"12086","tract":"002100","county":"Miami-Dade","median_household_income":96833,"moe":68040,"population":3048,"school_age_population":638}},{"type":"Feature","geometry":{"type":"Polygon","coordinates":[[[-80.372998,25.768379],[-80.372466,25.761229],[-80.368408,25.7613],[-80.368995,25.76845],[-80.372998,25.768379]]]},"properties":{"geoid":"12086009020","state_fips":"12","county_fips":"12086","tract":"009020","county":"Miami-Dade","median_household_income":41411,"moe":10715,"population":3004,"school_age_population":608}},{"type":"Feature","geometry":{"type":"Polygon","coordinates":[[[-80.238557,25.757777],[-80.238255,25.750327],[-80.230134,25.750593],[-80.230397,25.758123],[-80.238557,25.757777]]]},"properties":{"geoid":"12086006501","state_fips":"12","county_fips":"12086","tract":"006501","county":"Miami-Dade","median_household_income":70563,"moe":22249,"population":3482,"school_age_population":624}},{"type":"Feature","geometry":{"type":"Polygon","coordinates":[[[-80.365874,25.620623],[-80.365477,25.613227],[-80.347173,25.613923],[-80.345593,25.619128],[-80.351822,25.621088],[-80.365874,25.620623]]]},"properties":{"geoid":"12086008311","state_fips":"12","county_fips":"12086","tract":"008311","county":"Miami-Dade","median_household_income":94102,"moe":21005,"population":4343,"school_age_population":852}},{"type":"Feature","geometry":{"type":"Polygon","coordinates":[[[-80.270888,25.719387],[-80.268287,25.716439],[-80.268037,25.712423],[-80.261105,25.712671],[-80.261687,25.726526],[-80.270888,25.719387]]]},"properties":{"geoid":"12086007401","state_fips":"12","county_fips":"12086","tract":"007401","county":"Miami-Dade","median_household_income":239853,"moe":25814,"population":1440,"school_age_population":376}},{"type":"Feature","geometry":{"type":"Polygon","coordinates":[[[-80.193313,25.766414],[-80.193278,25.761585],[-80.19188,25.761675],[-80.190688,25.766184],[-80.193313,25.766414]]]},"properties":{"geoid":"12086006718","state_fips":"12","county_fips":"12086","tract":"006718","county":"Miami-Dade","median_household_income":200729,"moe":46590,"population":2924,"school_age_population":126}},{"type":"Feature","geometry":{"type":"Polygon","coordinates":[[[-80.230134,25.750593],[-80.22987,25.742849],[-80.219787,25.746554],[-80.21918,25.747813],[-80.21455,25.751063],[-80.230134,25.750593]]]},"properties":{"geoid":"12086006902","state_fips":"12","county_fips":"12086","tract":"006902","county":"Miami-Dade","median_household_income":76656,"moe":39602,"population":3110,"school_age_population":501}},{"type":"Feature","geometry":{"type":"Polygon","coordinates":[[[-80.407279,25.515241],[-80.407989,25.514462],[-80.396159,25.51459],[-80.396221,25.518236],[-80.388103,25.518288],[-80.388291,25.529253],[-80.393169,25.528236],[-80.396232,25.526761],[-80.407279,25.515241]]]},"properties":{"geoid":"12086010707","state_fips":"12","county_fips":"12086","tract":"010707","county":"Miami-Dade","median_household_income":57816,"moe":5565,"population":4066,"school_age_population":1082}},{"type":"Feature","geometry":{"type":"Polygon","coordinates":[[[-80.385396,25.643505],[-80.385327,25.633917],[-80.384127,25.630852],[-80.380237,25.62741],[-80.372112,25.627797],[-80.372599,25.632005],[-80.37495,25.634632],[-80.373877,25.636842],[-80.37482,25.636797],[-80.374888,25.639299],[-80.376852,25.639177],[-80.376951,25.64217],[-80.382954,25.641852],[-80.383046,25.644743],[-80.385396,25.643505]]]},"properties":{"geoid":"12086008312","state_fips":"12","county_fips":"12086","tract":"008312","county":"Miami-Dade","median_household_income":65385,"moe":17334,"population":3474,"school_age_population":463}},{"type":"Feature","geometry":{"type":"Polygon","coordinates":[[[-80.424414,25.670572],[-80.423849,25.655876],[-80.415821,25.656355],[-80.416358,25.670796],[-80.424414,25.670572]]]},"properties":{"geoid":"12086018801","state_fips":"12","county_fips":"12086","tract":"018801","county":"Miami-Dade","median_household_income":116196,"moe":34293,"population":2624,"school_age_population":498}},{"type":"Feature","geometry":{"type":"Polygon","coordinates":[[[-80.454536,25.698589],[-80.454074,25.684142],[-80.446009,25.68445],[-80.446537,25.698879],[-80.454536,25.698589]]]},"properties":{"geoid":"12086017902","state_fips":"12","county_fips":"12086","tract":"017902","county":"Miami-Dade","median_household_income":120540,"moe":9570,"population":4453,"school_age_population":637}},{"type":"Feature","geometry":{"type":"Polygon","coordinates":[[[-80.215143,25.795001],[-80.214683,25.782562],[-80.212003,25.781627],[-80.206915,25.778289],[-80.206424,25.778584],[-80.207018,25.79524],[-80.215143,25.795001]]]},"properties":{"geoid":"12086003001","state_fips":"12","county_fips":"12086","tract":"003001","county":"Miami-Dade","median_household_income":43776,"moe":16849,"population":3202,"school_age_population":449}},{"type":"Feature","geometry":{"type":"Polygon","coordinates":[[[-80.185097,25.94736],[-80.180489,25.943917],[-80.178308,25.945495],[-80.173277,25.944783],[-80.17311,25.951202],[-80.165384,25.951415],[-80.165758,25.959177],[-80.16943,25.959136],[-80.176728,25.95442],[-80.185097,25.94736]]]},"properties":{"geoid":"12086009706","state_fips":"12","county_fips":"12086","tract":"009706","county":"Miami-Dade","median_household_income":53050,"moe":14431,"population":3814,"school_age_population":586}},{"type":"Feature","geometry":{"type":"Polygon","coordinates":[[[-80.16943,25.959136],[-80.165758,25.959177],[-80.164916,25.946006],[-80.156683,25.946281],[-80.156441,25.947198],[-80.147582,25.947464],[-80.147058,25.950044],[-80.147497,25.963578],[-80.162037,25.963062],[-80.165638,25.963995],[-80.167078,25.961115],[-80.16943,25.959136]]]},"properties":{"geoid":"12086009704","state_fips":"12","county_fips":"12086","tract":"009704","county":"Miami-Dade","median_household_income":95283,"moe":24449,"population":5035,"school_age_population":1410}},{"type":"Feature","geometry":{"type":"Polygon","coordinates":[[[-80.194422,25.973169],[-80.194343,25.970071],[-80.19363,25.968361],[-80.192049,25.967354],[-80.188214,25.966644],[-80.185658,25.963081],[-80.183474,25.964268],[-80.180228,25.964836],[-80.17417,25.964898],[-80.165638,25.963995],[-80.165223,25.96771],[-80.165724,25.973783],[-80.194422,25.973169]]]},"properties":{"geoid":"12086009803","state_fips":"12","county_fips":"12086","tract":"009803","county":"Miami-Dade","median_household_income":73235,"moe":8216,"population":7820,"school_age_population":1606}},{"type":"Feature","geometry":{"type":"Polygon","coordinates":[[[-80.232163,25.812038],[-80.231761,25.801903],[-80.223561,25.802147],[-80.224021,25.812211],[-80.232163,25.812038]]]},"properties":{"geoid":"12086002404","state_fips":"12","county_fips":"12086","tract":"002404","county":"Miami-Dade","median_household_income":23516,"moe":9871,"population":5306,"school_age_population":907}},{"type":"Feature","geometry":{"type":"Polygon","coordinates":[[[-80.131684,25.938253],[-80.131345,25.936822],[-80.126627,25.937026],[-80.125991,25.93933],[-80.123367,25.941354],[-80.121297,25.941439],[-80.121173,25.943454],[-80.114555,25.943141],[-80.114555,25.953771],[-80.125875,25.954126],[-80.126511,25.951936],[-80.128016,25.950617],[-80.128315,25.948982],[-80.127409,25.947031],[-80.127869,25.944515],[-80.131684,25.938253]]]},"properties":{"geoid":"12086000123","state_fips":"12","county_fips":"12086","tract":"000123","county":"Miami-Dade","median_household_income":64348,"moe":32057,"population":4050,"school_age_population":681}},{"type":"Feature","geometry":{"type":"Polygon","coordinates":[[[-80.129736,25.929949],[-80.122037,25.929891],[-80.12167,25.935431],[-80.126192,25.935253],[-80.126369,25.931907],[-80.127727,25.931304],[-80.125901,25.930605],[-80.128681,25.930609],[-80.129736,25.929949]]]},"properties":{"geoid":"12086000140","state_fips":"12","county_fips":"12086","tract":"000140","county":"Miami-Dade","median_household_income":78140,"moe":23417,"population":3404,"school_age_population":668}},{"type":"Feature","geometry":{"type":"Polygon","coordinates":[[[-80.139433,25.939562],[-80.139322,25.938182],[-80.131684,25.938253],[-80.127869,25.944515],[-80.127409,25.947031],[-80.128315,25.948982],[-80.134463,25.94941],[-80.134566,25.948744],[-80.135458,25.948661],[-80.13531,25.94525],[-80.137164,25.945183],[-80.136597,25.944137],[-80.137142,25.943894],[-80.137638,25.945111],[-80.138432,25.945038],[-80.137483,25.944235],[-80.136444,25.94048],[-80.137632,25.940011],[-80.13841,25.940707],[-80.139224,25.940508],[-80.139433,25.939562]]]},"properties":{"geoid":"12086000129","state_fips":"12","county_fips":"12086","tract":"000129","county":"Miami-Dade","median_household_income":155764,"moe":29592,"population":2006,"school_age_population":189}},{"type":"Feature","geometry":{"type":"Polygon","coordinates":[[[-80.498257,25.670562],[-80.497891,25.660011],[-80.450122,25.662331],[-80.44933,25.669705],[-80.481136,25.668324],[-80.481231,25.670512],[-80.498257,25.670562]]]},"properties":{"geoid":"12086018200","state_fips":"12","county_fips":"12086","tract":"018200","county":"Miami-Dade","median_household_income":73375,"moe":26224,"population":2577,"school_age_population":552}},{"type":"Feature","geometry":{"type":"Polygon","coordinates":[[[-80.450202,25.664812],[-80.450206,25.664169],[-80.445587,25.662488],[-80.440145,25.662902],[-80.441212,25.665391],[-80.443368,25.667665],[-80.443871,25.669894],[-80.44933,25.669705],[-80.450202,25.664812]]]},"properties":{"geoid":"12086018400","state_fips":"12","county_fips":"12086","tract":"018400","county":"Miami-Dade","median_household_income":62500,"moe":13814,"population":3764,"school_age_population":693}},{"type":"Feature","geometry":{"type":"Polygon","coordinates":[[[-80.323213,25.875212],[-80.322901,25.869593],[-80.314937,25.869592],[-80.315005,25.870863],[-80.319005,25.870797],[-80.319144,25.873411],[-80.321276,25.8734],[-80.321287,25.875197],[-80.323213,25.875212]]]},"properties":{"geoid":"12086009315","state_fips":"12","county_fips":"12086","tract":"009315","county":"Miami-Dade","median_household_income":35964,"moe":5645,"population":3068,"school_age_population":508}},{"type":"Feature","geometry":{"type":"Polygon","coordinates":[[[-80.289893,25.829549],[-80.280542,25.822404],[-80.279338,25.822735],[-80.279631,25.829955],[-80.289893,25.829549]]]},"properties":{"geoid":"12086001605","state_fips":"12","county_fips":"12086","tract":"001605","county":"Miami-Dade","median_household_income":29375,"moe":3077,"population":3744,"school_age_population":522}},{"type":"Feature","geometry":{"type":"Polygon","coordinates":[[[-80.409034,25.773546],[-80.408997,25.769151],[-80.400936,25.76938],[-80.400749,25.782609],[-80.408787,25.782654],[-80.407459,25.777989],[-80.409034,25.773546]]]},"properties":{"geoid":"12086014300","state_fips":"12","county_fips":"12086","tract":"014300","county":"Miami-Dade","median_household_income":106944,"moe":24634,"population":3343,"school_age_population":410}},{"type":"Feature","geometry":{"type":"Polygon","coordinates":[[[-80.285398,25.704445],[-80.284856,25.689672],[-80.269925,25.69015],[-80.266696,25.69578],[-80.268685,25.695717],[-80.269027,25.705115],[-80.285398,25.704445]]]},"properties":{"geoid":"12086007902","state_fips":"12","county_fips":"12086","tract":"007902","county":"Miami-Dade","median_household_income":163750,"moe":64496,"population":3074,"school_age_population":779}},{"type":"Feature","geometry":{"type":"Polygon","coordinates":[[[-80.351292,25.897563],[-80.351101,25.891496],[-80.339866,25.891504],[-80.340344,25.898407],[-80.34494,25.897944],[-80.350301,25.898521],[-80.351292,25.897563]]]},"properties":{"geoid":"12086013100","state_fips":"12","county_fips":"12086","tract":"013100","county":"Miami-Dade","median_household_income":57996,"moe":15844,"population":5076,"school_age_population":892}},{"type":"Feature","geometry":{"type":"Polygon","coordinates":[[[-80.184244,25.928755],[-80.183684,25.916885],[-80.179653,25.916933],[-80.179518,25.914138],[-80.175535,25.914314],[-80.1762,25.929094],[-80.184244,25.928755]]]},"properties":{"geoid":"12086000216","state_fips":"12","county_fips":"12086","tract":"000216","county":"Miami-Dade","median_household_income":72777,"moe":15669,"population":4754,"school_age_population":914}},{"type":"Feature","geometry":{"type":"Polygon","coordinates":[[[-80.130466,25.929818],[-80.129887,25.922843],[-80.122404,25.92242],[-80.122037,25.929891],[-80.130466,25.929818]]]},"properties":{"geoid":"12086000107","state_fips":"12","county_fips":"12086","tract":"000107","county":"Miami-Dade","median_household_income":53281,"moe":29369,"population":2950,"school_age_population":493}},{"type":"Feature","geometry":{"type":"Polygon","coordinates":[[[-80.193051,25.941565],[-80.188792,25.941449],[-80.188268,25.928587],[-80.180231,25.928929],[-80.180906,25.943494],[-80.180489,25.943917],[-80.185712,25.947666],[-80.193051,25.941565]]]},"properties":{"geoid":"12086000213","state_fips":"12","county_fips":"12086","tract":"000213","county":"Miami-Dade","median_household_income":86750,"moe":30925,"population":5677,"school_age_population":1754}},{"type":"Feature","geometry":{"type":"Polygon","coordinates":[[[-80.429364,25.56582],[-80.428932,25.521636],[-80.428387,25.521615],[-80.428425,25.51931],[-80.381577,25.566256],[-80.429364,25.56582]]]},"properties":{"geoid":"12086010400","state_fips":"12","county_fips":"12086","tract":"010400","county":"Miami-Dade","median_household_income":80306,"moe":26542,"population":6002,"school_age_population":1544}},{"type":"Feature","geometry":{"type":"Polygon","coordinates":[[[-80.348118,25.598781],[-80.347981,25.593168],[-80.346196,25.590695],[-80.335604,25.578804],[-80.331798,25.579927],[-80.332067,25.599178],[-80.348118,25.598781]]]},"properties":{"geoid":"12086010604","state_fips":"12","county_fips":"12086","tract":"010604","county":"Miami-Dade","median_household_income":123167,"moe":36249,"population":4549,"school_age_population":1061}},{"type":"Feature","geometry":{"type":"Polygon","coordinates":[[[-80.443183,25.70609],[-80.442322,25.703753],[-80.439027,25.701422],[-80.438563,25.699148],[-80.430489,25.699445],[-80.431068,25.713879],[-80.439129,25.713638],[-80.439266,25.710562],[-80.442242,25.708056],[-80.443183,25.70609]]]},"properties":{"geoid":"12086016700","state_fips":"12","county_fips":"12086","tract":"016700","county":"Miami-Dade","median_household_income":94330,"moe":20516,"population":4745,"school_age_population":810}},{"type":"Feature","geometry":{"type":"Polygon","coordinates":[[[-80.443871,25.669894],[-80.443368,25.667665],[-80.441212,25.665391],[-80.439362,25.661814],[-80.435741,25.659176],[-80.432123,25.659186],[-80.43257,25.670249],[-80.443871,25.669894]]]},"properties":{"geoid":"12086018500","state_fips":"12","county_fips":"12086","tract":"018500","county":"Miami-Dade","median_household_income":87423,"moe":14944,"population":4999,"school_age_population":1076}},{"type":"Feature","geometry":{"type":"Polygon","coordinates":[[[-80.446297,25.692442],[-80.446009,25.68445],[-80.441127,25.684607],[-80.4391,25.69243],[-80.446297,25.692442]]]},"properties":{"geoid":"12086017700","state_fips":"12","county_fips":"12086","tract":"017700","county":"Miami-Dade","median_household_income":54886,"moe":16777,"population":4626,"school_age_population":513}},{"type":"Feature","geometry":{"type":"Polygon","coordinates":[[[-80.369554,25.775583],[-80.368995,25.76845],[-80.35318,25.769007],[-80.353684,25.775736],[-80.358833,25.775961],[-80.36199,25.774878],[-80.369554,25.775583]]]},"properties":{"geoid":"12086009029","state_fips":"12","county_fips":"12086","tract":"009029","county":"Miami-Dade","median_household_income":84091,"moe":23220,"population":4009,"school_age_population":596}},{"type":"Feature","geometry":{"type":"Polygon","coordinates":[[[-80.336693,25.77755],[-80.336674,25.776575],[-80.320714,25.776917],[-80.320864,25.780043],[-80.323076,25.78008],[-80.323144,25.778173],[-80.334544,25.778206],[-80.336693,25.77755]]]},"properties":{"geoid":"12086009031","state_fips":"12","county_fips":"12086","tract":"009031","county":"Miami-Dade","median_household_income":61581,"moe":10825,"population":4099,"school_age_population":632}},{"type":"Feature","geometry":{"type":"Polygon","coordinates":[[[-80.369536,25.776127],[-80.369554,25.775583],[-80.36199,25.774878],[-80.358833,25.775961],[-80.353684,25.775736],[-80.353092,25.78161],[-80.363051,25.781756],[-80.36892,25.781065],[-80.369536,25.776127]]]},"properties":{"geoid":"12086009028","state_fips":"12","county_fips":"12086","tract":"009028","county":"Miami-Dade","median_household_income":77500,"moe":28532,"population":5686,"school_age_population":1021}},{"type":"Feature","geometry":{"type":"Polygon","coordinates":[[[-80.323306,25.87704],[-80.323213,25.875212],[-80.321287,25.875197],[-80.321276,25.8734],[-80.319144,25.873411],[-80.319005,25.870797],[-80.315005,25.870863],[-80.315282,25.877026],[-80.323306,25.87704]]]},"properties":{"geoid":"12086009314","state_fips":"12","county_fips":"12086","tract":"009314","county":"Miami-Dade","median_household_income":30455,"moe":11277,"population":3543,"school_age_population":547}},{"type":"Feature","geometry":{"type":"Polygon","coordinates":[[[-80.224021,25.812211],[-80.223877,25.809529],[-80.213183,25.809926],[-80.213076,25.806177],[-80.211506,25.806226],[-80.21137,25.80251],[-80.205841,25.802673],[-80.206151,25.812448],[-80.224021,25.812211]]]},"properties":{"geoid":"12086002502","state_fips":"12","county_fips":"12086","tract":"002502","county":"Miami-Dade","median_household_income":47260,"moe":11751,"population":3465,"school_age_population":886}},{"type":"Feature","geometry":{"type":"Polygon","coordinates":[[[-80.188879,25.850215],[-80.188753,25.847706],[-80.18776,25.847745],[-80.186176,25.846409],[-80.180595,25.847147],[-80.169616,25.842678],[-80.160935,25.842783],[-80.16138,25.855786],[-80.185462,25.855172],[-80.1853,25.851508],[-80.18782,25.851537],[-80.188377,25.85238],[-80.188879,25.850215]]]},"properties":{"geoid":"12086001301","state_fips":"12","county_fips":"12086","tract":"001301","county":"Miami-Dade","median_household_income":59331,"moe":14671,"population":5785,"school_age_population":1288}},{"type":"Feature","geometry":{"type":"Polygon","coordinates":[[[-80.178914,25.746057],[-80.182475,25.73721],[-80.174685,25.734803],[-80.169056,25.72924],[-80.169237,25.720732],[-80.178679,25.714351],[-80.17759,25.703225],[-80.179364,25.700178],[-80.162804,25.700399],[-80.162808,25.702322],[-80.160563,25.702327],[-80.161585,25.700397],[-80.155103,25.700402],[-80.156516,25.695675],[-80.156661,25.689642],[-80.152828,25.672027],[-80.154918,25.668161],[-80.15547,25.661098],[-80.14981,25.661011],[-80.150354,25.687845],[-80.145089,25.71975],[-80.132016,25.747729],[-80.131367,25.747677],[-80.154968,25.764277],[-80.162312,25.76435],[-80.173469,25.769776],[-80.179143,25.751338],[-80.178375,25.746779],[-80.179021,25.746694],[-80.178914,25.746057]]]},"properties":{"geoid":"12086980400","state_fips":"12","county_fips":"12086","tract":"980400","county":"Miami-Dade","median_household_income":null,"moe":null,"population":0,"school_age_population":0}},{"type":"Feature","geometry":{"type":"Polygon","coordinates":[[[-80.287969,25.820247],[-80.289576,25.818476],[-80.282672,25.813149],[-80.2811,25.813454],[-80.28092,25.807872],[-80.261872,25.808468],[-80.280542,25.822404],[-80.281785,25.821657],[-80.284699,25.823848],[-80.287969,25.820247]]]},"properties":{"geoid":"12086004703","state_fips":"12","county_fips":"12086","tract":"004703","county":"Miami-Dade","median_household_income":90137,"moe":16931,"population":5001,"school_age_population":999}},{"type":"Feature","geometry":{"type":"Polygon","coordinates":[[[-80.255886,25.786046],[-80.255714,25.778936],[-80.239339,25.779465],[-80.239521,25.784944],[-80.246491,25.7844],[-80.251496,25.78569],[-80.255886,25.786046]]]},"properties":{"geoid":"12086005002","state_fips":"12","county_fips":"12086","tract":"005002","county":"Miami-Dade","median_household_income":62400,"moe":21867,"population":4502,"school_age_population":405}},{"type":"Feature","geometry":{"type":"Polygon","coordinates":[[[-80.280057,25.841081],[-80.279631,25.829955],[-80.271533,25.830236],[-80.272046,25.841741],[-80.280057,25.841081]]]},"properties":{"geoid":"12086000804","state_fips":"12","county_fips":"12086","tract":"000804","county":"Miami-Dade","median_household_income":54375,"moe":7937,"population":4151,"school_age_population":623}},{"type":"Feature","geometry":{"type":"Polygon","coordinates":[[[-80.323505,25.633047],[-80.323417,25.629386],[-80.295346,25.630117],[-80.294702,25.63071],[-80.287876,25.630279],[-80.287365,25.630755],[-80.289303,25.63089],[-80.288399,25.632743],[-80.287231,25.630905],[-80.286258,25.633494],[-80.285335,25.638112],[-80.286416,25.64031],[-80.285952,25.640793],[-80.283685,25.640078],[-80.282378,25.64315],[-80.283395,25.644445],[-80.28364,25.65264],[-80.285571,25.652613],[-80.289973,25.646443],[-80.292194,25.645085],[-80.317765,25.644307],[-80.317472,25.636061],[-80.319442,25.636024],[-80.319552,25.636828],[-80.321149,25.636776],[-80.321064,25.634957],[-80.319534,25.634957],[-80.319432,25.633229],[-80.323505,25.633047]]]},"properties":{"geoid":"12086008205","state_fips":"12","county_fips":"12086","tract":"008205","county":"Miami-Dade","median_household_income":170813,"moe":85437,"population":4043,"school_age_population":1083}},{"type":"Feature","geometry":{"type":"Polygon","coordinates":[[[-80.339932,25.631393],[-80.341094,25.628907],[-80.323417,25.629386],[-80.323505,25.633047],[-80.319432,25.633229],[-80.319534,25.634957],[-80.321064,25.634957],[-80.321149,25.636776],[-80.319552,25.636828],[-80.319442,25.636024],[-80.317472,25.636061],[-80.317765,25.644307],[-80.334111,25.643851],[-80.339932,25.631393]]]},"properties":{"geoid":"12086008206","state_fips":"12","county_fips":"12086","tract":"008206","county":"Miami-Dade","median_household_income":106801,"moe":28247,"population":3795,"school_age_population":879}},{"type":"Feature","geometry":{"type":"Polygon","coordinates":[[[-80.335547,25.68799],[-80.334895,25.66605],[-80.323627,25.666401],[-80.320185,25.673866],[-80.32291,25.673801],[-80.323433,25.688371],[-80.321367,25.68843],[-80.321525,25.692263],[-80.33367,25.691782],[-80.33354,25.688077],[-80.335547,25.68799]]]},"properties":{"geoid":"12086007805","state_fips":"12","county_fips":"12086","tract":"007805","county":"Miami-Dade","median_household_income":150809,"moe":44355,"population":4376,"school_age_population":1067}},{"type":"Feature","geometry":{"type":"Polygon","coordinates":[[[-80.292645,25.913364],[-80.292002,25.898616],[-80.290059,25.898445],[-80.286945,25.896956],[-80.279529,25.896179],[-80.275465,25.896268],[-80.275541,25.897941],[-80.268261,25.898207],[-80.267693,25.898184],[-80.267661,25.896525],[-80.260015,25.896631],[-80.258622,25.899207],[-80.25813,25.901445],[-80.258264,25.91296],[-80.259122,25.914975],[-80.292645,25.913364]]]},"properties":{"geoid":"12086980800","state_fips":"12","county_fips":"12086","tract":"980800","county":"Miami-Dade","median_household_income":null,"moe":null,"population":0,"school_age_population":0}},{"type":"Feature","geometry":{"type":"Polygon","coordinates":[[[-80.255457,25.771834],[-80.25514,25.764687],[-80.251041,25.76478],[-80.251224,25.768393],[-80.245612,25.768542],[-80.245682,25.77025],[-80.24365,25.770306],[-80.24371,25.772199],[-80.255457,25.771834]]]},"properties":{"geoid":"12086005503","state_fips":"12","county_fips":"12086","tract":"005503","county":"Miami-Dade","median_household_income":50472,"moe":16253,"population":3819,"school_age_population":835}},{"type":"Feature","geometry":{"type":"Polygon","coordinates":[[[-80.351736,25.732711],[-80.351257,25.723371],[-80.344322,25.72455],[-80.339714,25.723863],[-80.3353,25.724061],[-80.33582,25.733092],[-80.351736,25.732711]]]},"properties":{"geoid":"12086008503","state_fips":"12","county_fips":"12086","tract":"008503","county":"Miami-Dade","median_household_income":62448,"moe":27836,"population":3367,"school_age_population":420}},{"type":"Feature","geometry":{"type":"Polygon","coordinates":[[[-80.162898,25.946069],[-80.162399,25.935222],[-80.151487,25.93573],[-80.147582,25.947464],[-80.156441,25.947198],[-80.156683,25.946281],[-80.162898,25.946069]]]},"properties":{"geoid":"12086000211","state_fips":"12","county_fips":"12086","tract":"000211","county":"Miami-Dade","median_household_income":58792,"moe":25230,"population":2679,"school_age_population":410}},{"type":"Feature","geometry":{"type":"Polygon","coordinates":[[[-80.336706,25.778168],[-80.336693,25.77755],[-80.334544,25.778206],[-80.323144,25.778173],[-80.323076,25.78008],[-80.320864,25.780043],[-80.32084,25.780661],[-80.336689,25.781566],[-80.336706,25.778168]]]},"properties":{"geoid":"12086009030","state_fips":"12","county_fips":"12086","tract":"009030","county":"Miami-Dade","median_household_income":49056,"moe":12407,"population":4662,"school_age_population":597}},{"type":"Feature","geometry":{"type":"Polygon","coordinates":[[[-80.353721,25.776872],[-80.353684,25.775736],[-80.351018,25.775566],[-80.349112,25.774056],[-80.347379,25.775221],[-80.346354,25.778596],[-80.344782,25.778597],[-80.344775,25.780037],[-80.336672,25.780024],[-80.336689,25.781566],[-80.353092,25.78161],[-80.353721,25.776872]]]},"properties":{"geoid":"12086009024","state_fips":"12","county_fips":"12086","tract":"009024","county":"Miami-Dade","median_household_income":83561,"moe":14502,"population":5483,"school_age_population":949}},{"type":"Feature","geometry":{"type":"Polygon","coordinates":[[[-80.386735,25.81883],[-80.386487,25.811662],[-80.369372,25.811649],[-80.369674,25.818918],[-80.386735,25.81883]]]},"properties":{"geoid":"12086009039","state_fips":"12","county_fips":"12086","tract":"009039","county":"Miami-Dade","median_household_income":68177,"moe":11536,"population":7939,"school_age_population":2147}},{"type":"Feature","geometry":{"type":"Polygon","coordinates":[[[-80.368066,25.75428],[-80.367711,25.746714],[-80.351628,25.747209],[-80.35186,25.754449],[-80.368066,25.75428]]]},"properties":{"geoid":"12086008906","state_fips":"12","county_fips":"12086","tract":"008906","county":"Miami-Dade","median_household_income":61989,"moe":25095,"population":4885,"school_age_population":704}},{"type":"Feature","geometry":{"type":"Polygon","coordinates":[[[-80.206912,25.787879],[-80.206794,25.784347],[-80.203101,25.784471],[-80.202912,25.778697],[-80.196148,25.77888],[-80.196204,25.788213],[-80.206912,25.787879]]]},"properties":{"geoid":"12086003400","state_fips":"12","county_fips":"12086","tract":"003400","county":"Miami-Dade","median_household_income":39210,"moe":8835,"population":3412,"school_age_population":585}},{"type":"Feature","geometry":{"type":"Polygon","coordinates":[[[-80.154968,25.764277],[-80.131367,25.747677],[-80.123667,25.762377],[-80.125858,25.771095],[-80.134469,25.772404],[-80.139213,25.772076],[-80.140649,25.77442],[-80.14365,25.773881],[-80.142687,25.77102],[-80.14447,25.768649],[-80.13908,25.766187],[-80.139157,25.76545],[-80.150168,25.765077],[-80.154968,25.764277]]]},"properties":{"geoid":"12086004500","state_fips":"12","county_fips":"12086","tract":"004500","county":"Miami-Dade","median_household_income":87115,"moe":62457,"population":4023,"school_age_population":577}},{"type":"Feature","geometry":{"type":"Polygon","coordinates":[[[-80.195976,25.789303],[-80.189078,25.789538],[-80.189383,25.811373],[-80.19084,25.811338],[-80.195976,25.789303]]]},"properties":{"geoid":"12086002702","state_fips":"12","county_fips":"12086","tract":"002702","county":"Miami-Dade","median_household_income":83465,"moe":18538,"population":6022,"school_age_population":965}},{"type":"Feature","geometry":{"type":"Polygon","coordinates":[[[-80.163253,25.799369],[-80.163865,25.797191],[-80.147031,25.797869],[-80.145456,25.796673],[-80.145045,25.791606],[-80.144636,25.791636],[-80.130224,25.799409],[-80.129213,25.803656],[-80.128054,25.80457],[-80.12747,25.809061],[-80.132821,25.809664],[-80.135948,25.808697],[-80.137415,25.809593],[-80.160575,25.808785],[-80.163253,25.799369]]]},"properties":{"geoid":"12086004106","state_fips":"12","county_fips":"12086","tract":"004106","county":"Miami-Dade","median_household_income":181375,"moe":43619,"population":2646,"school_age_population":840}},{"type":"Feature","geometry":{"type":"Polygon","coordinates":[[[-80.226532,25.879471],[-80.226136,25.868601],[-80.208652,25.869239],[-80.209063,25.876542],[-80.218383,25.876152],[-80.218523,25.879788],[-80.226532,25.879471]]]},"properties":{"geoid":"12086000411","state_fips":"12","county_fips":"12086","tract":"000411","county":"Miami-Dade","median_household_income":53027,"moe":17667,"population":6174,"school_age_population":1536}},{"type":"Feature","geometry":{"type":"Polygon","coordinates":[[[-80.341018,25.773305],[-80.339807,25.772412],[-80.337662,25.773161],[-80.33727,25.76958],[-80.336426,25.769605],[-80.336706,25.778168],[-80.3404,25.777693],[-80.340353,25.774523],[-80.341018,25.773305]]]},"properties":{"geoid":"12086009026","state_fips":"12","county_fips":"12086","tract":"009026","county":"Miami-Dade","median_household_income":51103,"moe":9014,"population":1993,"school_age_population":253}},{"type":"Feature","geometry":{"type":"Polygon","coordinates":[[[-80.415633,25.693757],[-80.415711,25.693067],[-80.415171,25.693065],[-80.410029,25.69383],[-80.40573,25.696558],[-80.405389,25.695371],[-80.406464,25.693468],[-80.405011,25.691392],[-80.403733,25.685786],[-80.400657,25.685886],[-80.402131,25.689798],[-80.402135,25.691671],[-80.398662,25.695472],[-80.398474,25.700454],[-80.414508,25.699951],[-80.414604,25.696598],[-80.415633,25.693757]]]},"properties":{"geoid":"12086017200","state_fips":"12","county_fips":"12086","tract":"017200","county":"Miami-Dade","median_household_income":74615,"moe":29102,"population":3725,"school_age_population":603}},{"type":"Feature","geometry":{"type":"Polygon","coordinates":[[[-80.375694,25.732175],[-80.375292,25.723038],[-80.367296,25.722707],[-80.366908,25.715442],[-80.358887,25.715757],[-80.359765,25.732522],[-80.375694,25.732175]]]},"properties":{"geoid":"12086008702","state_fips":"12","county_fips":"12086","tract":"008702","county":"Miami-Dade","median_household_income":84167,"moe":25417,"population":5427,"school_age_population":816}},{"type":"Feature","geometry":{"type":"Polygon","coordinates":[[[-80.440246,25.742756],[-80.439974,25.735465],[-80.431898,25.735677],[-80.431662,25.728577],[-80.419689,25.729126],[-80.420284,25.743382],[-80.440246,25.742756]]]},"properties":{"geoid":"12086015300","state_fips":"12","county_fips":"12086","tract":"015300","county":"Miami-Dade","median_household_income":111689,"moe":22878,"population":6353,"school_age_population":1278}},{"type":"Feature","geometry":{"type":"Polygon","coordinates":[[[-80.447127,25.713418],[-80.446537,25.698879],[-80.438563,25.699148],[-80.439027,25.701422],[-80.442322,25.703753],[-80.443196,25.705554],[-80.442488,25.707772],[-80.439266,25.710562],[-80.439129,25.713638],[-80.447127,25.713418]]]},"properties":{"geoid":"12086016600","state_fips":"12","county_fips":"12086","tract":"016600","county":"Miami-Dade","median_household_income":71468,"moe":4718,"population":3460,"school_age_population":410}},{"type":"Feature","geometry":{"type":"Polygon","coordinates":[[[-80.385716,25.768151],[-80.385485,25.761004],[-80.380464,25.76107],[-80.381025,25.768282],[-80.385716,25.768151]]]},"properties":{"geoid":"12086009022","state_fips":"12","county_fips":"12086","tract":"009022","county":"Miami-Dade","median_household_income":67560,"moe":17687,"population":2481,"school_age_population":424}},{"type":"Feature","geometry":{"type":"Polygon","coordinates":[[[-80.126633,25.937387],[-80.115358,25.937345],[-80.114555,25.943141],[-80.121173,25.943454],[-80.121297,25.941439],[-80.123367,25.941354],[-80.125991,25.93933],[-80.126633,25.937387]]]},"properties":{"geoid":"12086000126","state_fips":"12","county_fips":"12086","tract":"000126","county":"Miami-Dade","median_household_income":36287,"moe":14597,"population":1804,"school_age_population":107}},{"type":"Feature","geometry":{"type":"Polygon","coordinates":[[[-80.230803,25.768933],[-80.230675,25.765403],[-80.222498,25.765604],[-80.222659,25.769185],[-80.230803,25.768933]]]},"properties":{"geoid":"12086005410","state_fips":"12","county_fips":"12086","tract":"005410","county":"Miami-Dade","median_household_income":28423,"moe":9287,"population":2958,"school_age_population":625}},{"type":"Feature","geometry":{"type":"Polygon","coordinates":[[[-80.223257,25.794741],[-80.222962,25.785513],[-80.214683,25.782562],[-80.215166,25.795],[-80.223257,25.794741]]]},"properties":{"geoid":"12086003004","state_fips":"12","county_fips":"12086","tract":"003004","county":"Miami-Dade","median_household_income":35363,"moe":14591,"population":5524,"school_age_population":578}},{"type":"Feature","geometry":{"type":"Polygon","coordinates":[[[-80.206151,25.812448],[-80.205841,25.802673],[-80.192649,25.803312],[-80.19084,25.811338],[-80.200373,25.811526],[-80.206151,25.812448]]]},"properties":{"geoid":"12086002600","state_fips":"12","county_fips":"12086","tract":"002600","county":"Miami-Dade","median_household_income":82344,"moe":24563,"population":6036,"school_age_population":1031}},{"type":"Feature","geometry":{"type":"Polygon","coordinates":[[[-80.207076,25.797092],[-80.206912,25.787879],[-80.196204,25.788213],[-80.194455,25.795623],[-80.200353,25.795431],[-80.200462,25.797676],[-80.207076,25.797092]]]},"properties":{"geoid":"12086003100","state_fips":"12","county_fips":"12086","tract":"003100","county":"Miami-Dade","median_household_income":41968,"moe":19663,"population":5586,"school_age_population":915}},{"type":"Feature","geometry":{"type":"Polygon","coordinates":[[[-80.169007,25.779494],[-80.14447,25.768649],[-80.142687,25.77102],[-80.14365,25.773881],[-80.141932,25.774408],[-80.143635,25.783801],[-80.145696,25.787042],[-80.144756,25.789987],[-80.145456,25.796673],[-80.147031,25.797869],[-80.163865,25.797191],[-80.169007,25.779494]]]},"properties":{"geoid":"12086004102","state_fips":"12","county_fips":"12086","tract":"004102","county":"Miami-Dade","median_household_income":189605,"moe":64032,"population":2435,"school_age_population":375}},{"type":"Feature","geometry":{"type":"Polygon","coordinates":[[[-80.128026,25.861928],[-80.121061,25.862251],[-80.121202,25.86807],[-80.123648,25.867998],[-80.123932,25.872489],[-80.124431,25.872467],[-80.124031,25.86684],[-80.128026,25.861928]]]},"properties":{"geoid":"12086003911","state_fips":"12","county_fips":"12086","tract":"003911","county":"Miami-Dade","median_household_income":48205,"moe":17120,"population":4381,"school_age_population":500}},{"type":"Feature","geometry":{"type":"Polygon","coordinates":[[[-80.141971,25.931381],[-80.13852,25.931579],[-80.137143,25.932637],[-80.130435,25.932908],[-80.131684,25.938253],[-80.140328,25.938135],[-80.141971,25.931381]]]},"properties":{"geoid":"12086000127","state_fips":"12","county_fips":"12086","tract":"000127","county":"Miami-Dade","median_household_income":49805,"moe":19770,"population":3275,"school_age_population":621}},{"type":"Feature","geometry":{"type":"Polygon","coordinates":[[[-80.259176,25.83071],[-80.258506,25.809632],[-80.24848,25.812206],[-80.248921,25.823682],[-80.240772,25.823939],[-80.24111,25.831136],[-80.259176,25.83071]]]},"properties":{"geoid":"12086001701","state_fips":"12","county_fips":"12086","tract":"001701","county":"Miami-Dade","median_household_income":42088,"moe":6876,"population":4933,"school_age_population":709}},{"type":"Feature","geometry":{"type":"Polygon","coordinates":[[[-80.290302,25.881243],[-80.29117,25.881201],[-80.290773,25.87037],[-80.278907,25.870559],[-80.279131,25.881541],[-80.290302,25.881243]]]},"properties":{"geoid":"12086000602","state_fips":"12","county_fips":"12086","tract":"000602","county":"Miami-Dade","median_household_income":59464,"moe":37543,"population":4647,"school_age_population":568}},{"type":"Feature","geometry":{"type":"Polygon","coordinates":[[[-80.28652,25.73404],[-80.285792,25.715316],[-80.283292,25.715414],[-80.282631,25.717932],[-80.28092,25.72035],[-80.280921,25.723651],[-80.279352,25.724848],[-80.275932,25.724395],[-80.273002,25.725806],[-80.273944,25.723045],[-80.272595,25.722261],[-80.271396,25.726113],[-80.27159,25.728763],[-80.273637,25.734353],[-80.28652,25.73404]]]},"properties":{"geoid":"12086007501","state_fips":"12","county_fips":"12086","tract":"007501","county":"Miami-Dade","median_household_income":228289,"moe":35579,"population":2551,"school_age_population":638}},{"type":"Feature","geometry":{"type":"Polygon","coordinates":[[[-80.19485,25.899031],[-80.194476,25.892433],[-80.193213,25.889964],[-80.194587,25.889904],[-80.194386,25.884468],[-80.193094,25.884306],[-80.190575,25.886953],[-80.190243,25.886499],[-80.186311,25.886647],[-80.18685,25.899457],[-80.19485,25.899031]]]},"properties":{"geoid":"12086000306","state_fips":"12","county_fips":"12086","tract":"000306","county":"Miami-Dade","median_household_income":45451,"moe":5889,"population":4585,"school_age_population":970}},{"type":"Feature","geometry":{"type":"Polygon","coordinates":[[[-80.34746,25.878797],[-80.34724,25.87166],[-80.339546,25.866223],[-80.339,25.867122],[-80.339314,25.878821],[-80.34746,25.878797]]]},"properties":{"geoid":"12086013900","state_fips":"12","county_fips":"12086","tract":"013900","county":"Miami-Dade","median_household_income":60964,"moe":20597,"population":4262,"school_age_population":810}},{"type":"Feature","geometry":{"type":"Polygon","coordinates":[[[-80.229159,25.960462],[-80.228962,25.956114],[-80.213843,25.956784],[-80.213189,25.9422],[-80.20519,25.942555],[-80.205752,25.959531],[-80.229159,25.960462]]]},"properties":{"geoid":"12086009906","state_fips":"12","county_fips":"12086","tract":"009906","county":"Miami-Dade","median_household_income":71242,"moe":7062,"population":5181,"school_age_population":1187}},{"type":"Feature","geometry":{"type":"Polygon","coordinates":[[[-80.163128,25.900344],[-80.151608,25.900177],[-80.142331,25.901074],[-80.130504,25.899823],[-80.128555,25.903081],[-80.128619,25.905121],[-80.125849,25.908858],[-80.126192,25.917921],[-80.129799,25.922567],[-80.130466,25.929818],[-80.133234,25.929453],[-80.13975,25.926465],[-80.15425,25.926124],[-80.157817,25.914709],[-80.159171,25.905431],[-80.160248,25.903366],[-80.163128,25.900344]]]},"properties":{"geoid":"12086000109","state_fips":"12","county_fips":"12086","tract":"000109","county":"Miami-Dade","median_household_income":59577,"moe":5891,"population":3715,"school_age_population":727}},{"type":"Feature","geometry":{"type":"Polygon","coordinates":[[[-80.303114,25.688467],[-80.302112,25.659683],[-80.283827,25.660045],[-80.284856,25.689672],[-80.303035,25.689009],[-80.303114,25.688467]]]},"properties":{"geoid":"12086007806","state_fips":"12","county_fips":"12086","tract":"007806","county":"Miami-Dade","median_household_income":250001,"moe":null,"population":3872,"school_age_population":1142}},{"type":"Feature","geometry":{"type":"Polygon","coordinates":[[[-80.173509,25.946602],[-80.173277,25.944783],[-80.164916,25.946006],[-80.165384,25.951415],[-80.17311,25.951202],[-80.173509,25.946602]]]},"properties":{"geoid":"12086009705","state_fips":"12","county_fips":"12086","tract":"009705","county":"Miami-Dade","median_household_income":42390,"moe":22515,"population":4547,"school_age_population":511}},{"type":"Feature","geometry":{"type":"Polygon","coordinates":[[[-80.186595,25.893915],[-80.186311,25.886647],[-80.172298,25.887188],[-80.170425,25.891797],[-80.170518,25.894604],[-80.186595,25.893915]]]},"properties":{"geoid":"12086000219","state_fips":"12","county_fips":"12086","tract":"000219","county":"Miami-Dade","median_household_income":47409,"moe":15225,"population":4614,"school_age_population":1205}},{"type":"Feature","geometry":{"type":"Polygon","coordinates":[[[-80.387525,25.847837],[-80.387271,25.840519],[-80.370364,25.840653],[-80.370591,25.847902],[-80.387525,25.847837]]]},"properties":{"geoid":"12086009043","state_fips":"12","county_fips":"12086","tract":"009043","county":"Miami-Dade","median_household_income":96154,"moe":17445,"population":4877,"school_age_population":1626}},{"type":"Feature","geometry":{"type":"Polygon","coordinates":[[[-80.331668,25.884133],[-80.33135,25.877029],[-80.323306,25.87704],[-80.323534,25.884062],[-80.331668,25.884133]]]},"properties":{"geoid":"12086013500","state_fips":"12","county_fips":"12086","tract":"013500","county":"Miami-Dade","median_household_income":50667,"moe":18172,"population":5658,"school_age_population":1057}},{"type":"Feature","geometry":{"type":"Polygon","coordinates":[[[-80.339586,25.884173],[-80.339218,25.877017],[-80.33135,25.877029],[-80.331668,25.884133],[-80.339586,25.884173]]]},"properties":{"geoid":"12086013400","state_fips":"12","county_fips":"12086","tract":"013400","county":"Miami-Dade","median_household_income":39516,"moe":11141,"population":4967,"school_age_population":1100}},{"type":"Feature","geometry":{"type":"Polygon","coordinates":[[[-80.387658,25.855246],[-80.387525,25.847837],[-80.379797,25.848387],[-80.378653,25.850604],[-80.378707,25.855203],[-80.387658,25.855246]]]},"properties":{"geoid":"12086009044","state_fips":"12","county_fips":"12086","tract":"009044","county":"Miami-Dade","median_household_income":85529,"moe":17642,"population":3158,"school_age_population":841}},{"type":"Feature","geometry":{"type":"Polygon","coordinates":[[[-80.227043,25.890375],[-80.226737,25.883098],[-80.20942,25.883802],[-80.209518,25.890899],[-80.227043,25.890375]]]},"properties":{"geoid":"12086000410","state_fips":"12","county_fips":"12086","tract":"000410","county":"Miami-Dade","median_household_income":68083,"moe":29408,"population":5325,"school_age_population":1357}},{"type":"Feature","geometry":{"type":"Polygon","coordinates":[[[-80.279631,25.829955],[-80.279338,25.822735],[-80.273303,25.822873],[-80.273423,25.825651],[-80.269352,25.825811],[-80.269564,25.830323],[-80.279631,25.829955]]]},"properties":{"geoid":"12086001606","state_fips":"12","county_fips":"12086","tract":"001606","county":"Miami-Dade","median_household_income":41758,"moe":13032,"population":4425,"school_age_population":585}},{"type":"Feature","geometry":{"type":"Polygon","coordinates":[[[-80.368408,25.7613],[-80.368066,25.75428],[-80.35186,25.754449],[-80.352374,25.761657],[-80.368408,25.7613]]]},"properties":{"geoid":"12086008907","state_fips":"12","county_fips":"12086","tract":"008907","county":"Miami-Dade","median_household_income":47350,"moe":12978,"population":4374,"school_age_population":699}},{"type":"Feature","geometry":{"type":"Polygon","coordinates":[[[-80.163012,25.69681],[-80.163018,25.695889],[-80.156444,25.696027],[-80.155103,25.700402],[-80.161585,25.700397],[-80.163012,25.69681]]]},"properties":{"geoid":"12086004605","state_fips":"12","county_fips":"12086","tract":"004605","county":"Miami-Dade","median_household_income":146719,"moe":80175,"population":3910,"school_age_population":1214}},{"type":"Feature","geometry":{"type":"Polygon","coordinates":[[[-80.407602,25.729165],[-80.407042,25.714653],[-80.399076,25.714935],[-80.399617,25.729636],[-80.407602,25.729165]]]},"properties":{"geoid":"12086015800","state_fips":"12","county_fips":"12086","tract":"015800","county":"Miami-Dade","median_household_income":70208,"moe":21394,"population":4402,"school_age_population":538}},{"type":"Feature","geometry":{"type":"Polygon","coordinates":[[[-80.423683,25.728941],[-80.423081,25.714111],[-80.415105,25.714388],[-80.415681,25.72921],[-80.423683,25.728941]]]},"properties":{"geoid":"12086016000","state_fips":"12","county_fips":"12086","tract":"016000","county":"Miami-Dade","median_household_income":74013,"moe":17266,"population":4177,"school_age_population":528}},{"type":"Feature","geometry":{"type":"Polygon","coordinates":[[[-80.431662,25.728577],[-80.431068,25.713879],[-80.423081,25.714111],[-80.423683,25.728941],[-80.431662,25.728577]]]},"properties":{"geoid":"12086016100","state_fips":"12","county_fips":"12086","tract":"016100","county":"Miami-Dade","median_household_income":91406,"moe":36926,"population":4483,"school_age_population":662}},{"type":"Feature","geometry":{"type":"Polygon","coordinates":[[[-80.197764,25.869551],[-80.197098,25.853025],[-80.191468,25.853512],[-80.188806,25.852952],[-80.18782,25.851537],[-80.1853,25.851508],[-80.185462,25.855172],[-80.184906,25.855187],[-80.184926,25.856361],[-80.185742,25.873669],[-80.193841,25.872932],[-80.193691,25.869662],[-80.197764,25.869551]]]},"properties":{"geoid":"12086001104","state_fips":"12","county_fips":"12086","tract":"001104","county":"Miami-Dade","median_household_income":165239,"moe":21519,"population":4817,"school_age_population":1274}},{"type":"Feature","geometry":{"type":"Polygon","coordinates":[[[-80.285792,25.715316],[-80.285515,25.707511],[-80.270888,25.719387],[-80.272595,25.722261],[-80.273944,25.723045],[-80.273002,25.725806],[-80.275932,25.724395],[-80.279097,25.724873],[-80.280025,25.724407],[-80.280921,25.723651],[-80.28092,25.72035],[-80.282631,25.717932],[-80.283292,25.715414],[-80.285792,25.715316]]]},"properties":{"geoid":"12086980300","state_fips":"12","county_fips":"12086","tract":"980300","county":"Miami-Dade","median_household_income":null,"moe":null,"population":5890,"school_age_population":61}},{"type":"Feature","geometry":{"type":"Polygon","coordinates":[[[-80.512124,25.609012],[-80.479018,25.60881],[-80.479522,25.624436],[-80.438837,25.625478],[-80.438947,25.627827],[-80.445931,25.627751],[-80.446902,25.628619],[-80.448797,25.661982],[-80.465338,25.661826],[-80.497891,25.660011],[-80.496591,25.623913],[-80.508687,25.612314],[-80.509637,25.610786],[-80.512124,25.609012]]]},"properties":{"geoid":"12086019600","state_fips":"12","county_fips":"12086","tract":"019600","county":"Miami-Dade","median_household_income":138125,"moe":43012,"population":6387,"school_age_population":1479}},{"type":"Feature","geometry":{"type":"Polygon","coordinates":[[[-80.365477,25.613227],[-80.364464,25.598293],[-80.356742,25.598512],[-80.357864,25.596137],[-80.355343,25.596089],[-80.347173,25.613923],[-80.365477,25.613227]]]},"properties":{"geoid":"12086008309","state_fips":"12","county_fips":"12086","tract":"008309","county":"Miami-Dade","median_household_income":43646,"moe":13187,"population":4469,"school_age_population":1443}},{"type":"Feature","geometry":{"type":"Polygon","coordinates":[[[-80.340366,25.898927],[-80.339866,25.891504],[-80.331984,25.891534],[-80.331668,25.884133],[-80.323534,25.884062],[-80.324268,25.89875],[-80.340366,25.898927]]]},"properties":{"geoid":"12086012900","state_fips":"12","county_fips":"12086","tract":"012900","county":"Miami-Dade","median_household_income":63182,"moe":17013,"population":4219,"school_age_population":643}},{"type":"Feature","geometry":{"type":"Polygon","coordinates":[[[-80.339866,25.891504],[-80.339586,25.884173],[-80.331668,25.884133],[-80.331984,25.891534],[-80.339866,25.891504]]]},"properties":{"geoid":"12086013000","state_fips":"12","county_fips":"12086","tract":"013000","county":"Miami-Dade","median_household_income":76644,"moe":18348,"population":4360,"school_age_population":651}},{"type":"Feature","geometry":{"type":"Polygon","coordinates":[[[-80.222949,25.775962],[-80.222861,25.773095],[-80.21466,25.773527],[-80.214829,25.780183],[-80.222519,25.77996],[-80.222949,25.775962]]]},"properties":{"geoid":"12086005201","state_fips":"12","county_fips":"12086","tract":"005201","county":"Miami-Dade","median_household_income":40479,"moe":12749,"population":5473,"school_age_population":1291}},{"type":"Feature","geometry":{"type":"Polygon","coordinates":[[[-80.400672,25.685079],[-80.400247,25.671325],[-80.388651,25.671717],[-80.389221,25.686131],[-80.400657,25.685886],[-80.400672,25.685079]]]},"properties":{"geoid":"12086019100","state_fips":"12","county_fips":"12086","tract":"019100","county":"Miami-Dade","median_household_income":55308,"moe":23090,"population":5313,"school_age_population":753}},{"type":"Feature","geometry":{"type":"Polygon","coordinates":[[[-80.231857,25.926793],[-80.232499,25.926755],[-80.230556,25.926541],[-80.230209,25.917168],[-80.228008,25.917335],[-80.22811,25.915955],[-80.218443,25.916475],[-80.221742,25.913647],[-80.220664,25.912427],[-80.223125,25.910381],[-80.221582,25.908889],[-80.211653,25.909281],[-80.211728,25.912977],[-80.2102,25.91309],[-80.211176,25.922161],[-80.209372,25.925278],[-80.206847,25.927382],[-80.208041,25.927499],[-80.210545,25.929945],[-80.214187,25.927499],[-80.231857,25.926793]]]},"properties":{"geoid":"12086000414","state_fips":"12","county_fips":"12086","tract":"000414","county":"Miami-Dade","median_household_income":48695,"moe":7081,"population":5121,"school_age_population":1188}},{"type":"Feature","geometry":{"type":"Polygon","coordinates":[[[-80.236456,25.903046],[-80.236294,25.89818],[-80.23553,25.898176],[-80.235475,25.897446],[-80.227372,25.89761],[-80.227433,25.899095],[-80.217376,25.899508],[-80.215356,25.899571],[-80.215291,25.898108],[-80.209859,25.898328],[-80.2102,25.91309],[-80.211728,25.912977],[-80.211653,25.909281],[-80.221384,25.908855],[-80.223125,25.910381],[-80.220664,25.912427],[-80.221742,25.913647],[-80.231642,25.90543],[-80.236456,25.903046]]]},"properties":{"geoid":"12086000413","state_fips":"12","county_fips":"12086","tract":"000413","county":"Miami-Dade","median_household_income":55614,"moe":17726,"population":5460,"school_age_population":1819}},{"type":"Feature","geometry":{"type":"Polygon","coordinates":[[[-80.229279,25.941561],[-80.228439,25.926885],[-80.214187,25.927499],[-80.210545,25.929945],[-80.222683,25.941822],[-80.229279,25.941561]]]},"properties":{"geoid":"12086009504","state_fips":"12","county_fips":"12086","tract":"009504","county":"Miami-Dade","median_household_income":74194,"moe":8607,"population":4887,"school_age_population":1214}},{"type":"Feature","geometry":{"type":"Polygon","coordinates":[[[-80.415105,25.714388],[-80.414508,25.699951],[-80.406501,25.700196],[-80.40672,25.705081],[-80.408384,25.706723],[-80.406989,25.708772],[-80.407261,25.709797],[-80.404632,25.71091],[-80.403649,25.712561],[-80.407011,25.713447],[-80.407042,25.714653],[-80.415105,25.714388]]]},"properties":{"geoid":"12086017000","state_fips":"12","county_fips":"12086","tract":"017000","county":"Miami-Dade","median_household_income":59327,"moe":5332,"population":4668,"school_age_population":759}},{"type":"Feature","geometry":{"type":"Polygon","coordinates":[[[-80.296462,26.014806],[-80.296296,26.007836],[-80.279662,26.008332],[-80.279895,26.015337],[-80.284184,26.015106],[-80.287873,26.013399],[-80.290912,26.013373],[-80.294096,26.014714],[-80.296462,26.014806]]]},"properties":{"geoid":"12011110338","state_fips":"12","county_fips":"12011","tract":"110338","county":"Broward","median_household_income":66841,"moe":22371,"population":3631,"school_age_population":563}},{"type":"Feature","geometry":{"type":"Polygon","coordinates":[[[-80.297139,26.355124],[-80.297104,26.311126],[-80.292998,26.310763],[-80.292743,26.308066],[-80.290962,26.308105],[-80.290058,26.31076],[-80.288509,26.311287],[-80.287411,26.310758],[-80.285945,26.308294],[-80.28337,26.307626],[-80.281779,26.30809],[-80.279831,26.309638],[-80.279412,26.310748],[-80.274972,26.31072],[-80.274372,26.311802],[-80.270938,26.311002],[-80.269137,26.311933],[-80.267298,26.309435],[-80.266693,26.306328],[-80.262555,26.306713],[-80.257515,26.309758],[-80.254209,26.310751],[-80.251384,26.310433],[-80.247825,26.308694],[-80.244508,26.308132],[-80.239561,26.308386],[-80.234696,26.310695],[-80.222462,26.310644],[-80.22269,26.324054],[-80.221013,26.327928],[-80.220844,26.332535],[-80.218865,26.332228],[-80.297048,26.355547],[-80.297139,26.355124]]]},"properties":{"geoid":"12011010503","state_fips":"12","county_fips":"12011","tract":"010503","county":"Broward","median_household_income":234366,"moe":20683,"population":24659,"school_age_population":8454}},{"type":"Feature","geometry":{"type":"Polygon","coordinates":[[[-80.123385,26.21851],[-80.123127,26.208418],[-80.121229,26.208512],[-80.120158,26.209513],[-80.119818,26.211865],[-80.115486,26.21497],[-80.114687,26.217485],[-80.113295,26.217937],[-80.111737,26.220195],[-80.10979,26.221376],[-80.107848,26.222027],[-80.106521,26.221789],[-80.106331,26.223665],[-80.12284,26.231305],[-80.123385,26.21851]]]},"properties":{"geoid":"12011030904","state_fips":"12","county_fips":"12011","tract":"030904","county":"Broward","median_household_income":98625,"moe":8745,"population":4038,"school_age_population":456}},{"type":"Feature","geometry":{"type":"Polygon","coordinates":[[[-80.219866,26.172877],[-80.219689,26.164782],[-80.211091,26.164883],[-80.211476,26.172836],[-80.219866,26.172877]]]},"properties":{"geoid":"12011050311","state_fips":"12","county_fips":"12011","tract":"050311","county":"Broward","median_household_income":37692,"moe":7431,"population":3920,"school_age_population":563}},{"type":"Feature","geometry":{"type":"Polygon","coordinates":[[[-80.083765,26.262558],[-80.078665,26.253559],[-80.076118,26.256458],[-80.072167,26.305261],[-80.079442,26.305286],[-80.08076,26.290734],[-80.081167,26.267955],[-80.083765,26.262558]]]},"properties":{"geoid":"12011011000","state_fips":"12","county_fips":"12011","tract":"011000","county":"Broward","median_household_income":96176,"moe":22905,"population":2020,"school_age_population":83}},{"type":"Feature","geometry":{"type":"Polygon","coordinates":[[[-80.328108,25.993257],[-80.327703,25.985263],[-80.315644,25.985524],[-80.311414,25.983942],[-80.311613,25.993304],[-80.328108,25.993257]]]},"properties":{"geoid":"12011110344","state_fips":"12","county_fips":"12011","tract":"110344","county":"Broward","median_household_income":144767,"moe":38211,"population":3873,"school_age_population":904}},{"type":"Feature","geometry":{"type":"Polygon","coordinates":[[[-80.409155,26.019526],[-80.408988,26.016163],[-80.40786,26.013842],[-80.408812,26.011415],[-80.408824,26.007813],[-80.397946,26.00774],[-80.398183,26.017092],[-80.398874,26.018505],[-80.400783,26.019482],[-80.409155,26.019526]]]},"properties":{"geoid":"12011110368","state_fips":"12","county_fips":"12011","tract":"110368","county":"Broward","median_household_income":159648,"moe":9712,"population":3080,"school_age_population":633}},{"type":"Feature","geometry":{"type":"Polygon","coordinates":[[[-80.133268,26.142501],[-80.12016,26.142832],[-80.119934,26.148746],[-80.117514,26.157383],[-80.11866,26.157748],[-80.119011,26.155879],[-80.120346,26.15465],[-80.121286,26.155618],[-80.122133,26.154401],[-80.127264,26.15449],[-80.130985,26.152856],[-80.131028,26.146233],[-80.133268,26.142501]]]},"properties":{"geoid":"12011040701","state_fips":"12","county_fips":"12011","tract":"040701","county":"Broward","median_household_income":107188,"moe":27073,"population":2779,"school_age_population":310}},{"type":"Feature","geometry":{"type":"Polygon","coordinates":[[[-80.299675,26.02133],[-80.299182,26.019513],[-80.29679,26.01685],[-80.296462,26.014806],[-80.294096,26.014714],[-80.290912,26.013373],[-80.287873,26.013399],[-80.284184,26.015106],[-80.279895,26.015337],[-80.280164,26.022649],[-80.282646,26.022392],[-80.288966,26.020147],[-80.29241,26.020467],[-80.299093,26.02305],[-80.299675,26.02133]]]},"properties":{"geoid":"12011110339","state_fips":"12","county_fips":"12011","tract":"110339","county":"Broward","median_household_income":67613,"moe":13790,"population":4844,"school_age_population":700}},{"type":"Feature","geometry":{"type":"Polygon","coordinates":[[[-80.21941,26.13753],[-80.217439,26.127271],[-80.218051,26.120837],[-80.20199,26.120885],[-80.202629,26.137593],[-80.215779,26.137535],[-80.215195,26.135948],[-80.216177,26.13596],[-80.216556,26.137538],[-80.21941,26.13753]]]},"properties":{"geoid":"12011060802","state_fips":"12","county_fips":"12011","tract":"060802","county":"Broward","median_household_income":62691,"moe":18330,"population":7291,"school_age_population":1653}},{"type":"Feature","geometry":{"type":"Polygon","coordinates":[[[-80.265052,26.044798],[-80.264271,26.036467],[-80.264586,26.03074],[-80.248663,26.031197],[-80.24852,26.033047],[-80.242702,26.035809],[-80.242913,26.045719],[-80.265052,26.044798]]]},"properties":{"geoid":"12011070503","state_fips":"12","county_fips":"12011","tract":"070503","county":"Broward","median_household_income":89420,"moe":22855,"population":6966,"school_age_population":2111}},{"type":"Feature","geometry":{"type":"Polygon","coordinates":[[[-80.158599,25.985273],[-80.158226,25.974076],[-80.148063,25.974407],[-80.148407,25.98561],[-80.158599,25.985273]]]},"properties":{"geoid":"12011100301","state_fips":"12","county_fips":"12011","tract":"100301","county":"Broward","median_household_income":91198,"moe":22823,"population":4788,"school_age_population":800}},{"type":"Feature","geometry":{"type":"Polygon","coordinates":[[[-80.269814,26.225222],[-80.265393,26.224211],[-80.261434,26.22437],[-80.259745,26.223475],[-80.258857,26.221258],[-80.260351,26.215584],[-80.257898,26.210903],[-80.257735,26.208379],[-80.252293,26.2084],[-80.252844,26.229926],[-80.269836,26.229691],[-80.269814,26.225222]]]},"properties":{"geoid":"12011020419","state_fips":"12","county_fips":"12011","tract":"020419","county":"Broward","median_household_income":71029,"moe":19884,"population":3591,"school_age_population":650}},{"type":"Feature","geometry":{"type":"Polygon","coordinates":[[[-80.186462,26.282161],[-80.186444,26.27397],[-80.168784,26.27423],[-80.168904,26.281671],[-80.169725,26.282078],[-80.169993,26.285021],[-80.175351,26.284869],[-80.175719,26.283482],[-80.176681,26.283272],[-80.176666,26.285866],[-80.183459,26.285875],[-80.184125,26.286713],[-80.18642,26.285845],[-80.186462,26.282161]]]},"properties":{"geoid":"12011010614","state_fips":"12","county_fips":"12011","tract":"010614","county":"Broward","median_household_income":101250,"moe":20638,"population":2544,"school_age_population":310}},{"type":"Feature","geometry":{"type":"Polygon","coordinates":[[[-80.203172,26.164865],[-80.202993,26.155622],[-80.200783,26.155669],[-80.200552,26.157753],[-80.199592,26.158262],[-80.193516,26.158239],[-80.193527,26.156501],[-80.192097,26.156535],[-80.192178,26.161634],[-80.189441,26.161594],[-80.189643,26.165354],[-80.203172,26.164865]]]},"properties":{"geoid":"12011050313","state_fips":"12","county_fips":"12011","tract":"050313","county":"Broward","median_household_income":29464,"moe":20647,"population":4132,"school_age_population":915}},{"type":"Feature","geometry":{"type":"Polygon","coordinates":[[[-80.236593,26.17122],[-80.228612,26.167628],[-80.227388,26.166405],[-80.227001,26.164859],[-80.219689,26.164782],[-80.219866,26.172877],[-80.235283,26.172671],[-80.236593,26.17122]]]},"properties":{"geoid":"12011060306","state_fips":"12","county_fips":"12011","tract":"060306","county":"Broward","median_household_income":42547,"moe":7029,"population":2129,"school_age_population":216}},{"type":"Feature","geometry":{"type":"Polygon","coordinates":[[[-80.287433,26.132974],[-80.287174,26.128521],[-80.285511,26.124843],[-80.285471,26.120676],[-80.264407,26.120738],[-80.262655,26.126283],[-80.263027,26.128487],[-80.264526,26.130661],[-80.266501,26.129155],[-80.268684,26.128996],[-80.280067,26.132747],[-80.287433,26.132974]]]},"properties":{"geoid":"12011060608","state_fips":"12","county_fips":"12011","tract":"060608","county":"Broward","median_household_income":67136,"moe":10738,"population":7215,"school_age_population":1154}},{"type":"Feature","geometry":{"type":"Polygon","coordinates":[[[-80.361923,26.00917],[-80.361923,26.007744],[-80.340046,26.007848],[-80.3505,26.026992],[-80.351845,26.031212],[-80.352226,26.035628],[-80.361262,26.035406],[-80.361062,26.027383],[-80.357319,26.022056],[-80.356858,26.017187],[-80.357438,26.015076],[-80.361018,26.011533],[-80.361923,26.00917]]]},"properties":{"geoid":"12011110333","state_fips":"12","county_fips":"12011","tract":"110333","county":"Broward","median_household_income":114958,"moe":16434,"population":6741,"school_age_population":1558}},{"type":"Feature","geometry":{"type":"Polygon","coordinates":[[[-80.296296,26.007836],[-80.295881,25.9933],[-80.279161,25.993777],[-80.279662,26.008332],[-80.296296,26.007836]]]},"properties":{"geoid":"12011110337","state_fips":"12","county_fips":"12011","tract":"110337","county":"Broward","median_household_income":63800,"moe":8038,"population":8369,"school_age_population":1510}},{"type":"Feature","geometry":{"type":"Polygon","coordinates":[[[-80.409568,26.035407],[-80.409155,26.019526],[-80.400783,26.019482],[-80.399314,26.018891],[-80.398183,26.017092],[-80.397946,26.00774],[-80.392774,26.007729],[-80.393219,26.029347],[-80.395314,26.029385],[-80.395485,26.03533],[-80.409568,26.035407]]]},"properties":{"geoid":"12011110347","state_fips":"12","county_fips":"12011","tract":"110347","county":"Broward","median_household_income":143131,"moe":15251,"population":5947,"school_age_population":1507}},{"type":"Feature","geometry":{"type":"Polygon","coordinates":[[[-80.268264,26.200852],[-80.268099,26.193684],[-80.251978,26.193698],[-80.25211,26.199747],[-80.268264,26.200852]]]},"properties":{"geoid":"12011060129","state_fips":"12","county_fips":"12011","tract":"060129","county":"Broward","median_household_income":57750,"moe":7616,"population":2236,"school_age_population":299}},{"type":"Feature","geometry":{"type":"Polygon","coordinates":[[[-80.149366,26.01346],[-80.149028,26.00394],[-80.142777,26.00416],[-80.142929,26.009683],[-80.14097,26.009729],[-80.140608,26.011634],[-80.141085,26.013475],[-80.149366,26.01346]]]},"properties":{"geoid":"12011091903","state_fips":"12","county_fips":"12011","tract":"091903","county":"Broward","median_household_income":42481,"moe":8696,"population":2674,"school_age_population":321}},{"type":"Feature","geometry":{"type":"Polygon","coordinates":[[[-80.149028,26.00394],[-80.148786,25.996629],[-80.142609,25.99678],[-80.142777,26.00416],[-80.149028,26.00394]]]},"properties":{"geoid":"12011091904","state_fips":"12","county_fips":"12011","tract":"091904","county":"Broward","median_household_income":58843,"moe":23753,"population":2444,"school_age_population":672}},{"type":"Feature","geometry":{"type":"Polygon","coordinates":[[[-80.275728,26.001949],[-80.275701,26.000731],[-80.27195,26.000728],[-80.271931,25.998991],[-80.273869,25.998881],[-80.273673,25.993935],[-80.263228,25.994292],[-80.263699,26.008803],[-80.273412,26.008501],[-80.273331,26.004636],[-80.271713,26.004532],[-80.272571,26.004295],[-80.273784,26.002506],[-80.272063,26.002197],[-80.271978,26.001537],[-80.273916,26.001475],[-80.27436,26.002202],[-80.275728,26.001949]]]},"properties":{"geoid":"12011110351","state_fips":"12","county_fips":"12011","tract":"110351","county":"Broward","median_household_income":51776,"moe":21564,"population":3702,"school_age_population":338}},{"type":"Feature","geometry":{"type":"Polygon","coordinates":[[[-80.098319,26.211767],[-80.097873,26.21176],[-80.097003,26.215352],[-80.09389,26.215385],[-80.093557,26.216225],[-80.092208,26.21622],[-80.092083,26.21678],[-80.086297,26.216631],[-80.084596,26.231869],[-80.09391,26.231904],[-80.098319,26.211767]]]},"properties":{"geoid":"12011031207","state_fips":"12","county_fips":"12011","tract":"031207","county":"Broward","median_household_income":107932,"moe":28932,"population":3899,"school_age_population":206}},{"type":"Feature","geometry":{"type":"Polygon","coordinates":[[[-80.273974,26.218793],[-80.272998,26.215532],[-80.269244,26.211505],[-80.268398,26.208354],[-80.257735,26.208379],[-80.257988,26.211148],[-80.260312,26.215311],[-80.260216,26.21739],[-80.258857,26.221258],[-80.259251,26.22284],[-80.260282,26.223902],[-80.26988,26.224969],[-80.27329,26.22137],[-80.273974,26.218793]]]},"properties":{"geoid":"12011020418","state_fips":"12","county_fips":"12011","tract":"020418","county":"Broward","median_household_income":79386,"moe":11298,"population":3297,"school_age_population":598}},{"type":"Feature","geometry":{"type":"Polygon","coordinates":[[[-80.232915,26.247171],[-80.232155,26.2439],[-80.23271,26.242383],[-80.229839,26.240522],[-80.226563,26.240458],[-80.225389,26.24113],[-80.222715,26.245138],[-80.217561,26.245376],[-80.217633,26.250184],[-80.229904,26.250257],[-80.232357,26.24838],[-80.232915,26.247171]]]},"properties":{"geoid":"12011020213","state_fips":"12","county_fips":"12011","tract":"020213","county":"Broward","median_household_income":51566,"moe":2399,"population":3890,"school_age_population":38}},{"type":"Feature","geometry":{"type":"Polygon","coordinates":[[[-80.299122,25.98409],[-80.296115,25.98211],[-80.295274,25.978855],[-80.289046,25.980372],[-80.279108,25.980678],[-80.279574,25.99377],[-80.295881,25.9933],[-80.295517,25.989495],[-80.299122,25.98409]]]},"properties":{"geoid":"12011110349","state_fips":"12","county_fips":"12011","tract":"110349","county":"Broward","median_household_income":84298,"moe":12976,"population":3905,"school_age_population":988}},{"type":"Feature","geometry":{"type":"Polygon","coordinates":[[[-80.154371,26.153793],[-80.15402,26.141914],[-80.144404,26.14219],[-80.144655,26.148219],[-80.145952,26.151243],[-80.147014,26.151314],[-80.150553,26.153966],[-80.152006,26.153974],[-80.154352,26.15579],[-80.154371,26.153793]]]},"properties":{"geoid":"12011040801","state_fips":"12","county_fips":"12011","tract":"040801","county":"Broward","median_household_income":68538,"moe":6327,"population":4461,"school_age_population":925}},{"type":"Feature","geometry":{"type":"Polygon","coordinates":[[[-80.22994,25.98248],[-80.229964,25.981894],[-80.219797,25.982232],[-80.217312,25.984132],[-80.214785,25.984571],[-80.214967,25.988146],[-80.222959,25.987872],[-80.223004,25.988783],[-80.226978,25.991639],[-80.228928,25.987592],[-80.22994,25.98248]]]},"properties":{"geoid":"12011110501","state_fips":"12","county_fips":"12011","tract":"110501","county":"Broward","median_household_income":81113,"moe":5732,"population":3876,"school_age_population":825}},{"type":"Feature","geometry":{"type":"Polygon","coordinates":[[[-80.351267,25.978818],[-80.311251,25.978967],[-80.311414,25.983942],[-80.315644,25.985524],[-80.327703,25.985263],[-80.328108,25.993257],[-80.340637,25.993194],[-80.342787,25.989499],[-80.349758,25.981458],[-80.351267,25.978818]]]},"properties":{"geoid":"12011110345","state_fips":"12","county_fips":"12011","tract":"110345","county":"Broward","median_household_income":114795,"moe":42334,"population":4440,"school_age_population":995}},{"type":"Feature","geometry":{"type":"Polygon","coordinates":[[[-80.386439,26.126577],[-80.384664,26.126363],[-80.385478,26.128971],[-80.383998,26.13003],[-80.381328,26.128228],[-80.380867,26.126199],[-80.379378,26.126353],[-80.377278,26.125448],[-80.374926,26.125849],[-80.371042,26.125443],[-80.369013,26.126877],[-80.368648,26.12789],[-80.38632,26.132092],[-80.386439,26.126577]]]},"properties":{"geoid":"12011070328","state_fips":"12","county_fips":"12011","tract":"070328","county":"Broward","median_household_income":82797,"moe":9827,"population":1256,"school_age_population":302}},{"type":"Feature","geometry":{"type":"Polygon","coordinates":[[[-80.156628,26.230903],[-80.15613,26.215685],[-80.154893,26.215113],[-80.153847,26.212555],[-80.147979,26.21192],[-80.143794,26.231138],[-80.156628,26.230903]]]},"properties":{"geoid":"12011030805","state_fips":"12","county_fips":"12011","tract":"030805","county":"Broward","median_household_income":57351,"moe":8935,"population":2343,"school_age_population":212}},{"type":"Feature","geometry":{"type":"Polygon","coordinates":[[[-80.150024,26.033523],[-80.149527,26.018802],[-80.143227,26.018943],[-80.143285,26.033642],[-80.150024,26.033523]]]},"properties":{"geoid":"12011090303","state_fips":"12","county_fips":"12011","tract":"090303","county":"Broward","median_household_income":28385,"moe":7293,"population":1885,"school_age_population":329}},{"type":"Feature","geometry":{"type":"Polygon","coordinates":[[[-80.277962,26.09954],[-80.277503,26.098443],[-80.274556,26.096514],[-80.275009,26.095045],[-80.274134,26.093801],[-80.27486,26.090186],[-80.265525,26.090382],[-80.26593,26.100697],[-80.265377,26.103495],[-80.268509,26.104256],[-80.269694,26.101862],[-80.270979,26.100816],[-80.272656,26.100484],[-80.27654,26.10113],[-80.277962,26.09954]]]},"properties":{"geoid":"12011070212","state_fips":"12","county_fips":"12011","tract":"070212","county":"Broward","median_household_income":73770,"moe":8662,"population":3675,"school_age_population":575}},{"type":"Feature","geometry":{"type":"Polygon","coordinates":[[[-80.386819,26.117065],[-80.377126,26.116842],[-80.374776,26.11531],[-80.371272,26.118717],[-80.370821,26.121411],[-80.371773,26.123707],[-80.371042,26.125443],[-80.374926,26.125849],[-80.377155,26.125434],[-80.379378,26.126353],[-80.380867,26.126199],[-80.381328,26.128228],[-80.383402,26.12992],[-80.384935,26.129727],[-80.385484,26.128664],[-80.384664,26.126363],[-80.386442,26.126427],[-80.3864,26.117134],[-80.386819,26.117065]]]},"properties":{"geoid":"12011070327","state_fips":"12","county_fips":"12011","tract":"070327","county":"Broward","median_household_income":78651,"moe":18668,"population":5610,"school_age_population":1603}},{"type":"Feature","geometry":{"type":"Polygon","coordinates":[[[-80.186571,26.296068],[-80.18642,26.285845],[-80.184125,26.286713],[-80.183459,26.285875],[-80.176666,26.285866],[-80.176681,26.283272],[-80.175719,26.283482],[-80.175351,26.284869],[-80.170066,26.285048],[-80.169725,26.282078],[-80.168904,26.281671],[-80.169426,26.30516],[-80.177271,26.304873],[-80.177166,26.302129],[-80.178142,26.301116],[-80.177365,26.30001],[-80.17733,26.296846],[-80.178248,26.295618],[-80.186571,26.296068]]]},"properties":{"geoid":"12011010615","state_fips":"12","county_fips":"12011","tract":"010615","county":"Broward","median_household_income":135394,"moe":34603,"population":4914,"school_age_population":1568}},{"type":"Feature","geometry":{"type":"Polygon","coordinates":[[[-80.157771,26.129337],[-80.157666,26.125668],[-80.156319,26.125711],[-80.156199,26.121966],[-80.143498,26.122221],[-80.143771,26.129743],[-80.157771,26.129337]]]},"properties":{"geoid":"12011041601","state_fips":"12","county_fips":"12011","tract":"041601","county":"Broward","median_household_income":48611,"moe":12955,"population":3095,"school_age_population":1133}},{"type":"Feature","geometry":{"type":"Polygon","coordinates":[[[-80.231746,26.07698],[-80.215735,26.077319],[-80.216539,26.091663],[-80.226672,26.094142],[-80.231746,26.07698]]]},"properties":{"geoid":"12011070103","state_fips":"12","county_fips":"12011","tract":"070103","county":"Broward","median_household_income":84135,"moe":21099,"population":5678,"school_age_population":575}},{"type":"Feature","geometry":{"type":"Polygon","coordinates":[[[-80.163711,26.120422],[-80.163435,26.119681],[-80.161837,26.118895],[-80.160089,26.116281],[-80.157858,26.116154],[-80.156959,26.115269],[-80.153867,26.116942],[-80.153116,26.115486],[-80.150948,26.115591],[-80.148714,26.117401],[-80.150389,26.118888],[-80.1505,26.122105],[-80.163081,26.121836],[-80.163711,26.120422]]]},"properties":{"geoid":"12011042602","state_fips":"12","county_fips":"12011","tract":"042602","county":"Broward","median_household_income":85614,"moe":29397,"population":2690,"school_age_population":235}},{"type":"Feature","geometry":{"type":"Polygon","coordinates":[[[-80.168287,26.042199],[-80.168131,26.033567],[-80.149807,26.033526],[-80.149807,26.038306],[-80.144387,26.059579],[-80.155087,26.05957],[-80.155129,26.048376],[-80.167627,26.047836],[-80.168287,26.042199]]]},"properties":{"geoid":"12011080500","state_fips":"12","county_fips":"12011","tract":"080500","county":"Broward","median_household_income":41516,"moe":8964,"population":7643,"school_age_population":1508}},{"type":"Feature","geometry":{"type":"Polygon","coordinates":[[[-80.24883,26.029436],[-80.248575,26.023699],[-80.213023,26.024818],[-80.213328,26.032236],[-80.248663,26.031197],[-80.24883,26.029436]]]},"properties":{"geoid":"12011090700","state_fips":"12","county_fips":"12011","tract":"090700","county":"Broward","median_household_income":96910,"moe":19583,"population":8339,"school_age_population":2112}},{"type":"Feature","geometry":{"type":"Polygon","coordinates":[[[-80.238409,25.994873],[-80.238181,25.981745],[-80.229964,25.981894],[-80.228233,25.989364],[-80.224235,25.995168],[-80.238409,25.994873]]]},"properties":{"geoid":"12011110404","state_fips":"12","county_fips":"12011","tract":"110404","county":"Broward","median_household_income":74015,"moe":13869,"population":6698,"school_age_population":1027}},{"type":"Feature","geometry":{"type":"Polygon","coordinates":[[[-80.133945,26.276223],[-80.134223,26.274962],[-80.124962,26.275031],[-80.124869,26.285635],[-80.119439,26.304648],[-80.126358,26.304516],[-80.130823,26.290492],[-80.133945,26.276223]]]},"properties":{"geoid":"12011010701","state_fips":"12","county_fips":"12011","tract":"010701","county":"Broward","median_household_income":58030,"moe":11099,"population":5720,"school_age_population":1507}},{"type":"Feature","geometry":{"type":"Polygon","coordinates":[[[-80.125039,26.283367],[-80.124962,26.275031],[-80.113509,26.275266],[-80.107165,26.297448],[-80.119721,26.297277],[-80.119704,26.295466],[-80.12213,26.295414],[-80.12461,26.286862],[-80.125039,26.283367]]]},"properties":{"geoid":"12011010702","state_fips":"12","county_fips":"12011","tract":"010702","county":"Broward","median_household_income":48711,"moe":13168,"population":9980,"school_age_population":1882}},{"type":"Feature","geometry":{"type":"Polygon","coordinates":[[[-80.408824,26.007813],[-80.408019,25.983652],[-80.40609,25.982694],[-80.401012,25.982402],[-80.396032,25.979357],[-80.391907,25.978641],[-80.392774,26.007729],[-80.408824,26.007813]]]},"properties":{"geoid":"12011110359","state_fips":"12","county_fips":"12011","tract":"110359","county":"Broward","median_household_income":153897,"moe":22375,"population":5166,"school_age_population":1146}},{"type":"Feature","geometry":{"type":"Polygon","coordinates":[[[-80.332384,25.964147],[-80.310816,25.964199],[-80.310617,25.957165],[-80.294972,25.95677],[-80.295103,25.970792],[-80.321102,25.970321],[-80.326644,25.968414],[-80.332384,25.964147]]]},"properties":{"geoid":"12011110365","state_fips":"12","county_fips":"12011","tract":"110365","county":"Broward","median_household_income":89243,"moe":21990,"population":6987,"school_age_population":1320}},{"type":"Feature","geometry":{"type":"Polygon","coordinates":[[[-80.212671,26.140977],[-80.212656,26.137525],[-80.202629,26.137593],[-80.202804,26.146072],[-80.211933,26.145463],[-80.212671,26.140977]]]},"properties":{"geoid":"12011060404","state_fips":"12","county_fips":"12011","tract":"060404","county":"Broward","median_household_income":41203,"moe":9367,"population":1632,"school_age_population":183}},{"type":"Feature","geometry":{"type":"Polygon","coordinates":[[[-80.393737,26.065201],[-80.393679,26.062222],[-80.362348,26.063242],[-80.362499,26.066299],[-80.366186,26.066187],[-80.36908,26.064964],[-80.371125,26.065764],[-80.371755,26.067119],[-80.371273,26.07037],[-80.372161,26.073232],[-80.385151,26.073226],[-80.39333,26.07426],[-80.393737,26.065201]]]},"properties":{"geoid":"12011070326","state_fips":"12","county_fips":"12011","tract":"070326","county":"Broward","median_household_income":203919,"moe":58739,"population":6387,"school_age_population":1544}},{"type":"Feature","geometry":{"type":"Polygon","coordinates":[[[-80.188284,26.21854],[-80.188166,26.209675],[-80.176792,26.209235],[-80.173595,26.209933],[-80.14824,26.210924],[-80.148022,26.211928],[-80.153847,26.212555],[-80.155577,26.215643],[-80.16128,26.215519],[-80.163923,26.217242],[-80.169775,26.217135],[-80.170674,26.218563],[-80.179244,26.217605],[-80.184789,26.218953],[-80.185743,26.22012],[-80.184409,26.222057],[-80.184908,26.222512],[-80.188284,26.21854]]]},"properties":{"geoid":"12011050206","state_fips":"12","county_fips":"12011","tract":"050206","county":"Broward","median_household_income":78935,"moe":21701,"population":4856,"school_age_population":1020}},{"type":"Feature","geometry":{"type":"Polygon","coordinates":[[[-80.148407,25.98561],[-80.148063,25.974407],[-80.142125,25.974676],[-80.142298,25.985737],[-80.148407,25.98561]]]},"properties":{"geoid":"12011100302","state_fips":"12","county_fips":"12011","tract":"100302","county":"Broward","median_household_income":38174,"moe":15797,"population":1990,"school_age_population":379}},{"type":"Feature","geometry":{"type":"Polygon","coordinates":[[[-80.298044,26.160781],[-80.297779,26.150021],[-80.283957,26.150064],[-80.28321,26.15083],[-80.282775,26.152872],[-80.290209,26.152855],[-80.290286,26.162466],[-80.298016,26.162417],[-80.298044,26.160781]]]},"properties":{"geoid":"12011060210","state_fips":"12","county_fips":"12011","tract":"060210","county":"Broward","median_household_income":107688,"moe":17772,"population":3103,"school_age_population":636}},{"type":"Feature","geometry":{"type":"Polygon","coordinates":[[[-80.283805,26.150199],[-80.26779,26.150112],[-80.268067,26.156666],[-80.282806,26.15662],[-80.282845,26.151671],[-80.283805,26.150199]]]},"properties":{"geoid":"12011060212","state_fips":"12","county_fips":"12011","tract":"060212","county":"Broward","median_household_income":113692,"moe":17548,"population":3260,"school_age_population":664}},{"type":"Feature","geometry":{"type":"Polygon","coordinates":[[[-80.279662,26.008332],[-80.279161,25.993777],[-80.273673,25.993935],[-80.273869,25.998881],[-80.271931,25.998991],[-80.27195,26.000728],[-80.275701,26.000731],[-80.275728,26.001949],[-80.27436,26.002202],[-80.273916,26.001475],[-80.271978,26.001537],[-80.272063,26.002197],[-80.273784,26.002506],[-80.27172,26.004668],[-80.273331,26.004636],[-80.273412,26.008501],[-80.279662,26.008332]]]},"properties":{"geoid":"12011110350","state_fips":"12","county_fips":"12011","tract":"110350","county":"Broward","median_household_income":100000,"moe":36986,"population":2785,"school_age_population":541}},{"type":"Feature","geometry":{"type":"Polygon","coordinates":[[[-80.328564,26.007854],[-80.328295,25.999548],[-80.324976,25.99913],[-80.322623,25.99975],[-80.321825,26.000187],[-80.322022,26.001271],[-80.320685,26.00348],[-80.316537,26.003358],[-80.315409,26.002422],[-80.313681,26.002544],[-80.312597,25.999042],[-80.31384,25.99721],[-80.313996,25.995767],[-80.315192,25.995332],[-80.318197,25.996875],[-80.318457,25.993268],[-80.311613,25.993304],[-80.312016,26.007856],[-80.328564,26.007854]]]},"properties":{"geoid":"12011110354","state_fips":"12","county_fips":"12011","tract":"110354","county":"Broward","median_household_income":22895,"moe":14667,"population":6115,"school_age_population":258}},{"type":"Feature","geometry":{"type":"Polygon","coordinates":[[[-80.137617,26.135459],[-80.137316,26.126213],[-80.128251,26.126793],[-80.128681,26.137205],[-80.136083,26.136916],[-80.137617,26.135459]]]},"properties":{"geoid":"12011041801","state_fips":"12","county_fips":"12011","tract":"041801","county":"Broward","median_household_income":138688,"moe":58900,"population":2020,"school_age_population":245}},{"type":"Feature","geometry":{"type":"Polygon","coordinates":[[[-80.186453,26.251017],[-80.186432,26.244715],[-80.167405,26.245318],[-80.166488,26.249084],[-80.167554,26.249129],[-80.168673,26.250702],[-80.169225,26.250364],[-80.172008,26.252197],[-80.177625,26.251492],[-80.178797,26.253702],[-80.180216,26.254314],[-80.183663,26.253755],[-80.184376,26.252884],[-80.184268,26.251104],[-80.186453,26.251017]]]},"properties":{"geoid":"12011030705","state_fips":"12","county_fips":"12011","tract":"030705","county":"Broward","median_household_income":46682,"moe":11244,"population":3734,"school_age_population":17}},{"type":"Feature","geometry":{"type":"Polygon","coordinates":[[[-80.165192,26.132775],[-80.165155,26.129171],[-80.148738,26.129572],[-80.148932,26.134863],[-80.153805,26.134762],[-80.153843,26.136494],[-80.163942,26.13654],[-80.163872,26.1328],[-80.165192,26.132775]]]},"properties":{"geoid":"12011041500","state_fips":"12","county_fips":"12011","tract":"041500","county":"Broward","median_household_income":22296,"moe":3298,"population":4691,"school_age_population":1893}},{"type":"Feature","geometry":{"type":"Polygon","coordinates":[[[-80.169011,26.288894],[-80.168784,26.27423],[-80.134223,26.274962],[-80.130823,26.290492],[-80.134908,26.291409],[-80.149261,26.291026],[-80.153858,26.28899],[-80.169011,26.288894]]]},"properties":{"geoid":"12011010405","state_fips":"12","county_fips":"12011","tract":"010405","county":"Broward","median_household_income":72724,"moe":8333,"population":9576,"school_age_population":2088}},{"type":"Feature","geometry":{"type":"Polygon","coordinates":[[[-80.203064,26.327825],[-80.202796,26.317608],[-80.169996,26.317782],[-80.170149,26.327781],[-80.203064,26.327825]]]},"properties":{"geoid":"12011010502","state_fips":"12","county_fips":"12011","tract":"010502","county":"Broward","median_household_income":102566,"moe":19542,"population":3065,"school_age_population":448}},{"type":"Feature","geometry":{"type":"Polygon","coordinates":[[[-80.132881,26.260603],[-80.127402,26.260677],[-80.127156,26.249559],[-80.120757,26.249713],[-80.113509,26.275266],[-80.124962,26.275031],[-80.125105,26.271666],[-80.126105,26.268805],[-80.132881,26.260603]]]},"properties":{"geoid":"12011030302","state_fips":"12","county_fips":"12011","tract":"030302","county":"Broward","median_household_income":63056,"moe":10994,"population":7493,"school_age_population":1553}},{"type":"Feature","geometry":{"type":"Polygon","coordinates":[[[-80.15402,26.141914],[-80.153805,26.134762],[-80.148932,26.134863],[-80.148738,26.129572],[-80.145866,26.129637],[-80.143771,26.129743],[-80.14373,26.131707],[-80.133268,26.142501],[-80.15402,26.141914]]]},"properties":{"geoid":"12011041700","state_fips":"12","county_fips":"12011","tract":"041700","county":"Broward","median_household_income":48049,"moe":5893,"population":4157,"school_age_population":696}},{"type":"Feature","geometry":{"type":"Polygon","coordinates":[[[-80.330078,26.015374],[-80.328564,26.007854],[-80.312016,26.007856],[-80.3126,26.029543],[-80.329012,26.028496],[-80.329238,26.024395],[-80.328407,26.020596],[-80.330078,26.015374]]]},"properties":{"geoid":"12011110328","state_fips":"12","county_fips":"12011","tract":"110328","county":"Broward","median_household_income":107237,"moe":33243,"population":5961,"school_age_population":1722}},{"type":"Feature","geometry":{"type":"Polygon","coordinates":[[[-80.23607,26.19218],[-80.235645,26.179273],[-80.219194,26.179307],[-80.216794,26.184587],[-80.211093,26.191575],[-80.21291,26.19337],[-80.214335,26.193759],[-80.236006,26.193742],[-80.23607,26.19218]]]},"properties":{"geoid":"12011060109","state_fips":"12","county_fips":"12011","tract":"060109","county":"Broward","median_household_income":96250,"moe":18827,"population":4076,"school_age_population":516}},{"type":"Feature","geometry":{"type":"Polygon","coordinates":[[[-80.23723,26.297674],[-80.235977,26.294319],[-80.235703,26.29137],[-80.234417,26.288935],[-80.234327,26.28682],[-80.202049,26.28622],[-80.202486,26.299832],[-80.230604,26.300589],[-80.236637,26.30149],[-80.23723,26.297674]]]},"properties":{"geoid":"12011010605","state_fips":"12","county_fips":"12011","tract":"010605","county":"Broward","median_household_income":167439,"moe":8216,"population":7517,"school_age_population":2599}},{"type":"Feature","geometry":{"type":"Polygon","coordinates":[[[-80.156645,26.231724],[-80.156628,26.230903],[-80.143794,26.231138],[-80.134223,26.274962],[-80.152064,26.274541],[-80.151382,26.24027],[-80.152596,26.237529],[-80.155924,26.234344],[-80.156645,26.231724]]]},"properties":{"geoid":"12011030500","state_fips":"12","county_fips":"12011","tract":"030500","county":"Broward","median_household_income":44658,"moe":17367,"population":6458,"school_age_population":2030}},{"type":"Feature","geometry":{"type":"Polygon","coordinates":[[[-80.202489,26.299382],[-80.201867,26.274076],[-80.186444,26.27397],[-80.186621,26.300901],[-80.190694,26.29989],[-80.202486,26.299832],[-80.202489,26.299382]]]},"properties":{"geoid":"12011010606","state_fips":"12","county_fips":"12011","tract":"010606","county":"Broward","median_household_income":99107,"moe":20599,"population":8125,"school_age_population":2129}},{"type":"Feature","geometry":{"type":"Polygon","coordinates":[[[-80.187438,26.236888],[-80.186804,26.233874],[-80.184195,26.230666],[-80.177921,26.23076],[-80.170212,26.239974],[-80.167405,26.245318],[-80.186432,26.244715],[-80.186497,26.240724],[-80.187438,26.236888]]]},"properties":{"geoid":"12011030702","state_fips":"12","county_fips":"12011","tract":"030702","county":"Broward","median_household_income":106424,"moe":28421,"population":3613,"school_age_population":956}},{"type":"Feature","geometry":{"type":"Polygon","coordinates":[[[-80.250523,26.299904],[-80.248753,26.293459],[-80.250264,26.287033],[-80.234327,26.28682],[-80.234474,26.289147],[-80.235703,26.29137],[-80.235977,26.294319],[-80.237188,26.297235],[-80.236637,26.30149],[-80.25047,26.301695],[-80.250523,26.299904]]]},"properties":{"geoid":"12011010604","state_fips":"12","county_fips":"12011","tract":"010604","county":"Broward","median_household_income":99653,"moe":21552,"population":4166,"school_age_population":1037}},{"type":"Feature","geometry":{"type":"Polygon","coordinates":[[[-80.125903,26.231417],[-80.097935,26.231886],[-80.097962,26.237338],[-80.106015,26.237223],[-80.106047,26.23906],[-80.110651,26.238956],[-80.110602,26.23716],[-80.124298,26.23692],[-80.125903,26.231417]]]},"properties":{"geoid":"12011031001","state_fips":"12","county_fips":"12011","tract":"031001","county":"Broward","median_household_income":56731,"moe":12526,"population":2524,"school_age_population":259}},{"type":"Feature","geometry":{"type":"Polygon","coordinates":[[[-80.269028,26.296392],[-80.268773,26.292831],[-80.266747,26.289198],[-80.266554,26.287275],[-80.250264,26.287033],[-80.248751,26.293356],[-80.250429,26.298694],[-80.25047,26.301695],[-80.266801,26.301928],[-80.269028,26.296392]]]},"properties":{"geoid":"12011010603","state_fips":"12","county_fips":"12011","tract":"010603","county":"Broward","median_household_income":137216,"moe":31396,"population":5496,"school_age_population":1382}},{"type":"Feature","geometry":{"type":"Polygon","coordinates":[[[-80.090934,26.232791],[-80.090926,26.231959],[-80.084596,26.231869],[-80.080314,26.252248],[-80.084548,26.252208],[-80.085015,26.249261],[-80.086591,26.249257],[-80.088524,26.239351],[-80.090228,26.237176],[-80.090934,26.232791]]]},"properties":{"geoid":"12011031203","state_fips":"12","county_fips":"12011","tract":"031203","county":"Broward","median_household_income":78240,"moe":8120,"population":1292,"school_age_population":44}},{"type":"Feature","geometry":{"type":"Polygon","coordinates":[[[-80.20199,26.120885],[-80.201605,26.105942],[-80.19757,26.10604],[-80.197585,26.106879],[-80.185861,26.107181],[-80.186193,26.121252],[-80.20199,26.120885]]]},"properties":{"geoid":"12011042900","state_fips":"12","county_fips":"12011","tract":"042900","county":"Broward","median_household_income":70729,"moe":20102,"population":8106,"school_age_population":2009}},{"type":"Feature","geometry":{"type":"Polygon","coordinates":[[[-80.187064,26.161312],[-80.186918,26.150797],[-80.168386,26.151284],[-80.161902,26.165989],[-80.186924,26.165365],[-80.187064,26.161312]]]},"properties":{"geoid":"12011050800","state_fips":"12","county_fips":"12011","tract":"050800","county":"Broward","median_household_income":59745,"moe":21924,"population":5719,"school_age_population":1228}},{"type":"Feature","geometry":{"type":"Polygon","coordinates":[[[-80.252293,26.2084],[-80.251978,26.193698],[-80.236006,26.193742],[-80.236443,26.208436],[-80.252293,26.2084]]]},"properties":{"geoid":"12011060105","state_fips":"12","county_fips":"12011","tract":"060105","county":"Broward","median_household_income":48938,"moe":10658,"population":6873,"school_age_population":1337}},{"type":"Feature","geometry":{"type":"Polygon","coordinates":[[[-80.220078,26.201176],[-80.21994,26.193794],[-80.213624,26.193676],[-80.211093,26.191575],[-80.203951,26.200009],[-80.203974,26.201083],[-80.220078,26.201176]]]},"properties":{"geoid":"12011060107","state_fips":"12","county_fips":"12011","tract":"060107","county":"Broward","median_household_income":53328,"moe":9251,"population":4654,"school_age_population":710}},{"type":"Feature","geometry":{"type":"Polygon","coordinates":[[[-80.149926,26.036955],[-80.149807,26.033526],[-80.143285,26.033642],[-80.143676,26.052304],[-80.127365,26.052748],[-80.127503,26.060409],[-80.129522,26.059898],[-80.129917,26.072565],[-80.12789,26.072615],[-80.128245,26.089176],[-80.136329,26.089132],[-80.134276,26.080276],[-80.139343,26.081144],[-80.135745,26.075581],[-80.13567,26.07157],[-80.1371,26.068968],[-80.142345,26.064197],[-80.143626,26.062273],[-80.149926,26.036955]]]},"properties":{"geoid":"12011080102","state_fips":"12","county_fips":"12011","tract":"080102","county":"Broward","median_household_income":49089,"moe":15160,"population":4427,"school_age_population":669}},{"type":"Feature","geometry":{"type":"Polygon","coordinates":[[[-80.200082,26.025076],[-80.199785,26.017839],[-80.167803,26.018414],[-80.167974,26.025795],[-80.177244,26.02555],[-80.177817,26.02454],[-80.180081,26.024096],[-80.181962,26.024438],[-80.182622,26.025439],[-80.200082,26.025076]]]},"properties":{"geoid":"12011090900","state_fips":"12","county_fips":"12011","tract":"090900","county":"Broward","median_household_income":117072,"moe":23965,"population":5217,"school_age_population":1212}},{"type":"Feature","geometry":{"type":"Polygon","coordinates":[[[-80.170304,26.14548],[-80.170149,26.136423],[-80.162121,26.136519],[-80.162462,26.151371],[-80.154331,26.151569],[-80.154352,26.15579],[-80.159976,26.163691],[-80.161593,26.162276],[-80.162659,26.162763],[-80.161433,26.166009],[-80.161902,26.165989],[-80.169381,26.149024],[-80.170304,26.14548]]]},"properties":{"geoid":"12011040901","state_fips":"12","county_fips":"12011","tract":"040901","county":"Broward","median_household_income":53856,"moe":12176,"population":5001,"school_age_population":1576}},{"type":"Feature","geometry":{"type":"Polygon","coordinates":[[[-80.120799,26.10937],[-80.117701,26.093219],[-80.102475,26.093062],[-80.101365,26.093962],[-80.100255,26.096233],[-80.099949,26.110164],[-80.105939,26.110242],[-80.105641,26.112293],[-80.108643,26.112715],[-80.112179,26.110556],[-80.117936,26.11227],[-80.120799,26.10937]]]},"properties":{"geoid":"12011042200","state_fips":"12","county_fips":"12011","tract":"042200","county":"Broward","median_household_income":104205,"moe":42086,"population":2524,"school_age_population":215}},{"type":"Feature","geometry":{"type":"Polygon","coordinates":[[[-80.170822,26.08223],[-80.168758,26.0727],[-80.168103,26.047946],[-80.155129,26.048376],[-80.155087,26.05957],[-80.144387,26.059579],[-80.142916,26.063542],[-80.136139,26.07039],[-80.13539,26.073459],[-80.136092,26.076395],[-80.139343,26.081144],[-80.161611,26.081315],[-80.170822,26.08223]]]},"properties":{"geoid":"12011080200","state_fips":"12","county_fips":"12011","tract":"080200","county":"Broward","median_household_income":80766,"moe":15571,"population":1418,"school_age_population":181}},{"type":"Feature","geometry":{"type":"Polygon","coordinates":[[[-80.330306,26.09056],[-80.330293,26.087657],[-80.313848,26.087656],[-80.3138,26.107191],[-80.317774,26.107187],[-80.319437,26.108091],[-80.322176,26.108125],[-80.32218,26.109454],[-80.330079,26.109486],[-80.330306,26.09056]]]},"properties":{"geoid":"12011070323","state_fips":"12","county_fips":"12011","tract":"070323","county":"Broward","median_household_income":87679,"moe":42407,"population":3666,"school_age_population":1053}},{"type":"Feature","geometry":{"type":"Polygon","coordinates":[[[-80.122189,25.986559],[-80.115211,25.986999],[-80.114537,25.992477],[-80.118653,25.9928],[-80.117514,26.012248],[-80.118253,26.012221],[-80.119549,25.997161],[-80.120052,25.997159],[-80.120448,25.992604],[-80.122189,25.986559]]]},"properties":{"geoid":"12011090103","state_fips":"12","county_fips":"12011","tract":"090103","county":"Broward","median_household_income":89250,"moe":29984,"population":1668,"school_age_population":160}},{"type":"Feature","geometry":{"type":"Polygon","coordinates":[[[-80.1505,26.122105],[-80.150389,26.118888],[-80.148714,26.117401],[-80.147887,26.119237],[-80.143345,26.118003],[-80.14305,26.108262],[-80.140168,26.110369],[-80.136961,26.110452],[-80.137203,26.122365],[-80.1505,26.122105]]]},"properties":{"geoid":"12011042502","state_fips":"12","county_fips":"12011","tract":"042502","county":"Broward","median_household_income":120831,"moe":10619,"population":6373,"school_age_population":735}},{"type":"Feature","geometry":{"type":"Polygon","coordinates":[[[-80.206777,25.987972],[-80.206219,25.972647],[-80.198029,25.973033],[-80.19851,25.987778],[-80.206777,25.987972]]]},"properties":{"geoid":"12011100803","state_fips":"12","county_fips":"12011","tract":"100803","county":"Broward","median_household_income":83563,"moe":39476,"population":3597,"school_age_population":924}},{"type":"Feature","geometry":{"type":"Polygon","coordinates":[[[-80.143676,26.052304],[-80.143311,26.036365],[-80.141133,26.036424],[-80.141355,26.042926],[-80.135145,26.043099],[-80.135504,26.052657],[-80.143676,26.052304]]]},"properties":{"geoid":"12011080105","state_fips":"12","county_fips":"12011","tract":"080105","county":"Broward","median_household_income":51523,"moe":35397,"population":3150,"school_age_population":405}},{"type":"Feature","geometry":{"type":"Polygon","coordinates":[[[-80.177888,26.230798],[-80.15938,26.230894],[-80.15954,26.245331],[-80.167405,26.245318],[-80.170212,26.239974],[-80.177888,26.230798]]]},"properties":{"geoid":"12011030602","state_fips":"12","county_fips":"12011","tract":"030602","county":"Broward","median_household_income":51875,"moe":10223,"population":3968,"school_age_population":830}},{"type":"Feature","geometry":{"type":"Polygon","coordinates":[[[-80.170855,26.230608],[-80.170428,26.217596],[-80.16954,26.217107],[-80.163923,26.217242],[-80.16128,26.215519],[-80.15613,26.215685],[-80.156628,26.230903],[-80.170855,26.230608]]]},"properties":{"geoid":"12011030806","state_fips":"12","county_fips":"12011","tract":"030806","county":"Broward","median_household_income":55300,"moe":9275,"population":4018,"school_age_population":671}},{"type":"Feature","geometry":{"type":"Polygon","coordinates":[[[-80.19353,26.00275],[-80.193152,26.001774],[-80.189312,26.001943],[-80.188578,26.000494],[-80.185136,25.999598],[-80.180925,26.000486],[-80.180499,26.001115],[-80.177534,26.001041],[-80.176854,25.99582],[-80.167265,25.99622],[-80.167673,26.010968],[-80.168436,26.010941],[-80.169217,26.008545],[-80.172152,26.007579],[-80.175499,26.007627],[-80.175526,26.004418],[-80.176633,26.002877],[-80.19353,26.00275]]]},"properties":{"geoid":"12011091602","state_fips":"12","county_fips":"12011","tract":"091602","county":"Broward","median_household_income":44929,"moe":10808,"population":3184,"school_age_population":462}},{"type":"Feature","geometry":{"type":"Polygon","coordinates":[[[-80.330214,26.118478],[-80.330079,26.109486],[-80.32218,26.109454],[-80.322176,26.108125],[-80.319437,26.108091],[-80.317774,26.107187],[-80.3138,26.107191],[-80.313815,26.115325],[-80.330207,26.11922],[-80.330214,26.118478]]]},"properties":{"geoid":"12011070324","state_fips":"12","county_fips":"12011","tract":"070324","county":"Broward","median_household_income":61250,"moe":16017,"population":5782,"school_age_population":1413}},{"type":"Feature","geometry":{"type":"Polygon","coordinates":[[[-80.198399,25.984194],[-80.198029,25.973033],[-80.190839,25.973228],[-80.191147,25.984344],[-80.198399,25.984194]]]},"properties":{"geoid":"12011100804","state_fips":"12","county_fips":"12011","tract":"100804","county":"Broward","median_household_income":51172,"moe":6022,"population":4118,"school_age_population":1295}},{"type":"Feature","geometry":{"type":"Polygon","coordinates":[[[-80.284139,26.090171],[-80.27486,26.090186],[-80.274134,26.093801],[-80.275009,26.095045],[-80.274556,26.096514],[-80.277503,26.098443],[-80.277837,26.100102],[-80.27654,26.10113],[-80.272656,26.100484],[-80.270979,26.100816],[-80.269694,26.101862],[-80.268509,26.104256],[-80.282098,26.107641],[-80.281654,26.096864],[-80.284139,26.090171]]]},"properties":{"geoid":"12011070213","state_fips":"12","county_fips":"12011","tract":"070213","county":"Broward","median_household_income":57316,"moe":10140,"population":3250,"school_age_population":784}},{"type":"Feature","geometry":{"type":"Polygon","coordinates":[[[-80.284228,26.111713],[-80.282405,26.10957],[-80.282098,26.107641],[-80.250238,26.099824],[-80.250341,26.113381],[-80.25238,26.12074],[-80.27077,26.120733],[-80.271908,26.115931],[-80.271685,26.113044],[-80.27334,26.112733],[-80.274978,26.113378],[-80.276206,26.112844],[-80.276954,26.113812],[-80.27796,26.11331],[-80.279985,26.113671],[-80.284228,26.111713]]]},"properties":{"geoid":"12011061004","state_fips":"12","county_fips":"12011","tract":"061004","county":"Broward","median_household_income":89260,"moe":7884,"population":6897,"school_age_population":1254}},{"type":"Feature","geometry":{"type":"Polygon","coordinates":[[[-80.147952,26.21205],[-80.137574,26.208816],[-80.134525,26.206003],[-80.132411,26.20604],[-80.13228,26.208881],[-80.127211,26.226726],[-80.144746,26.226615],[-80.147952,26.21205]]]},"properties":{"geoid":"12011030803","state_fips":"12","county_fips":"12011","tract":"030803","county":"Broward","median_household_income":51569,"moe":11388,"population":5673,"school_age_population":1693}},{"type":"Feature","geometry":{"type":"Polygon","coordinates":[[[-80.143292,26.032801],[-80.143227,26.018943],[-80.134298,26.019159],[-80.135284,26.020048],[-80.135203,26.022791],[-80.13612,26.022789],[-80.136029,26.028262],[-80.134997,26.028479],[-80.134911,26.033832],[-80.143285,26.033642],[-80.143292,26.032801]]]},"properties":{"geoid":"12011090304","state_fips":"12","county_fips":"12011","tract":"090304","county":"Broward","median_household_income":65877,"moe":3501,"population":4841,"school_age_population":520}},{"type":"Feature","geometry":{"type":"Polygon","coordinates":[[[-80.182987,26.116445],[-80.182912,26.112076],[-80.177892,26.112129],[-80.177867,26.110691],[-80.173734,26.110775],[-80.173935,26.121603],[-80.178024,26.121487],[-80.177957,26.116517],[-80.182987,26.116445]]]},"properties":{"geoid":"12011042802","state_fips":"12","county_fips":"12011","tract":"042802","county":"Broward","median_household_income":65536,"moe":20818,"population":2524,"school_age_population":775}},{"type":"Feature","geometry":{"type":"Polygon","coordinates":[[[-80.165983,26.129158],[-80.165859,26.124751],[-80.164858,26.124517],[-80.164921,26.12381],[-80.164013,26.123256],[-80.164506,26.12244],[-80.163081,26.121836],[-80.156199,26.121966],[-80.156319,26.125711],[-80.157666,26.125668],[-80.157771,26.129337],[-80.165983,26.129158]]]},"properties":{"geoid":"12011041602","state_fips":"12","county_fips":"12011","tract":"041602","county":"Broward","median_household_income":39038,"moe":28981,"population":3700,"school_age_population":1325}},{"type":"Feature","geometry":{"type":"Polygon","coordinates":[[[-80.232365,26.073987],[-80.232249,26.069862],[-80.228225,26.069943],[-80.228107,26.065504],[-80.215324,26.065771],[-80.213328,26.065146],[-80.211057,26.063027],[-80.207756,26.062946],[-80.207835,26.06792],[-80.20204,26.088114],[-80.216539,26.091663],[-80.215735,26.077319],[-80.231755,26.076955],[-80.232365,26.073987]]]},"properties":{"geoid":"12011070104","state_fips":"12","county_fips":"12011","tract":"070104","county":"Broward","median_household_income":53113,"moe":9389,"population":5656,"school_age_population":1556}},{"type":"Feature","geometry":{"type":"Polygon","coordinates":[[[-80.099807,26.320584],[-80.099584,26.304968],[-80.092947,26.305081],[-80.090817,26.318104],[-80.090909,26.325607],[-80.091929,26.326352],[-80.092989,26.32621],[-80.095456,26.324394],[-80.096367,26.322435],[-80.098268,26.322599],[-80.099807,26.320584]]]},"properties":{"geoid":"12011010202","state_fips":"12","county_fips":"12011","tract":"010202","county":"Broward","median_household_income":52200,"moe":28138,"population":3939,"school_age_population":719}},{"type":"Feature","geometry":{"type":"Polygon","coordinates":[[[-80.273162,26.276624],[-80.272553,26.272734],[-80.266348,26.272662],[-80.266554,26.287275],[-80.272979,26.287369],[-80.273162,26.276624]]]},"properties":{"geoid":"12011020325","state_fips":"12","county_fips":"12011","tract":"020325","county":"Broward","median_household_income":83086,"moe":10018,"population":4132,"school_age_population":1360}},{"type":"Feature","geometry":{"type":"Polygon","coordinates":[[[-80.121882,26.296267],[-80.12213,26.295414],[-80.119704,26.295466],[-80.119721,26.297277],[-80.107481,26.297445],[-80.105362,26.304874],[-80.119439,26.304648],[-80.121882,26.296267]]]},"properties":{"geoid":"12011010304","state_fips":"12","county_fips":"12011","tract":"010304","county":"Broward","median_household_income":47564,"moe":13716,"population":3838,"school_age_population":778}},{"type":"Feature","geometry":{"type":"Polygon","coordinates":[[[-80.170149,26.327781],[-80.169996,26.317782],[-80.152669,26.317959],[-80.153449,26.327772],[-80.170149,26.327781]]]},"properties":{"geoid":"12011010401","state_fips":"12","county_fips":"12011","tract":"010401","county":"Broward","median_household_income":104926,"moe":15215,"population":5589,"school_age_population":1169}},{"type":"Feature","geometry":{"type":"Polygon","coordinates":[[[-80.287529,26.135],[-80.287433,26.132974],[-80.280067,26.132747],[-80.270598,26.129304],[-80.266722,26.129073],[-80.264526,26.130661],[-80.269878,26.135637],[-80.287521,26.135524],[-80.287529,26.135]]]},"properties":{"geoid":"12011060609","state_fips":"12","county_fips":"12011","tract":"060609","county":"Broward","median_household_income":97107,"moe":21281,"population":4028,"school_age_population":946}},{"type":"Feature","geometry":{"type":"Polygon","coordinates":[[[-80.147145,26.107435],[-80.146512,26.084138],[-80.145451,26.081315],[-80.140387,26.081265],[-80.134276,26.080276],[-80.136374,26.089538],[-80.134712,26.096596],[-80.141144,26.096456],[-80.14303,26.107562],[-80.147145,26.107435]]]},"properties":{"geoid":"12011043302","state_fips":"12","county_fips":"12011","tract":"043302","county":"Broward","median_household_income":64572,"moe":19005,"population":2155,"school_age_population":378}},{"type":"Feature","geometry":{"type":"Polygon","coordinates":[[[-80.138645,26.136924],[-80.121056,26.137176],[-80.118057,26.137728],[-80.118117,26.14188],[-80.116574,26.144573],[-80.115726,26.150479],[-80.113814,26.154685],[-80.114004,26.155304],[-80.115459,26.155199],[-80.114294,26.156949],[-80.114552,26.157958],[-80.115778,26.158768],[-80.116541,26.158248],[-80.116184,26.157365],[-80.117514,26.157383],[-80.119934,26.148746],[-80.12016,26.142832],[-80.133268,26.142501],[-80.138645,26.136924]]]},"properties":{"geoid":"12011040702","state_fips":"12","county_fips":"12011","tract":"040702","county":"Broward","median_household_income":101071,"moe":44095,"population":4043,"school_age_population":322}},{"type":"Feature","geometry":{"type":"Polygon","coordinates":[[[-80.159138,26.01002],[-80.159044,26.007386],[-80.149164,26.007658],[-80.149291,26.011424],[-80.158041,26.011304],[-80.158293,26.010378],[-80.159138,26.01002]]]},"properties":{"geoid":"12011091804","state_fips":"12","county_fips":"12011","tract":"091804","county":"Broward","median_household_income":63289,"moe":14492,"population":2262,"school_age_population":307}},{"type":"Feature","geometry":{"type":"Polygon","coordinates":[[[-80.375474,25.971221],[-80.375067,25.957072],[-80.351384,25.956963],[-80.351884,25.967825],[-80.361284,25.967844],[-80.367625,25.97104],[-80.375474,25.971221]]]},"properties":{"geoid":"12011110363","state_fips":"12","county_fips":"12011","tract":"110363","county":"Broward","median_household_income":108533,"moe":33126,"population":4421,"school_age_population":1001}},{"type":"Feature","geometry":{"type":"Polygon","coordinates":[[[-80.09878,26.173075],[-80.098835,26.172669],[-80.092772,26.172374],[-80.091541,26.181785],[-80.097405,26.182255],[-80.09878,26.173075]]]},"properties":{"geoid":"12011040506","state_fips":"12","county_fips":"12011","tract":"040506","county":"Broward","median_household_income":84346,"moe":22709,"population":2007,"school_age_population":38}},{"type":"Feature","geometry":{"type":"Polygon","coordinates":[[[-80.392295,25.993187],[-80.391907,25.978641],[-80.375821,25.978652],[-80.376234,25.993083],[-80.392295,25.993187]]]},"properties":{"geoid":"12011110358","state_fips":"12","county_fips":"12011","tract":"110358","county":"Broward","median_household_income":165625,"moe":56425,"population":6107,"school_age_population":1192}},{"type":"Feature","geometry":{"type":"Polygon","coordinates":[[[-80.168971,26.274224],[-80.168749,26.265431],[-80.166956,26.258034],[-80.166507,26.253407],[-80.166488,26.249084],[-80.167405,26.245318],[-80.15954,26.245331],[-80.15938,26.230894],[-80.156628,26.230903],[-80.156251,26.233765],[-80.152297,26.237921],[-80.151382,26.24027],[-80.152064,26.274541],[-80.168971,26.274224]]]},"properties":{"geoid":"12011030601","state_fips":"12","county_fips":"12011","tract":"030601","county":"Broward","median_household_income":44907,"moe":18021,"population":4358,"school_age_population":889}},{"type":"Feature","geometry":{"type":"Polygon","coordinates":[[[-80.159044,26.007386],[-80.158852,25.996324],[-80.148786,25.996629],[-80.149164,26.007658],[-80.159044,26.007386]]]},"properties":{"geoid":"12011091803","state_fips":"12","county_fips":"12011","tract":"091803","county":"Broward","median_household_income":47434,"moe":38081,"population":4303,"school_age_population":761}},{"type":"Feature","geometry":{"type":"Polygon","coordinates":[[[-80.218555,26.116363],[-80.218191,26.105982],[-80.20163,26.106332],[-80.20199,26.120885],[-80.218051,26.120837],[-80.218555,26.116363]]]},"properties":{"geoid":"12011060801","state_fips":"12","county_fips":"12011","tract":"060801","county":"Broward","median_household_income":67396,"moe":15070,"population":1447,"school_age_population":315}},{"type":"Feature","geometry":{"type":"Polygon","coordinates":[[[-80.401854,26.130884],[-80.400866,26.127238],[-80.396096,26.123553],[-80.394824,26.121799],[-80.394163,26.116789],[-80.386096,26.116812],[-80.386819,26.116999],[-80.3864,26.117134],[-80.38632,26.132092],[-80.400564,26.135528],[-80.401854,26.130884]]]},"properties":{"geoid":"12011070319","state_fips":"12","county_fips":"12011","tract":"070319","county":"Broward","median_household_income":175865,"moe":14112,"population":4200,"school_age_population":1045}},{"type":"Feature","geometry":{"type":"Polygon","coordinates":[[[-80.148786,25.996629],[-80.148407,25.98561],[-80.142298,25.985737],[-80.142609,25.99678],[-80.148786,25.996629]]]},"properties":{"geoid":"12011100201","state_fips":"12","county_fips":"12011","tract":"100201","county":"Broward","median_household_income":50729,"moe":14035,"population":2665,"school_age_population":382}},{"type":"Feature","geometry":{"type":"Polygon","coordinates":[[[-80.207674,26.010169],[-80.207403,26.002655],[-80.18934,26.002832],[-80.18952,26.010514],[-80.207674,26.010169]]]},"properties":{"geoid":"12011091701","state_fips":"12","county_fips":"12011","tract":"091701","county":"Broward","median_household_income":73663,"moe":6380,"population":4688,"school_age_population":1149}},{"type":"Feature","geometry":{"type":"Polygon","coordinates":[[[-80.153179,26.188386],[-80.131917,26.188875],[-80.132133,26.196302],[-80.151577,26.195731],[-80.153179,26.188386]]]},"properties":{"geoid":"12011050502","state_fips":"12","county_fips":"12011","tract":"050502","county":"Broward","median_household_income":72651,"moe":18590,"population":5186,"school_age_population":1151}},{"type":"Feature","geometry":{"type":"Polygon","coordinates":[[[-80.297795,26.120804],[-80.285471,26.120676],[-80.285511,26.124843],[-80.287249,26.128876],[-80.287521,26.135524],[-80.297725,26.135471],[-80.297795,26.120804]]]},"properties":{"geoid":"12011060603","state_fips":"12","county_fips":"12011","tract":"060603","county":"Broward","median_household_income":77471,"moe":20881,"population":4819,"school_age_population":1099}},{"type":"Feature","geometry":{"type":"Polygon","coordinates":[[[-80.881233,26.333806],[-80.87971,26.259308],[-80.879361,26.180055],[-80.87256,26.001474],[-80.872932,25.979434],[-80.680038,25.978749],[-80.680016,25.956857],[-80.439389,25.956852],[-80.441981,26.044175],[-80.443286,26.112933],[-80.449711,26.141841],[-80.444829,26.148493],[-80.442737,26.149333],[-80.441715,26.14609],[-80.437385,26.144423],[-80.368648,26.12789],[-80.368414,26.128739],[-80.3667,26.128278],[-80.298099,26.189615],[-80.297799,26.288208],[-80.296986,26.334356],[-80.539899,26.334698],[-80.881233,26.333806]]]},"properties":{"geoid":"12011980000","state_fips":"12","county_fips":"12011","tract":"980000","county":"Broward","median_household_income":null,"moe":null,"population":2,"school_age_population":0}},{"type":"Feature","geometry":{"type":"Polygon","coordinates":[[[-80.185722,26.220247],[-80.184983,26.219029],[-80.17965,26.217629],[-80.170674,26.218563],[-80.170855,26.230608],[-80.177921,26.23076],[-80.184908,26.222512],[-80.184409,26.222057],[-80.185722,26.220247]]]},"properties":{"geoid":"12011050205","state_fips":"12","county_fips":"12011","tract":"050205","county":"Broward","median_household_income":69625,"moe":10852,"population":2744,"school_age_population":381}},{"type":"Feature","geometry":{"type":"Polygon","coordinates":[[[-80.203744,26.186537],[-80.203583,26.180322],[-80.187325,26.180379],[-80.187214,26.173035],[-80.170983,26.173227],[-80.171042,26.183529],[-80.159226,26.181277],[-80.155213,26.181091],[-80.153221,26.1882],[-80.178229,26.187899],[-80.184853,26.186264],[-80.203744,26.186537]]]},"properties":{"geoid":"12011050207","state_fips":"12","county_fips":"12011","tract":"050207","county":"Broward","median_household_income":68565,"moe":15581,"population":6729,"school_age_population":1265}},{"type":"Feature","geometry":{"type":"Polygon","coordinates":[[[-80.222723,26.323793],[-80.222462,26.310644],[-80.208908,26.310392],[-80.202608,26.312019],[-80.203064,26.327825],[-80.220844,26.332535],[-80.221013,26.327928],[-80.222723,26.323793]]]},"properties":{"geoid":"12011010504","state_fips":"12","county_fips":"12011","tract":"010504","county":"Broward","median_household_income":130456,"moe":8914,"population":5617,"school_age_population":1576}},{"type":"Feature","geometry":{"type":"Polygon","coordinates":[[[-80.117633,26.26056],[-80.114834,26.258962],[-80.106812,26.259084],[-80.107172,26.275433],[-80.113509,26.275266],[-80.117633,26.26056]]]},"properties":{"geoid":"12011030201","state_fips":"12","county_fips":"12011","tract":"030201","county":"Broward","median_household_income":56305,"moe":7769,"population":3968,"school_age_population":928}},{"type":"Feature","geometry":{"type":"Polygon","coordinates":[[[-80.107425,26.27132],[-80.106812,26.259084],[-80.099851,26.258964],[-80.097501,26.27554],[-80.107172,26.275433],[-80.107425,26.27132]]]},"properties":{"geoid":"12011030203","state_fips":"12","county_fips":"12011","tract":"030203","county":"Broward","median_household_income":69722,"moe":21708,"population":4506,"school_age_population":988}},{"type":"Feature","geometry":{"type":"Polygon","coordinates":[[[-80.239848,26.179251],[-80.239567,26.174947],[-80.236593,26.17122],[-80.235283,26.172671],[-80.219866,26.172877],[-80.219194,26.179307],[-80.239848,26.179251]]]},"properties":{"geoid":"12011060124","state_fips":"12","county_fips":"12011","tract":"060124","county":"Broward","median_household_income":46640,"moe":3689,"population":5991,"school_age_population":1039}},{"type":"Feature","geometry":{"type":"Polygon","coordinates":[[[-80.236292,26.201031],[-80.236006,26.193742],[-80.21994,26.193794],[-80.220078,26.201176],[-80.236292,26.201031]]]},"properties":{"geoid":"12011060128","state_fips":"12","county_fips":"12011","tract":"060128","county":"Broward","median_household_income":45482,"moe":6532,"population":6771,"school_age_population":1775}},{"type":"Feature","geometry":{"type":"Polygon","coordinates":[[[-80.363726,26.000163],[-80.361925,25.99308],[-80.340637,25.993194],[-80.339015,25.999004],[-80.339224,26.004855],[-80.340046,26.007848],[-80.361923,26.007744],[-80.362069,26.005029],[-80.363726,26.000163]]]},"properties":{"geoid":"12011110332","state_fips":"12","county_fips":"12011","tract":"110332","county":"Broward","median_household_income":116228,"moe":11882,"population":6027,"school_age_population":1118}},{"type":"Feature","geometry":{"type":"Polygon","coordinates":[[[-80.137316,26.126213],[-80.137126,26.117954],[-80.13496,26.117273],[-80.130959,26.117241],[-80.129508,26.116048],[-80.128285,26.116674],[-80.126531,26.115718],[-80.124801,26.119256],[-80.124021,26.122707],[-80.124254,26.126789],[-80.137316,26.126213]]]},"properties":{"geoid":"12011041900","state_fips":"12","county_fips":"12011","tract":"041900","county":"Broward","median_household_income":114229,"moe":24769,"population":3748,"school_age_population":189}},{"type":"Feature","geometry":{"type":"Polygon","coordinates":[[[-80.283057,26.160493],[-80.282806,26.15662],[-80.268067,26.156666],[-80.26773,26.162187],[-80.270995,26.161943],[-80.276425,26.159645],[-80.279811,26.160672],[-80.283057,26.160493]]]},"properties":{"geoid":"12011060214","state_fips":"12","county_fips":"12011","tract":"060214","county":"Broward","median_household_income":26890,"moe":5883,"population":2747,"school_age_population":441}},{"type":"Feature","geometry":{"type":"Polygon","coordinates":[[[-80.201867,26.274076],[-80.201633,26.254433],[-80.196538,26.254776],[-80.190799,26.259259],[-80.186421,26.259783],[-80.186444,26.27397],[-80.201867,26.274076]]]},"properties":{"geoid":"12011020101","state_fips":"12","county_fips":"12011","tract":"020101","county":"Broward","median_household_income":66014,"moe":15651,"population":8913,"school_age_population":1996}},{"type":"Feature","geometry":{"type":"Polygon","coordinates":[[[-80.201633,26.254433],[-80.201512,26.244435],[-80.186432,26.244715],[-80.186421,26.259783],[-80.190799,26.259259],[-80.196538,26.254776],[-80.201633,26.254433]]]},"properties":{"geoid":"12011020104","state_fips":"12","county_fips":"12011","tract":"020104","county":"Broward","median_household_income":60153,"moe":5124,"population":2837,"school_age_population":386}},{"type":"Feature","geometry":{"type":"Polygon","coordinates":[[[-80.211093,26.191575],[-80.206919,26.187065],[-80.203744,26.186537],[-80.203951,26.200009],[-80.211093,26.191575]]]},"properties":{"geoid":"12011050309","state_fips":"12","county_fips":"12011","tract":"050309","county":"Broward","median_household_income":36971,"moe":2770,"population":3088,"school_age_population":1032}},{"type":"Feature","geometry":{"type":"Polygon","coordinates":[[[-80.251978,26.193698],[-80.25167,26.179167],[-80.249641,26.178922],[-80.24755,26.17767],[-80.244477,26.179248],[-80.235645,26.179273],[-80.236006,26.193742],[-80.251978,26.193698]]]},"properties":{"geoid":"12011060126","state_fips":"12","county_fips":"12011","tract":"060126","county":"Broward","median_household_income":103224,"moe":29390,"population":6068,"school_age_population":1273}},{"type":"Feature","geometry":{"type":"Polygon","coordinates":[[[-80.113474,26.275385],[-80.097501,26.27554],[-80.094177,26.297667],[-80.107165,26.297448],[-80.113474,26.275385]]]},"properties":{"geoid":"12011010800","state_fips":"12","county_fips":"12011","tract":"010800","county":"Broward","median_household_income":69018,"moe":11886,"population":8237,"school_age_population":1732}},{"type":"Feature","geometry":{"type":"Polygon","coordinates":[[[-80.202544,26.135963],[-80.20199,26.120885],[-80.178024,26.121487],[-80.17821,26.128842],[-80.186443,26.128643],[-80.186497,26.136193],[-80.202544,26.135963]]]},"properties":{"geoid":"12011041300","state_fips":"12","county_fips":"12011","tract":"041300","county":"Broward","median_household_income":60325,"moe":8755,"population":7434,"school_age_population":1869}},{"type":"Feature","geometry":{"type":"Polygon","coordinates":[[[-80.202884,26.150595],[-80.202544,26.135963],[-80.186497,26.136193],[-80.186918,26.150797],[-80.202884,26.150595]]]},"properties":{"geoid":"12011041200","state_fips":"12","county_fips":"12011","tract":"041200","county":"Broward","median_household_income":38804,"moe":15624,"population":4641,"school_age_population":1636}},{"type":"Feature","geometry":{"type":"Polygon","coordinates":[[[-80.31361,26.063146],[-80.313068,26.044135],[-80.297324,26.044128],[-80.297649,26.060096],[-80.288337,26.060442],[-80.288444,26.064303],[-80.313638,26.063828],[-80.31361,26.063146]]]},"properties":{"geoid":"12011070401","state_fips":"12","county_fips":"12011","tract":"070401","county":"Broward","median_household_income":115551,"moe":19050,"population":5832,"school_age_population":1405}},{"type":"Feature","geometry":{"type":"Polygon","coordinates":[[[-80.168131,26.033567],[-80.167673,26.010968],[-80.160476,26.011162],[-80.159214,26.01219],[-80.159504,26.033389],[-80.168131,26.033567]]]},"properties":{"geoid":"12011090401","state_fips":"12","county_fips":"12011","tract":"090401","county":"Broward","median_household_income":80091,"moe":16749,"population":4274,"school_age_population":794}},{"type":"Feature","geometry":{"type":"Polygon","coordinates":[[[-80.29771,26.059926],[-80.297324,26.044128],[-80.280931,26.044608],[-80.279747,26.047579],[-80.280271,26.064464],[-80.288444,26.064303],[-80.288337,26.060442],[-80.29771,26.059926]]]},"properties":{"geoid":"12011070402","state_fips":"12","county_fips":"12011","tract":"070402","county":"Broward","median_household_income":155262,"moe":10615,"population":3776,"school_age_population":814}},{"type":"Feature","geometry":{"type":"Polygon","coordinates":[[[-80.280925,26.044668],[-80.269129,26.044943],[-80.269507,26.055791],[-80.270769,26.059554],[-80.270802,26.064638],[-80.280271,26.064464],[-80.279747,26.047579],[-80.280925,26.044668]]]},"properties":{"geoid":"12011070403","state_fips":"12","county_fips":"12011","tract":"070403","county":"Broward","median_household_income":114635,"moe":13531,"population":5351,"school_age_population":1272}},{"type":"Feature","geometry":{"type":"Polygon","coordinates":[[[-80.194049,26.056834],[-80.193364,26.055095],[-80.168316,26.055673],[-80.168534,26.062686],[-80.191692,26.062607],[-80.191707,26.059061],[-80.190506,26.058969],[-80.190495,26.058442],[-80.193713,26.058447],[-80.194049,26.056834]]]},"properties":{"geoid":"12011080406","state_fips":"12","county_fips":"12011","tract":"080406","county":"Broward","median_household_income":88786,"moe":17831,"population":6256,"school_age_population":1511}},{"type":"Feature","geometry":{"type":"Polygon","coordinates":[[[-80.202796,26.317608],[-80.202486,26.299832],[-80.190694,26.29989],[-80.186621,26.300901],[-80.186564,26.317632],[-80.202796,26.317608]]]},"properties":{"geoid":"12011010609","state_fips":"12","county_fips":"12011","tract":"010609","county":"Broward","median_household_income":100989,"moe":5490,"population":4835,"school_age_population":985}},{"type":"Feature","geometry":{"type":"Polygon","coordinates":[[[-80.097441,26.276009],[-80.097501,26.27554],[-80.080965,26.275758],[-80.080766,26.285104],[-80.088775,26.284819],[-80.092596,26.285712],[-80.092666,26.283362],[-80.094098,26.279844],[-80.096975,26.279299],[-80.097441,26.276009]]]},"properties":{"geoid":"12011010901","state_fips":"12","county_fips":"12011","tract":"010901","county":"Broward","median_household_income":99960,"moe":38552,"population":2096,"school_age_population":309}},{"type":"Feature","geometry":{"type":"Polygon","coordinates":[[[-80.204913,26.237784],[-80.204719,26.230427],[-80.184195,26.230666],[-80.186377,26.233088],[-80.187346,26.235567],[-80.186432,26.244715],[-80.201512,26.244435],[-80.201785,26.242707],[-80.204291,26.23999],[-80.204913,26.237784]]]},"properties":{"geoid":"12011020103","state_fips":"12","county_fips":"12011","tract":"020103","county":"Broward","median_household_income":61031,"moe":13233,"population":5322,"school_age_population":1166}},{"type":"Feature","geometry":{"type":"Polygon","coordinates":[[[-80.2338,26.235525],[-80.233745,26.230131],[-80.217359,26.230304],[-80.217237,26.235478],[-80.2338,26.235525]]]},"properties":{"geoid":"12011020211","state_fips":"12","county_fips":"12011","tract":"020211","county":"Broward","median_household_income":43697,"moe":20345,"population":2680,"school_age_population":606}},{"type":"Feature","geometry":{"type":"Polygon","coordinates":[[[-80.081207,26.31567],[-80.079559,26.305156],[-80.072167,26.305261],[-80.070493,26.320956],[-80.080522,26.320814],[-80.081207,26.31567]]]},"properties":{"geoid":"12011010104","state_fips":"12","county_fips":"12011","tract":"010104","county":"Broward","median_household_income":61392,"moe":6282,"population":2274,"school_age_population":96}},{"type":"Feature","geometry":{"type":"Polygon","coordinates":[[[-80.126358,26.304516],[-80.107761,26.304851],[-80.107895,26.318624],[-80.12199,26.318108],[-80.126358,26.304516]]]},"properties":{"geoid":"12011010305","state_fips":"12","county_fips":"12011","tract":"010305","county":"Broward","median_household_income":40508,"moe":12448,"population":6167,"school_age_population":1278}},{"type":"Feature","geometry":{"type":"Polygon","coordinates":[[[-80.202993,26.155622],[-80.202884,26.150595],[-80.186918,26.150797],[-80.187019,26.158021],[-80.187905,26.158419],[-80.189434,26.1565],[-80.193527,26.156501],[-80.193516,26.158239],[-80.199592,26.158262],[-80.200552,26.157753],[-80.200783,26.155669],[-80.202993,26.155622]]]},"properties":{"geoid":"12011050308","state_fips":"12","county_fips":"12011","tract":"050308","county":"Broward","median_household_income":47130,"moe":9369,"population":3023,"school_age_population":1102}},{"type":"Feature","geometry":{"type":"Polygon","coordinates":[[[-80.145076,26.30997],[-80.144386,26.309771],[-80.144485,26.306821],[-80.143264,26.305627],[-80.144192,26.304977],[-80.138953,26.305119],[-80.138179,26.304384],[-80.126358,26.304516],[-80.12199,26.318108],[-80.140353,26.317953],[-80.141351,26.314709],[-80.143185,26.314086],[-80.143768,26.313259],[-80.143213,26.31047],[-80.145076,26.30997]]]},"properties":{"geoid":"12011010403","state_fips":"12","county_fips":"12011","tract":"010403","county":"Broward","median_household_income":28340,"moe":3337,"population":4262,"school_age_population":0}},{"type":"Feature","geometry":{"type":"Polygon","coordinates":[[[-80.107905,26.317932],[-80.107761,26.304851],[-80.099584,26.304968],[-80.099741,26.318453],[-80.106777,26.318711],[-80.107895,26.318624],[-80.107905,26.317932]]]},"properties":{"geoid":"12011010306","state_fips":"12","county_fips":"12011","tract":"010306","county":"Broward","median_household_income":65306,"moe":16059,"population":2624,"school_age_population":419}},{"type":"Feature","geometry":{"type":"Polygon","coordinates":[[[-80.248437,26.072629],[-80.248266,26.065046],[-80.228107,26.065504],[-80.228225,26.069943],[-80.232249,26.069862],[-80.232338,26.073111],[-80.248437,26.072629]]]},"properties":{"geoid":"12011070601","state_fips":"12","county_fips":"12011","tract":"070601","county":"Broward","median_household_income":57917,"moe":8394,"population":5494,"school_age_population":1440}},{"type":"Feature","geometry":{"type":"Polygon","coordinates":[[[-80.13638,26.08998],[-80.136329,26.089132],[-80.128245,26.089176],[-80.12789,26.072615],[-80.129917,26.072565],[-80.129522,26.059898],[-80.127503,26.060409],[-80.127365,26.052748],[-80.130679,26.052668],[-80.130238,26.034184],[-80.117605,26.034234],[-80.117248,26.026843],[-80.118253,26.012221],[-80.117514,26.012248],[-80.117449,26.013624],[-80.115593,26.013396],[-80.115745,26.010956],[-80.112316,26.010469],[-80.106463,26.058036],[-80.106929,26.058866],[-80.104393,26.088058],[-80.103989,26.090379],[-80.102475,26.093062],[-80.135639,26.092844],[-80.13638,26.08998]]]},"properties":{"geoid":"12011090102","state_fips":"12","county_fips":"12011","tract":"090102","county":"Broward","median_household_income":127904,"moe":31048,"population":1852,"school_age_population":40}},{"type":"Feature","geometry":{"type":"Polygon","coordinates":[[[-80.288138,26.217068],[-80.287736,26.21478],[-80.285015,26.210459],[-80.284643,26.208319],[-80.268398,26.208354],[-80.269244,26.211505],[-80.273759,26.217072],[-80.281352,26.218407],[-80.284988,26.217717],[-80.288036,26.218046],[-80.288138,26.217068]]]},"properties":{"geoid":"12011020415","state_fips":"12","county_fips":"12011","tract":"020415","county":"Broward","median_household_income":75161,"moe":11300,"population":3610,"school_age_population":514}},{"type":"Feature","geometry":{"type":"Polygon","coordinates":[[[-80.203583,26.180322],[-80.203172,26.164865],[-80.187072,26.165363],[-80.187325,26.180379],[-80.203583,26.180322]]]},"properties":{"geoid":"12011050301","state_fips":"12","county_fips":"12011","tract":"050301","county":"Broward","median_household_income":70417,"moe":33310,"population":8826,"school_age_population":2668}},{"type":"Feature","geometry":{"type":"Polygon","coordinates":[[[-80.211476,26.172497],[-80.211178,26.16132],[-80.20312,26.161415],[-80.203341,26.172894],[-80.211476,26.172497]]]},"properties":{"geoid":"12011050306","state_fips":"12","county_fips":"12011","tract":"050306","county":"Broward","median_household_income":54773,"moe":19967,"population":5873,"school_age_population":1987}},{"type":"Feature","geometry":{"type":"Polygon","coordinates":[[[-80.119689,26.181106],[-80.119281,26.170974],[-80.116104,26.16568],[-80.114808,26.165674],[-80.11506,26.16648],[-80.109092,26.166633],[-80.108751,26.170809],[-80.10669,26.175065],[-80.106543,26.178903],[-80.107163,26.18121],[-80.106858,26.189734],[-80.115004,26.189527],[-80.118906,26.183482],[-80.119689,26.181106]]]},"properties":{"geoid":"12011040402","state_fips":"12","county_fips":"12011","tract":"040402","county":"Broward","median_household_income":126423,"moe":21643,"population":2704,"school_age_population":415}},{"type":"Feature","geometry":{"type":"Polygon","coordinates":[[[-80.108823,26.169989],[-80.108761,26.167456],[-80.104173,26.167534],[-80.102954,26.189847],[-80.106858,26.189734],[-80.107163,26.18121],[-80.106543,26.178903],[-80.10669,26.175065],[-80.108823,26.169989]]]},"properties":{"geoid":"12011040401","state_fips":"12","county_fips":"12011","tract":"040401","county":"Broward","median_household_income":83510,"moe":22378,"population":2286,"school_age_population":140}},{"type":"Feature","geometry":{"type":"Polygon","coordinates":[[[-80.186626,26.301691],[-80.186621,26.300901],[-80.178367,26.304687],[-80.169426,26.30516],[-80.169996,26.317782],[-80.186564,26.317632],[-80.186626,26.301691]]]},"properties":{"geoid":"12011010610","state_fips":"12","county_fips":"12011","tract":"010610","county":"Broward","median_household_income":78438,"moe":26989,"population":6799,"school_age_population":1751}},{"type":"Feature","geometry":{"type":"Polygon","coordinates":[[[-80.28263,26.28914],[-80.282628,26.287486],[-80.266554,26.287275],[-80.266747,26.289198],[-80.269006,26.294002],[-80.268905,26.297253],[-80.266801,26.301928],[-80.278857,26.302083],[-80.279577,26.294367],[-80.28263,26.28914]]]},"properties":{"geoid":"12011010611","state_fips":"12","county_fips":"12011","tract":"010611","county":"Broward","median_household_income":148556,"moe":14890,"population":3694,"school_age_population":990}},{"type":"Feature","geometry":{"type":"Polygon","coordinates":[[[-80.26593,26.100697],[-80.265525,26.090382],[-80.251113,26.090656],[-80.251014,26.096725],[-80.250254,26.099779],[-80.265377,26.103495],[-80.26593,26.100697]]]},"properties":{"geoid":"12011070210","state_fips":"12","county_fips":"12011","tract":"070210","county":"Broward","median_household_income":72375,"moe":10285,"population":3987,"school_age_population":490}},{"type":"Feature","geometry":{"type":"Polygon","coordinates":[[[-80.149527,26.018802],[-80.149132,26.013256],[-80.141085,26.013475],[-80.140608,26.011634],[-80.139042,26.011647],[-80.135066,26.011758],[-80.135131,26.013649],[-80.134111,26.013658],[-80.134298,26.019159],[-80.149527,26.018802]]]},"properties":{"geoid":"12011090301","state_fips":"12","county_fips":"12011","tract":"090301","county":"Broward","median_household_income":47875,"moe":9595,"population":2392,"school_age_population":379}},{"type":"Feature","geometry":{"type":"Polygon","coordinates":[[[-80.264263,26.023194],[-80.263608,26.005136],[-80.247911,26.005485],[-80.248575,26.023699],[-80.264263,26.023194]]]},"properties":{"geoid":"12011110312","state_fips":"12","county_fips":"12011","tract":"110312","county":"Broward","median_household_income":76894,"moe":13389,"population":7355,"school_age_population":1320}},{"type":"Feature","geometry":{"type":"Polygon","coordinates":[[[-80.3126,26.029543],[-80.312398,26.02233],[-80.303385,26.024424],[-80.292815,26.020587],[-80.289526,26.02012],[-80.280164,26.022649],[-80.280443,26.029937],[-80.3126,26.029543]]]},"properties":{"geoid":"12011110307","state_fips":"12","county_fips":"12011","tract":"110307","county":"Broward","median_household_income":113672,"moe":13839,"population":5734,"school_age_population":1215}},{"type":"Feature","geometry":{"type":"Polygon","coordinates":[[[-80.279586,25.993528],[-80.279108,25.980678],[-80.262794,25.981125],[-80.263228,25.994292],[-80.279586,25.993528]]]},"properties":{"geoid":"12011110319","state_fips":"12","county_fips":"12011","tract":"110319","county":"Broward","median_household_income":94722,"moe":20240,"population":6637,"school_age_population":1545}},{"type":"Feature","geometry":{"type":"Polygon","coordinates":[[[-80.190476,26.04725],[-80.190116,26.032765],[-80.168131,26.033567],[-80.168287,26.042199],[-80.167627,26.047836],[-80.190476,26.04725]]]},"properties":{"geoid":"12011090502","state_fips":"12","county_fips":"12011","tract":"090502","county":"Broward","median_household_income":118182,"moe":16922,"population":6424,"school_age_population":1517}},{"type":"Feature","geometry":{"type":"Polygon","coordinates":[[[-80.248575,26.023699],[-80.248011,26.009225],[-80.231679,26.009643],[-80.231797,26.011405],[-80.239802,26.011202],[-80.240036,26.016699],[-80.242495,26.01661],[-80.242525,26.017499],[-80.241077,26.017545],[-80.241194,26.020291],[-80.240177,26.020318],[-80.240333,26.024029],[-80.248575,26.023699]]]},"properties":{"geoid":"12011110313","state_fips":"12","county_fips":"12011","tract":"110313","county":"Broward","median_household_income":69570,"moe":20326,"population":5396,"school_age_population":1391}},{"type":"Feature","geometry":{"type":"Polygon","coordinates":[[[-80.441999,26.061539],[-80.441717,26.035157],[-80.377453,26.035457],[-80.37826,26.062565],[-80.441999,26.061539]]]},"properties":{"geoid":"12011070314","state_fips":"12","county_fips":"12011","tract":"070314","county":"Broward","median_household_income":163510,"moe":22006,"population":5870,"school_age_population":1635}},{"type":"Feature","geometry":{"type":"Polygon","coordinates":[[[-80.193364,26.055095],[-80.192554,26.05351],[-80.192615,26.047172],[-80.167627,26.047836],[-80.168103,26.047946],[-80.168316,26.055673],[-80.193364,26.055095]]]},"properties":{"geoid":"12011080402","state_fips":"12","county_fips":"12011","tract":"080402","county":"Broward","median_household_income":60972,"moe":32508,"population":3364,"school_age_population":542}},{"type":"Feature","geometry":{"type":"Polygon","coordinates":[[[-80.297781,26.288956],[-80.297788,26.287354],[-80.282628,26.287486],[-80.282173,26.290658],[-80.279488,26.294673],[-80.278857,26.302083],[-80.289408,26.30215],[-80.293594,26.300598],[-80.296483,26.296962],[-80.296957,26.293336],[-80.297668,26.293342],[-80.297781,26.288956]]]},"properties":{"geoid":"12011010612","state_fips":"12","county_fips":"12011","tract":"010612","county":"Broward","median_household_income":122713,"moe":24092,"population":6515,"school_age_population":1972}},{"type":"Feature","geometry":{"type":"Polygon","coordinates":[[[-80.096906,26.279766],[-80.096975,26.279299],[-80.094825,26.279305],[-80.094098,26.279844],[-80.092666,26.283362],[-80.092596,26.285712],[-80.088775,26.284819],[-80.080766,26.285104],[-80.08031,26.29386],[-80.085838,26.293579],[-80.086289,26.292087],[-80.087167,26.291515],[-80.095183,26.291658],[-80.096906,26.279766]]]},"properties":{"geoid":"12011010902","state_fips":"12","county_fips":"12011","tract":"010902","county":"Broward","median_household_income":80000,"moe":19586,"population":3417,"school_age_population":475}},{"type":"Feature","geometry":{"type":"Polygon","coordinates":[[[-80.145952,26.151243],[-80.144655,26.148219],[-80.144404,26.14219],[-80.133268,26.142501],[-80.13133,26.145311],[-80.130985,26.152856],[-80.131984,26.153807],[-80.136407,26.151399],[-80.142083,26.150855],[-80.145952,26.151243]]]},"properties":{"geoid":"12011040802","state_fips":"12","county_fips":"12011","tract":"040802","county":"Broward","median_household_income":66364,"moe":15787,"population":4648,"school_age_population":884}},{"type":"Feature","geometry":{"type":"Polygon","coordinates":[[[-80.223145,26.263702],[-80.222328,26.260834],[-80.220202,26.261635],[-80.219315,26.261042],[-80.201709,26.260722],[-80.201862,26.274249],[-80.213887,26.273969],[-80.223067,26.272181],[-80.221839,26.268123],[-80.223145,26.263702]]]},"properties":{"geoid":"12011020205","state_fips":"12","county_fips":"12011","tract":"020205","county":"Broward","median_household_income":70556,"moe":23621,"population":6410,"school_age_population":1396}},{"type":"Feature","geometry":{"type":"Polygon","coordinates":[[[-80.232083,26.016956],[-80.231679,26.009643],[-80.213076,26.010053],[-80.212736,26.01754],[-80.232083,26.016956]]]},"properties":{"geoid":"12011091202","state_fips":"12","county_fips":"12011","tract":"091202","county":"Broward","median_household_income":69909,"moe":7920,"population":4368,"school_age_population":858}},{"type":"Feature","geometry":{"type":"Polygon","coordinates":[[[-80.199785,26.017839],[-80.199454,26.010318],[-80.185264,26.010576],[-80.183622,26.011743],[-80.181964,26.010641],[-80.167673,26.010968],[-80.167803,26.018414],[-80.199785,26.017839]]]},"properties":{"geoid":"12011091000","state_fips":"12","county_fips":"12011","tract":"091000","county":"Broward","median_household_income":93125,"moe":14453,"population":4355,"school_age_population":908}},{"type":"Feature","geometry":{"type":"Polygon","coordinates":[[[-80.213033,26.01021],[-80.199454,26.010318],[-80.200082,26.025076],[-80.213023,26.024818],[-80.212605,26.014219],[-80.213033,26.01021]]]},"properties":{"geoid":"12011091100","state_fips":"12","county_fips":"12011","tract":"091100","county":"Broward","median_household_income":54170,"moe":8395,"population":7320,"school_age_population":1411}},{"type":"Feature","geometry":{"type":"Polygon","coordinates":[[[-80.200802,26.046925],[-80.200348,26.032381],[-80.190116,26.032765],[-80.190476,26.04725],[-80.200802,26.046925]]]},"properties":{"geoid":"12011090503","state_fips":"12","county_fips":"12011","tract":"090503","county":"Broward","median_household_income":81250,"moe":47781,"population":2832,"school_age_population":755}},{"type":"Feature","geometry":{"type":"Polygon","coordinates":[[[-80.440863,26.007729],[-80.439389,25.956852],[-80.375067,25.957072],[-80.375821,25.978652],[-80.39387,25.978714],[-80.396457,25.979569],[-80.400749,25.982315],[-80.40609,25.982694],[-80.408019,25.983652],[-80.408824,26.007813],[-80.440863,26.007729]]]},"properties":{"geoid":"12011110361","state_fips":"12","county_fips":"12011","tract":"110361","county":"Broward","median_household_income":161741,"moe":47876,"population":9807,"school_age_population":2505}},{"type":"Feature","geometry":{"type":"Polygon","coordinates":[[[-80.234164,26.256767],[-80.234014,26.24249],[-80.23271,26.242383],[-80.232155,26.2439],[-80.232862,26.245455],[-80.232844,26.247589],[-80.230498,26.250047],[-80.217633,26.250184],[-80.217632,26.253146],[-80.225414,26.253504],[-80.234164,26.256767]]]},"properties":{"geoid":"12011020214","state_fips":"12","county_fips":"12011","tract":"020214","county":"Broward","median_household_income":67361,"moe":41095,"population":2372,"school_age_population":552}},{"type":"Feature","geometry":{"type":"Polygon","coordinates":[[[-80.298333,26.208308],[-80.284643,26.208319],[-80.284906,26.210221],[-80.286293,26.212374],[-80.288507,26.211444],[-80.292575,26.212081],[-80.294681,26.211178],[-80.295794,26.213466],[-80.29533,26.222728],[-80.294013,26.224753],[-80.291729,26.225514],[-80.285456,26.22299],[-80.282085,26.226098],[-80.281794,26.229607],[-80.298193,26.22944],[-80.298333,26.208308]]]},"properties":{"geoid":"12011020416","state_fips":"12","county_fips":"12011","tract":"020416","county":"Broward","median_household_income":80347,"moe":13765,"population":3672,"school_age_population":647}},{"type":"Feature","geometry":{"type":"Polygon","coordinates":[[[-80.295806,26.214628],[-80.295673,26.212871],[-80.294681,26.211178],[-80.292575,26.212081],[-80.288507,26.211444],[-80.286293,26.212374],[-80.287828,26.21503],[-80.288121,26.217411],[-80.287559,26.219529],[-80.285456,26.22299],[-80.290717,26.225403],[-80.294013,26.224753],[-80.29533,26.222728],[-80.295806,26.214628]]]},"properties":{"geoid":"12011020417","state_fips":"12","county_fips":"12011","tract":"020417","county":"Broward","median_household_income":41552,"moe":9626,"population":5467,"school_age_population":79}},{"type":"Feature","geometry":{"type":"Polygon","coordinates":[[[-80.142609,25.99678],[-80.142298,25.985737],[-80.134252,25.985898],[-80.134362,25.990569],[-80.136411,25.990519],[-80.136396,25.989653],[-80.140442,25.989414],[-80.140639,25.996781],[-80.142609,25.99678]]]},"properties":{"geoid":"12011100204","state_fips":"12","county_fips":"12011","tract":"100204","county":"Broward","median_household_income":51576,"moe":20596,"population":2682,"school_age_population":377}},{"type":"Feature","geometry":{"type":"Polygon","coordinates":[[[-80.297876,26.111505],[-80.282098,26.107641],[-80.282571,26.10987],[-80.28433,26.111633],[-80.28328,26.112393],[-80.279985,26.113671],[-80.27796,26.11331],[-80.276954,26.113812],[-80.276206,26.112844],[-80.274978,26.113378],[-80.27334,26.112733],[-80.271685,26.113044],[-80.271908,26.115931],[-80.27077,26.120733],[-80.297796,26.120641],[-80.297876,26.111505]]]},"properties":{"geoid":"12011061003","state_fips":"12","county_fips":"12011","tract":"061003","county":"Broward","median_household_income":114408,"moe":30893,"population":3032,"school_age_population":675}},{"type":"Feature","geometry":{"type":"Polygon","coordinates":[[[-80.183425,25.995631],[-80.183153,25.988163],[-80.181135,25.988163],[-80.181035,25.984591],[-80.165132,25.985085],[-80.165507,25.996233],[-80.183425,25.995631]]]},"properties":{"geoid":"12011100501","state_fips":"12","county_fips":"12011","tract":"100501","county":"Broward","median_household_income":38750,"moe":27739,"population":1209,"school_age_population":332}},{"type":"Feature","geometry":{"type":"Polygon","coordinates":[[[-80.174908,25.984758],[-80.174556,25.973599],[-80.158226,25.974076],[-80.158599,25.985273],[-80.174908,25.984758]]]},"properties":{"geoid":"12011100502","state_fips":"12","county_fips":"12011","tract":"100502","county":"Broward","median_household_income":46901,"moe":4506,"population":4289,"school_age_population":807}},{"type":"Feature","geometry":{"type":"Polygon","coordinates":[[[-80.256443,26.128226],[-80.256036,26.125938],[-80.25238,26.12074],[-80.234168,26.120797],[-80.234624,26.132647],[-80.235504,26.132806],[-80.235883,26.129528],[-80.23773,26.128388],[-80.256443,26.128226]]]},"properties":{"geoid":"12011060606","state_fips":"12","county_fips":"12011","tract":"060606","county":"Broward","median_household_income":52330,"moe":10204,"population":5715,"school_age_population":1359}},{"type":"Feature","geometry":{"type":"Polygon","coordinates":[[[-80.123285,25.97532],[-80.119465,25.9752],[-80.120087,25.978029],[-80.11927,25.986366],[-80.121766,25.986512],[-80.123285,25.97532]]]},"properties":{"geoid":"12011100104","state_fips":"12","county_fips":"12011","tract":"100104","county":"Broward","median_household_income":33564,"moe":20659,"population":2810,"school_age_population":208}},{"type":"Feature","geometry":{"type":"Polygon","coordinates":[[[-80.256687,26.164411],[-80.244714,26.164321],[-80.245048,26.168156],[-80.248572,26.1741],[-80.248467,26.176122],[-80.24755,26.17767],[-80.248974,26.178656],[-80.25167,26.179167],[-80.252431,26.176487],[-80.255623,26.172484],[-80.256687,26.164411]]]},"properties":{"geoid":"12011060125","state_fips":"12","county_fips":"12011","tract":"060125","county":"Broward","median_household_income":86071,"moe":14226,"population":2346,"school_age_population":480}},{"type":"Feature","geometry":{"type":"Polygon","coordinates":[[[-80.161873,26.166052],[-80.146436,26.166587],[-80.146839,26.181288],[-80.155213,26.181091],[-80.161873,26.166052]]]},"properties":{"geoid":"12011050701","state_fips":"12","county_fips":"12011","tract":"050701","county":"Broward","median_household_income":62448,"moe":6226,"population":3319,"school_age_population":675}},{"type":"Feature","geometry":{"type":"Polygon","coordinates":[[[-80.146886,26.181077],[-80.146436,26.166587],[-80.138373,26.1667],[-80.13848,26.170319],[-80.131432,26.170476],[-80.131765,26.183225],[-80.134711,26.183163],[-80.134679,26.181581],[-80.146886,26.181077]]]},"properties":{"geoid":"12011050702","state_fips":"12","county_fips":"12011","tract":"050702","county":"Broward","median_household_income":61313,"moe":8573,"population":7278,"school_age_population":1924}},{"type":"Feature","geometry":{"type":"Polygon","coordinates":[[[-80.247583,25.994804],[-80.247088,25.981572],[-80.238181,25.981745],[-80.238409,25.994873],[-80.247583,25.994804]]]},"properties":{"geoid":"12011110403","state_fips":"12","county_fips":"12011","tract":"110403","county":"Broward","median_household_income":81107,"moe":9935,"population":4517,"school_age_population":790}},{"type":"Feature","geometry":{"type":"Polygon","coordinates":[[[-80.268099,26.193684],[-80.267778,26.179114],[-80.25167,26.179167],[-80.251978,26.193698],[-80.268099,26.193684]]]},"properties":{"geoid":"12011060114","state_fips":"12","county_fips":"12011","tract":"060114","county":"Broward","median_household_income":76302,"moe":35987,"population":6559,"school_age_population":1532}},{"type":"Feature","geometry":{"type":"Polygon","coordinates":[[[-80.3667,26.128278],[-80.330207,26.11922],[-80.330152,26.131245],[-80.313951,26.131182],[-80.313965,26.160731],[-80.318467,26.160307],[-80.319926,26.161536],[-80.326863,26.16155],[-80.298451,26.186464],[-80.298772,26.186909],[-80.300189,26.18774],[-80.3667,26.128278]]]},"properties":{"geoid":"12011060120","state_fips":"12","county_fips":"12011","tract":"060120","county":"Broward","median_household_income":105968,"moe":16378,"population":7668,"school_age_population":1268}},{"type":"Feature","geometry":{"type":"Polygon","coordinates":[[[-80.14472,26.226724],[-80.127211,26.226726],[-80.125925,26.231357],[-80.143794,26.231138],[-80.14472,26.226724]]]},"properties":{"geoid":"12011030804","state_fips":"12","county_fips":"12011","tract":"030804","county":"Broward","median_household_income":51507,"moe":13699,"population":3346,"school_age_population":903}},{"type":"Feature","geometry":{"type":"Polygon","coordinates":[[[-80.19911,26.002628],[-80.198987,25.998912],[-80.195389,25.998982],[-80.195129,25.995365],[-80.176854,25.99582],[-80.177534,26.001041],[-80.180499,26.001115],[-80.180925,26.000486],[-80.184695,25.999565],[-80.188578,26.000494],[-80.189312,26.001943],[-80.193152,26.001774],[-80.19353,26.00275],[-80.19911,26.002628]]]},"properties":{"geoid":"12011091601","state_fips":"12","county_fips":"12011","tract":"091601","county":"Broward","median_household_income":42944,"moe":13066,"population":3959,"school_age_population":526}},{"type":"Feature","geometry":{"type":"Polygon","coordinates":[[[-80.312016,26.007856],[-80.311808,26.0005],[-80.296073,26.000501],[-80.296296,26.007836],[-80.312016,26.007856]]]},"properties":{"geoid":"12011110352","state_fips":"12","county_fips":"12011","tract":"110352","county":"Broward","median_household_income":78580,"moe":6969,"population":2922,"school_age_population":540}},{"type":"Feature","geometry":{"type":"Polygon","coordinates":[[[-80.31163,25.991311],[-80.311251,25.978967],[-80.295274,25.978855],[-80.295528,25.98106],[-80.29704,25.983052],[-80.30908,25.988324],[-80.310892,25.989977],[-80.311577,25.992074],[-80.31163,25.991311]]]},"properties":{"geoid":"12011110348","state_fips":"12","county_fips":"12011","tract":"110348","county":"Broward","median_household_income":79425,"moe":21797,"population":5533,"school_age_population":1251}},{"type":"Feature","geometry":{"type":"Polygon","coordinates":[[[-80.118558,25.993764],[-80.118653,25.9928],[-80.114537,25.992477],[-80.112316,26.010469],[-80.115745,26.010956],[-80.115593,26.013396],[-80.117449,26.013624],[-80.118558,25.993764]]]},"properties":{"geoid":"12011090104","state_fips":"12","county_fips":"12011","tract":"090104","county":"Broward","median_household_income":66750,"moe":19449,"population":2969,"school_age_population":124}},{"type":"Feature","geometry":{"type":"Polygon","coordinates":[[[-80.229725,26.211237],[-80.229038,26.210296],[-80.228995,26.208436],[-80.220291,26.208578],[-80.220418,26.214644],[-80.229338,26.215021],[-80.228567,26.212703],[-80.229725,26.211237]]]},"properties":{"geoid":"12011020420","state_fips":"12","county_fips":"12011","tract":"020420","county":"Broward","median_household_income":96272,"moe":12769,"population":3969,"school_age_population":887}},{"type":"Feature","geometry":{"type":"Polygon","coordinates":[[[-80.268398,26.208354],[-80.268264,26.200852],[-80.25211,26.199747],[-80.252293,26.2084],[-80.268398,26.208354]]]},"properties":{"geoid":"12011060130","state_fips":"12","county_fips":"12011","tract":"060130","county":"Broward","median_household_income":45534,"moe":7221,"population":4813,"school_age_population":1179}},{"type":"Feature","geometry":{"type":"Polygon","coordinates":[[[-80.283684,26.164384],[-80.283057,26.160493],[-80.279811,26.160672],[-80.276798,26.159633],[-80.270995,26.161943],[-80.26773,26.162187],[-80.267436,26.163723],[-80.267445,26.164285],[-80.283684,26.164384]]]},"properties":{"geoid":"12011060215","state_fips":"12","county_fips":"12011","tract":"060215","county":"Broward","median_household_income":26514,"moe":9411,"population":2426,"school_age_population":152}},{"type":"Feature","geometry":{"type":"Polygon","coordinates":[[[-80.192178,26.161634],[-80.192097,26.156535],[-80.189255,26.156536],[-80.187905,26.158419],[-80.187019,26.158021],[-80.186924,26.165365],[-80.189643,26.165354],[-80.189441,26.161594],[-80.192178,26.161634]]]},"properties":{"geoid":"12011050314","state_fips":"12","county_fips":"12011","tract":"050314","county":"Broward","median_household_income":43354,"moe":16329,"population":3785,"school_age_population":968}},{"type":"Feature","geometry":{"type":"Polygon","coordinates":[[[-80.14378,26.231182],[-80.125925,26.231357],[-80.122068,26.246028],[-80.14063,26.245671],[-80.14378,26.231182]]]},"properties":{"geoid":"12011030402","state_fips":"12","county_fips":"12011","tract":"030402","county":"Broward","median_household_income":27721,"moe":5949,"population":4568,"school_age_population":1357}},{"type":"Feature","geometry":{"type":"Polygon","coordinates":[[[-80.201605,26.105942],[-80.201178,26.091635],[-80.185653,26.092143],[-80.185861,26.107181],[-80.197585,26.106879],[-80.19757,26.10604],[-80.201605,26.105942]]]},"properties":{"geoid":"12011043002","state_fips":"12","county_fips":"12011","tract":"043002","county":"Broward","median_household_income":72978,"moe":13263,"population":7062,"school_age_population":1217}},{"type":"Feature","geometry":{"type":"Polygon","coordinates":[[[-80.140004,26.249356],[-80.14063,26.245671],[-80.122068,26.246028],[-80.122426,26.244792],[-80.120757,26.249713],[-80.127156,26.249559],[-80.127402,26.260677],[-80.132881,26.260603],[-80.137381,26.260505],[-80.140004,26.249356]]]},"properties":{"geoid":"12011030401","state_fips":"12","county_fips":"12011","tract":"030401","county":"Broward","median_household_income":64844,"moe":20431,"population":3232,"school_age_population":670}},{"type":"Feature","geometry":{"type":"Polygon","coordinates":[[[-80.186599,26.141613],[-80.186443,26.128643],[-80.17821,26.128842],[-80.178378,26.133504],[-80.177256,26.132622],[-80.17429,26.132675],[-80.174414,26.138312],[-80.178495,26.138309],[-80.178535,26.140962],[-80.174872,26.141046],[-80.174916,26.145232],[-80.182222,26.145043],[-80.182229,26.141396],[-80.186599,26.141613]]]},"properties":{"geoid":"12011041100","state_fips":"12","county_fips":"12011","tract":"041100","county":"Broward","median_household_income":46142,"moe":4946,"population":5799,"school_age_population":1849}},{"type":"Feature","geometry":{"type":"Polygon","coordinates":[[[-80.28226,26.258422],[-80.282102,26.253522],[-80.279607,26.24847],[-80.279627,26.243276],[-80.278211,26.239798],[-80.274602,26.240717],[-80.268987,26.240854],[-80.268886,26.248438],[-80.265861,26.251756],[-80.265101,26.253455],[-80.265885,26.258207],[-80.28226,26.258422]]]},"properties":{"geoid":"12011020319","state_fips":"12","county_fips":"12011","tract":"020319","county":"Broward","median_household_income":94014,"moe":16469,"population":6484,"school_age_population":1391}},{"type":"Feature","geometry":{"type":"Polygon","coordinates":[[[-80.268998,26.247537],[-80.268987,26.240854],[-80.254317,26.240314],[-80.25319,26.244841],[-80.253081,26.252677],[-80.250145,26.25803],[-80.265885,26.258207],[-80.26517,26.253134],[-80.268559,26.249156],[-80.268998,26.247537]]]},"properties":{"geoid":"12011020320","state_fips":"12","county_fips":"12011","tract":"020320","county":"Broward","median_household_income":76650,"moe":19064,"population":4676,"school_age_population":1016}},{"type":"Feature","geometry":{"type":"Polygon","coordinates":[[[-80.328295,25.999548],[-80.328108,25.993257],[-80.318457,25.993268],[-80.318197,25.996875],[-80.314425,25.99542],[-80.312591,25.999268],[-80.313681,26.002544],[-80.315409,26.002422],[-80.316537,26.003358],[-80.320685,26.00348],[-80.322022,26.001271],[-80.321825,26.000187],[-80.322623,25.99975],[-80.324976,25.99913],[-80.328295,25.999548]]]},"properties":{"geoid":"12011110355","state_fips":"12","county_fips":"12011","tract":"110355","county":"Broward","median_household_income":29254,"moe":13524,"population":4684,"school_age_population":15}},{"type":"Feature","geometry":{"type":"Polygon","coordinates":[[[-80.421461,26.116716],[-80.420497,26.114304],[-80.418092,26.113263],[-80.415443,26.114033],[-80.411367,26.118483],[-80.410521,26.115083],[-80.409173,26.113668],[-80.406438,26.115264],[-80.403458,26.115846],[-80.404683,26.121182],[-80.406914,26.124262],[-80.410378,26.126327],[-80.417595,26.12844],[-80.418803,26.125332],[-80.418111,26.122754],[-80.418407,26.121163],[-80.420914,26.118276],[-80.421461,26.116716]]]},"properties":{"geoid":"12011070329","state_fips":"12","county_fips":"12011","tract":"070329","county":"Broward","median_household_income":228393,"moe":131423,"population":3465,"school_age_population":1327}},{"type":"Feature","geometry":{"type":"Polygon","coordinates":[[[-80.393222,26.074923],[-80.39333,26.07426],[-80.385815,26.073264],[-80.372161,26.073232],[-80.371243,26.070103],[-80.371698,26.066762],[-80.370525,26.065313],[-80.368804,26.06499],[-80.366186,26.066187],[-80.362499,26.066299],[-80.362334,26.062876],[-80.353603,26.062848],[-80.35966,26.075403],[-80.362703,26.087642],[-80.375478,26.088103],[-80.377426,26.089288],[-80.381249,26.094018],[-80.390151,26.08479],[-80.393222,26.074923]]]},"properties":{"geoid":"12011070325","state_fips":"12","county_fips":"12011","tract":"070325","county":"Broward","median_household_income":106866,"moe":30648,"population":4841,"school_age_population":1107}},{"type":"Feature","geometry":{"type":"Polygon","coordinates":[[[-80.377453,26.035457],[-80.377248,26.029375],[-80.369093,26.029496],[-80.368952,26.007738],[-80.361923,26.007744],[-80.361455,26.01081],[-80.357635,26.014765],[-80.356858,26.017187],[-80.357319,26.022056],[-80.361062,26.027383],[-80.361247,26.034923],[-80.377453,26.035457]]]},"properties":{"geoid":"12011110357","state_fips":"12","county_fips":"12011","tract":"110357","county":"Broward","median_household_income":126713,"moe":16670,"population":7574,"school_age_population":1978}},{"type":"Feature","geometry":{"type":"Polygon","coordinates":[[[-80.143314,26.03588],[-80.143285,26.033642],[-80.134861,26.033834],[-80.135145,26.043099],[-80.141355,26.042926],[-80.141133,26.036424],[-80.143311,26.036365],[-80.143314,26.03588]]]},"properties":{"geoid":"12011080104","state_fips":"12","county_fips":"12011","tract":"080104","county":"Broward","median_household_income":82807,"moe":18960,"population":2563,"school_age_population":377}},{"type":"Feature","geometry":{"type":"Polygon","coordinates":[[[-80.311808,26.0005],[-80.311613,25.993304],[-80.295881,25.9933],[-80.296073,26.000501],[-80.311808,26.0005]]]},"properties":{"geoid":"12011110353","state_fips":"12","county_fips":"12011","tract":"110353","county":"Broward","median_household_income":64616,"moe":19305,"population":6147,"school_age_population":815}},{"type":"Feature","geometry":{"type":"Polygon","coordinates":[[[-80.107419,26.297658],[-80.094177,26.297667],[-80.092947,26.305081],[-80.105362,26.304874],[-80.107419,26.297658]]]},"properties":{"geoid":"12011010201","state_fips":"12","county_fips":"12011","tract":"010201","county":"Broward","median_household_income":75060,"moe":42443,"population":3037,"school_age_population":329}},{"type":"Feature","geometry":{"type":"Polygon","coordinates":[[[-80.311613,25.993304],[-80.311256,25.990663],[-80.309623,25.988661],[-80.299122,25.98409],[-80.295459,25.989695],[-80.295881,25.9933],[-80.311613,25.993304]]]},"properties":{"geoid":"12011110346","state_fips":"12","county_fips":"12011","tract":"110346","county":"Broward","median_household_income":77669,"moe":18352,"population":4287,"school_age_population":640}},{"type":"Feature","geometry":{"type":"Polygon","coordinates":[[[-80.126424,26.115884],[-80.125118,26.115018],[-80.11978,26.113963],[-80.117361,26.111706],[-80.112179,26.110556],[-80.110618,26.111164],[-80.109338,26.112939],[-80.109474,26.120173],[-80.107817,26.126535],[-80.109723,26.128224],[-80.111761,26.128128],[-80.11346,26.129144],[-80.121181,26.129192],[-80.120906,26.130115],[-80.121828,26.13015],[-80.122834,26.126725],[-80.124071,26.126133],[-80.124673,26.119769],[-80.126424,26.115884]]]},"properties":{"geoid":"12011042000","state_fips":"12","county_fips":"12011","tract":"042000","county":"Broward","median_household_income":137667,"moe":29052,"population":2731,"school_age_population":283}},{"type":"Feature","geometry":{"type":"Polygon","coordinates":[[[-80.267778,26.179114],[-80.267445,26.164285],[-80.256697,26.164307],[-80.255885,26.171812],[-80.252227,26.176838],[-80.25167,26.179167],[-80.267778,26.179114]]]},"properties":{"geoid":"12011060117","state_fips":"12","county_fips":"12011","tract":"060117","county":"Broward","median_household_income":47971,"moe":7958,"population":6460,"school_age_population":1384}},{"type":"Feature","geometry":{"type":"Polygon","coordinates":[[[-80.316991,26.169954],[-80.312865,26.168147],[-80.311126,26.168715],[-80.298003,26.168267],[-80.298224,26.186293],[-80.303413,26.182616],[-80.316991,26.169954]]]},"properties":{"geoid":"12011060118","state_fips":"12","county_fips":"12011","tract":"060118","county":"Broward","median_household_income":99451,"moe":8959,"population":5033,"school_age_population":1011}},{"type":"Feature","geometry":{"type":"Polygon","coordinates":[[[-80.326863,26.16155],[-80.319926,26.161536],[-80.318467,26.160307],[-80.315324,26.160794],[-80.298051,26.160373],[-80.298003,26.168267],[-80.311126,26.168715],[-80.312865,26.168147],[-80.316991,26.169954],[-80.326863,26.16155]]]},"properties":{"geoid":"12011060119","state_fips":"12","county_fips":"12011","tract":"060119","county":"Broward","median_household_income":119583,"moe":23634,"population":7539,"school_age_population":1735}},{"type":"Feature","geometry":{"type":"Polygon","coordinates":[[[-80.217663,26.247959],[-80.217359,26.230304],[-80.209385,26.230419],[-80.209403,26.241647],[-80.204126,26.247648],[-80.204119,26.254734],[-80.207982,26.254598],[-80.214369,26.253111],[-80.217632,26.253146],[-80.217663,26.247959]]]},"properties":{"geoid":"12011020210","state_fips":"12","county_fips":"12011","tract":"020210","county":"Broward","median_household_income":74750,"moe":33760,"population":6086,"school_age_population":820}},{"type":"Feature","geometry":{"type":"Polygon","coordinates":[[[-80.236443,26.208436],[-80.236292,26.201031],[-80.220078,26.201176],[-80.220291,26.208578],[-80.236443,26.208436]]]},"properties":{"geoid":"12011060127","state_fips":"12","county_fips":"12011","tract":"060127","county":"Broward","median_household_income":51705,"moe":13033,"population":3210,"school_age_population":461}},{"type":"Feature","geometry":{"type":"Polygon","coordinates":[[[-80.366429,26.103195],[-80.366571,26.102751],[-80.364514,26.102311],[-80.359755,26.102299],[-80.350807,26.1126],[-80.349172,26.115272],[-80.348995,26.117512],[-80.349772,26.119823],[-80.351305,26.121604],[-80.360394,26.125496],[-80.362521,26.117839],[-80.362615,26.108605],[-80.366429,26.103195]]]},"properties":{"geoid":"12011070310","state_fips":"12","county_fips":"12011","tract":"070310","county":"Broward","median_household_income":115625,"moe":23577,"population":4584,"school_age_population":1446}},{"type":"Feature","geometry":{"type":"Polygon","coordinates":[[[-80.298003,26.168267],[-80.297984,26.164263],[-80.283684,26.164384],[-80.284867,26.168528],[-80.283233,26.17375],[-80.284,26.179058],[-80.297953,26.179054],[-80.298003,26.168267]]]},"properties":{"geoid":"12011060115","state_fips":"12","county_fips":"12011","tract":"060115","county":"Broward","median_household_income":73239,"moe":21856,"population":7301,"school_age_population":1637}},{"type":"Feature","geometry":{"type":"Polygon","coordinates":[[[-80.28487,26.16877],[-80.283684,26.164384],[-80.267445,26.164285],[-80.267778,26.179114],[-80.284,26.179058],[-80.283233,26.17375],[-80.28487,26.16877]]]},"properties":{"geoid":"12011060116","state_fips":"12","county_fips":"12011","tract":"060116","county":"Broward","median_household_income":88705,"moe":16651,"population":7004,"school_age_population":1047}},{"type":"Feature","geometry":{"type":"Polygon","coordinates":[[[-80.140639,25.996781],[-80.140442,25.989414],[-80.136396,25.989653],[-80.136411,25.990519],[-80.134362,25.990569],[-80.134591,25.996997],[-80.140639,25.996781]]]},"properties":{"geoid":"12011100203","state_fips":"12","county_fips":"12011","tract":"100203","county":"Broward","median_household_income":35425,"moe":15313,"population":3234,"school_age_population":683}},{"type":"Feature","geometry":{"type":"Polygon","coordinates":[[[-80.134591,25.996997],[-80.134252,25.985898],[-80.12619,25.986221],[-80.125747,25.989046],[-80.126976,25.991031],[-80.126921,25.997173],[-80.134591,25.996997]]]},"properties":{"geoid":"12011100106","state_fips":"12","county_fips":"12011","tract":"100106","county":"Broward","median_household_income":46667,"moe":5926,"population":2929,"school_age_population":449}},{"type":"Feature","geometry":{"type":"Polygon","coordinates":[[[-80.100243,26.168477],[-80.100334,26.16758],[-80.093221,26.167571],[-80.092772,26.172374],[-80.098835,26.172669],[-80.097735,26.18087],[-80.099279,26.176158],[-80.100243,26.168477]]]},"properties":{"geoid":"12011040505","state_fips":"12","county_fips":"12011","tract":"040505","county":"Broward","median_household_income":100667,"moe":25014,"population":1101,"school_age_population":0}},{"type":"Feature","geometry":{"type":"Polygon","coordinates":[[[-80.137126,26.117954],[-80.136961,26.110452],[-80.134534,26.109409],[-80.129945,26.110785],[-80.128523,26.114449],[-80.129325,26.11605],[-80.130959,26.117241],[-80.13496,26.117273],[-80.137126,26.117954]]]},"properties":{"geoid":"12011042400","state_fips":"12","county_fips":"12011","tract":"042400","county":"Broward","median_household_income":184205,"moe":102777,"population":1391,"school_age_population":436}},{"type":"Feature","geometry":{"type":"Polygon","coordinates":[[[-80.212197,26.149676],[-80.211933,26.145463],[-80.202804,26.146072],[-80.202884,26.150595],[-80.212197,26.149676]]]},"properties":{"geoid":"12011060405","state_fips":"12","county_fips":"12011","tract":"060405","county":"Broward","median_household_income":39713,"moe":13970,"population":3001,"school_age_population":567}},{"type":"Feature","geometry":{"type":"Polygon","coordinates":[[[-80.109875,26.131903],[-80.109723,26.128224],[-80.107817,26.126535],[-80.109474,26.120173],[-80.109106,26.115241],[-80.109574,26.112609],[-80.105641,26.112293],[-80.105939,26.110242],[-80.099949,26.110164],[-80.098362,26.137868],[-80.108238,26.137956],[-80.109875,26.131903]]]},"properties":{"geoid":"12011042100","state_fips":"12","county_fips":"12011","tract":"042100","county":"Broward","median_household_income":91094,"moe":34809,"population":2719,"school_age_population":75}},{"type":"Feature","geometry":{"type":"Polygon","coordinates":[[[-80.281806,26.230334],[-80.281794,26.229607],[-80.269836,26.229691],[-80.270764,26.234701],[-80.268987,26.240854],[-80.274602,26.240717],[-80.278211,26.239798],[-80.278058,26.237532],[-80.281806,26.230334]]]},"properties":{"geoid":"12011020321","state_fips":"12","county_fips":"12011","tract":"020321","county":"Broward","median_household_income":111250,"moe":40470,"population":2205,"school_age_population":647}},{"type":"Feature","geometry":{"type":"Polygon","coordinates":[[[-80.270764,26.234701],[-80.269836,26.229691],[-80.252844,26.229926],[-80.253028,26.232649],[-80.254707,26.237315],[-80.254317,26.240314],[-80.268987,26.240854],[-80.270764,26.234701]]]},"properties":{"geoid":"12011020322","state_fips":"12","county_fips":"12011","tract":"020322","county":"Broward","median_household_income":108807,"moe":16131,"population":4055,"school_age_population":879}},{"type":"Feature","geometry":{"type":"Polygon","coordinates":[[[-80.220589,26.222496],[-80.220291,26.208578],[-80.20648,26.208583],[-80.204121,26.207634],[-80.204404,26.22007],[-80.212513,26.220073],[-80.212579,26.22252],[-80.220589,26.222496]]]},"properties":{"geoid":"12011020404","state_fips":"12","county_fips":"12011","tract":"020404","county":"Broward","median_household_income":80879,"moe":5966,"population":8992,"school_age_population":2230}},{"type":"Feature","geometry":{"type":"Polygon","coordinates":[[[-80.101057,26.250294],[-80.090068,26.250301],[-80.089183,26.254609],[-80.090049,26.258365],[-80.089159,26.260373],[-80.088079,26.260816],[-80.08829,26.261436],[-80.09951,26.261142],[-80.101057,26.250294]]]},"properties":{"geoid":"12011031101","state_fips":"12","county_fips":"12011","tract":"031101","county":"Broward","median_household_income":80156,"moe":14194,"population":2454,"school_age_population":429}},{"type":"Feature","geometry":{"type":"Polygon","coordinates":[[[-80.136961,26.110452],[-80.136671,26.100344],[-80.119036,26.100718],[-80.120929,26.108921],[-80.117936,26.11227],[-80.11978,26.113963],[-80.125118,26.115018],[-80.128404,26.116675],[-80.129325,26.11605],[-80.128523,26.114449],[-80.129945,26.110785],[-80.134534,26.109409],[-80.136961,26.110452]]]},"properties":{"geoid":"12011042301","state_fips":"12","county_fips":"12011","tract":"042301","county":"Broward","median_household_income":87938,"moe":20230,"population":3971,"school_age_population":276}},{"type":"Feature","geometry":{"type":"Polygon","coordinates":[[[-80.263228,25.994292],[-80.26298,25.986974],[-80.247347,25.987437],[-80.247583,25.994804],[-80.263228,25.994292]]]},"properties":{"geoid":"12011110367","state_fips":"12","county_fips":"12011","tract":"110367","county":"Broward","median_household_income":55282,"moe":8544,"population":6152,"school_age_population":1252}},{"type":"Feature","geometry":{"type":"Polygon","coordinates":[[[-80.143926,26.13146],[-80.143498,26.122221],[-80.137203,26.122365],[-80.13765,26.135204],[-80.136825,26.136576],[-80.135467,26.137017],[-80.138645,26.136924],[-80.143926,26.13146]]]},"properties":{"geoid":"12011042501","state_fips":"12","county_fips":"12011","tract":"042501","county":"Broward","median_household_income":98397,"moe":21854,"population":4850,"school_age_population":119}},{"type":"Feature","geometry":{"type":"Polygon","coordinates":[[[-80.234866,26.272264],[-80.223068,26.271981],[-80.224101,26.272122],[-80.22415,26.286657],[-80.234327,26.28682],[-80.233592,26.28397],[-80.233482,26.275333],[-80.234866,26.272264]]]},"properties":{"geoid":"12011020308","state_fips":"12","county_fips":"12011","tract":"020308","county":"Broward","median_household_income":57784,"moe":17345,"population":6206,"school_age_population":2221}},{"type":"Feature","geometry":{"type":"Polygon","coordinates":[[[-80.224231,26.281462],[-80.224101,26.272122],[-80.218592,26.272651],[-80.213887,26.273969],[-80.201862,26.274249],[-80.202049,26.28622],[-80.22415,26.286657],[-80.224231,26.281462]]]},"properties":{"geoid":"12011020309","state_fips":"12","county_fips":"12011","tract":"020309","county":"Broward","median_household_income":111458,"moe":49792,"population":6055,"school_age_population":1285}},{"type":"Feature","geometry":{"type":"Polygon","coordinates":[[[-80.266554,26.287275],[-80.266348,26.272662],[-80.250092,26.272456],[-80.250264,26.287033],[-80.266554,26.287275]]]},"properties":{"geoid":"12011020311","state_fips":"12","county_fips":"12011","tract":"020311","county":"Broward","median_household_income":62955,"moe":20399,"population":3753,"school_age_population":1086}},{"type":"Feature","geometry":{"type":"Polygon","coordinates":[[[-80.297859,26.259608],[-80.297862,26.258602],[-80.28226,26.258422],[-80.282488,26.272856],[-80.297766,26.273075],[-80.297859,26.259608]]]},"properties":{"geoid":"12011020312","state_fips":"12","county_fips":"12011","tract":"020312","county":"Broward","median_household_income":82957,"moe":13730,"population":4968,"school_age_population":1333}},{"type":"Feature","geometry":{"type":"Polygon","coordinates":[[[-80.235029,26.150801],[-80.234715,26.135733],[-80.226674,26.135756],[-80.226954,26.150249],[-80.233967,26.150246],[-80.235029,26.150801]]]},"properties":{"geoid":"12011060203","state_fips":"12","county_fips":"12011","tract":"060203","county":"Broward","median_household_income":58225,"moe":10910,"population":6437,"school_age_population":1962}},{"type":"Feature","geometry":{"type":"Polygon","coordinates":[[[-80.330206,26.119267],[-80.313466,26.115244],[-80.314179,26.122887],[-80.313951,26.131182],[-80.330152,26.131245],[-80.330206,26.119267]]]},"properties":{"geoid":"12011060122","state_fips":"12","county_fips":"12011","tract":"060122","county":"Broward","median_household_income":89464,"moe":29130,"population":6237,"school_age_population":1429}},{"type":"Feature","geometry":{"type":"Polygon","coordinates":[[[-80.256703,26.135593],[-80.256443,26.128226],[-80.23773,26.128388],[-80.235883,26.129528],[-80.235504,26.132806],[-80.234624,26.132647],[-80.234836,26.135566],[-80.256703,26.135593]]]},"properties":{"geoid":"12011060607","state_fips":"12","county_fips":"12011","tract":"060607","county":"Broward","median_household_income":121319,"moe":40865,"population":3060,"school_age_population":757}},{"type":"Feature","geometry":{"type":"Polygon","coordinates":[[[-80.151512,26.196025],[-80.132133,26.196302],[-80.132411,26.20604],[-80.134525,26.206003],[-80.137574,26.208816],[-80.148022,26.211928],[-80.151512,26.196025]]]},"properties":{"geoid":"12011050100","state_fips":"12","county_fips":"12011","tract":"050100","county":"Broward","median_household_income":57500,"moe":10645,"population":4369,"school_age_population":928}},{"type":"Feature","geometry":{"type":"Polygon","coordinates":[[[-80.203951,26.200009],[-80.203851,26.19527],[-80.187781,26.194956],[-80.18797,26.202473],[-80.149882,26.203439],[-80.14824,26.210924],[-80.173595,26.209933],[-80.176792,26.209235],[-80.188166,26.209675],[-80.188284,26.21854],[-80.203951,26.200009]]]},"properties":{"geoid":"12011050204","state_fips":"12","county_fips":"12011","tract":"050204","county":"Broward","median_household_income":81336,"moe":28374,"population":6050,"school_age_population":997}},{"type":"Feature","geometry":{"type":"Polygon","coordinates":[[[-80.248654,26.175078],[-80.248177,26.173026],[-80.245048,26.168156],[-80.244714,26.164321],[-80.242211,26.164716],[-80.236593,26.17122],[-80.239567,26.174947],[-80.239848,26.179251],[-80.2461,26.178755],[-80.247963,26.177158],[-80.248654,26.175078]]]},"properties":{"geoid":"12011060123","state_fips":"12","county_fips":"12011","tract":"060123","county":"Broward","median_household_income":70785,"moe":20952,"population":3348,"school_age_population":555}},{"type":"Feature","geometry":{"type":"Polygon","coordinates":[[[-80.298014,26.162499],[-80.290286,26.162466],[-80.290209,26.152855],[-80.282775,26.152872],[-80.282837,26.159498],[-80.283684,26.164384],[-80.297923,26.164359],[-80.298014,26.162499]]]},"properties":{"geoid":"12011060211","state_fips":"12","county_fips":"12011","tract":"060211","county":"Broward","median_household_income":70182,"moe":22880,"population":4901,"school_age_population":211}},{"type":"Feature","geometry":{"type":"Polygon","coordinates":[[[-80.314271,26.074181],[-80.313638,26.063828],[-80.297717,26.064116],[-80.298039,26.109315],[-80.297575,26.111375],[-80.313815,26.115325],[-80.314271,26.074181]]]},"properties":{"geoid":"12011070205","state_fips":"12","county_fips":"12011","tract":"070205","county":"Broward","median_household_income":100168,"moe":32995,"population":5704,"school_age_population":1296}},{"type":"Feature","geometry":{"type":"Polygon","coordinates":[[[-80.360394,26.125496],[-80.351607,26.121836],[-80.349772,26.119823],[-80.348975,26.117139],[-80.349792,26.113895],[-80.359755,26.102299],[-80.330188,26.102206],[-80.330207,26.11922],[-80.360107,26.12637],[-80.360394,26.125496]]]},"properties":{"geoid":"12011070304","state_fips":"12","county_fips":"12011","tract":"070304","county":"Broward","median_household_income":120268,"moe":38792,"population":8099,"school_age_population":1493}},{"type":"Feature","geometry":{"type":"Polygon","coordinates":[[[-80.352226,26.035628],[-80.351845,26.031212],[-80.3505,26.026992],[-80.340046,26.007848],[-80.328564,26.007854],[-80.330074,26.014789],[-80.328407,26.020596],[-80.329238,26.024395],[-80.329012,26.028496],[-80.3126,26.029543],[-80.312787,26.035176],[-80.352226,26.035628]]]},"properties":{"geoid":"12011110327","state_fips":"12","county_fips":"12011","tract":"110327","county":"Broward","median_household_income":106419,"moe":17902,"population":6083,"school_age_population":1422}},{"type":"Feature","geometry":{"type":"Polygon","coordinates":[[[-80.376511,26.007558],[-80.376234,25.993083],[-80.361925,25.99308],[-80.363726,26.000163],[-80.362069,26.005029],[-80.361923,26.007744],[-80.376511,26.007558]]]},"properties":{"geoid":"12011110330","state_fips":"12","county_fips":"12011","tract":"110330","county":"Broward","median_household_income":132339,"moe":26866,"population":3606,"school_age_population":751}},{"type":"Feature","geometry":{"type":"Polygon","coordinates":[[[-80.093903,26.232011],[-80.090926,26.231959],[-80.090228,26.237176],[-80.088464,26.23958],[-80.086517,26.250392],[-80.090068,26.250301],[-80.093903,26.232011]]]},"properties":{"geoid":"12011031204","state_fips":"12","county_fips":"12011","tract":"031204","county":"Broward","median_household_income":62000,"moe":20447,"population":3003,"school_age_population":91}},{"type":"Feature","geometry":{"type":"Polygon","coordinates":[[[-80.090063,26.25041],[-80.086517,26.250392],[-80.086591,26.249257],[-80.085015,26.249261],[-80.084548,26.252208],[-80.080314,26.252248],[-80.078665,26.253559],[-80.083765,26.262558],[-80.089378,26.260028],[-80.090061,26.25822],[-80.089187,26.254536],[-80.090063,26.25041]]]},"properties":{"geoid":"12011031205","state_fips":"12","county_fips":"12011","tract":"031205","county":"Broward","median_household_income":86964,"moe":13814,"population":1523,"school_age_population":91}},{"type":"Feature","geometry":{"type":"Polygon","coordinates":[[[-80.102947,26.189927],[-80.09493,26.189667],[-80.094547,26.194661],[-80.089978,26.194526],[-80.08875,26.204941],[-80.100065,26.20466],[-80.102366,26.196661],[-80.102947,26.189927]]]},"properties":{"geoid":"12011040102","state_fips":"12","county_fips":"12011","tract":"040102","county":"Broward","median_household_income":81937,"moe":11135,"population":2558,"school_age_population":329}},{"type":"Feature","geometry":{"type":"Polygon","coordinates":[[[-80.394163,26.116789],[-80.393581,26.109686],[-80.390682,26.106443],[-80.387712,26.105044],[-80.384201,26.104683],[-80.376338,26.105668],[-80.366571,26.102751],[-80.362615,26.108605],[-80.362558,26.11409],[-80.367018,26.11215],[-80.371219,26.112051],[-80.372906,26.112803],[-80.375425,26.116058],[-80.377126,26.116842],[-80.394163,26.116789]]]},"properties":{"geoid":"12011070311","state_fips":"12","county_fips":"12011","tract":"070311","county":"Broward","median_household_income":132949,"moe":18071,"population":5753,"school_age_population":1283}},{"type":"Feature","geometry":{"type":"Polygon","coordinates":[[[-80.353603,26.062848],[-80.352902,26.058471],[-80.352226,26.035628],[-80.312787,26.035176],[-80.313638,26.063828],[-80.353603,26.062848]]]},"properties":{"geoid":"12011070316","state_fips":"12","county_fips":"12011","tract":"070316","county":"Broward","median_household_income":132325,"moe":13901,"population":5431,"school_age_population":1117}},{"type":"Feature","geometry":{"type":"Polygon","coordinates":[[[-80.297324,26.044128],[-80.296808,26.029621],[-80.264586,26.03074],[-80.264271,26.036467],[-80.264793,26.037813],[-80.265017,26.045091],[-80.297324,26.044128]]]},"properties":{"geoid":"12011070501","state_fips":"12","county_fips":"12011","tract":"070501","county":"Broward","median_household_income":118774,"moe":28177,"population":5376,"school_age_population":1615}},{"type":"Feature","geometry":{"type":"Polygon","coordinates":[[[-80.248164,26.12079],[-80.247766,26.116787],[-80.246067,26.115169],[-80.24309,26.113672],[-80.235728,26.106841],[-80.235193,26.105683],[-80.218191,26.105982],[-80.218555,26.116363],[-80.218051,26.120837],[-80.248164,26.12079]]]},"properties":{"geoid":"12011060900","state_fips":"12","county_fips":"12011","tract":"060900","county":"Broward","median_household_income":110556,"moe":17862,"population":4066,"school_age_population":935}},{"type":"Feature","geometry":{"type":"Polygon","coordinates":[[[-80.218191,26.105982],[-80.216539,26.091663],[-80.20204,26.088114],[-80.201181,26.091227],[-80.20163,26.106332],[-80.218191,26.105982]]]},"properties":{"geoid":"12011061100","state_fips":"12","county_fips":"12011","tract":"061100","county":"Broward","median_household_income":68654,"moe":15183,"population":8037,"school_age_population":1578}},{"type":"Feature","geometry":{"type":"Polygon","coordinates":[[[-80.209439,26.241433],[-80.209385,26.230419],[-80.204719,26.230427],[-80.204779,26.238901],[-80.20158,26.243383],[-80.201633,26.254433],[-80.204119,26.254734],[-80.204126,26.247648],[-80.209439,26.241433]]]},"properties":{"geoid":"12011020209","state_fips":"12","county_fips":"12011","tract":"020209","county":"Broward","median_household_income":60368,"moe":24817,"population":2350,"school_age_population":460}},{"type":"Feature","geometry":{"type":"Polygon","coordinates":[[[-80.132411,26.20604],[-80.132133,26.196302],[-80.111543,26.196723],[-80.108715,26.204104],[-80.123037,26.203706],[-80.123127,26.208418],[-80.129572,26.206212],[-80.132411,26.20604]]]},"properties":{"geoid":"12011040205","state_fips":"12","county_fips":"12011","tract":"040205","county":"Broward","median_household_income":86892,"moe":45119,"population":5303,"school_age_population":769}},{"type":"Feature","geometry":{"type":"Polygon","coordinates":[[[-80.222328,26.260834],[-80.221539,26.25322],[-80.214369,26.253111],[-80.20677,26.254727],[-80.201633,26.254433],[-80.201709,26.260722],[-80.219315,26.261042],[-80.220202,26.261635],[-80.222328,26.260834]]]},"properties":{"geoid":"12011020206","state_fips":"12","county_fips":"12011","tract":"020206","county":"Broward","median_household_income":65670,"moe":23485,"population":4623,"school_age_population":997}},{"type":"Feature","geometry":{"type":"Polygon","coordinates":[[[-80.250041,26.25827],[-80.24497,26.257959],[-80.244873,26.259779],[-80.243696,26.260981],[-80.244281,26.262134],[-80.244069,26.266167],[-80.242242,26.268017],[-80.240124,26.267801],[-80.239617,26.269057],[-80.239773,26.272325],[-80.250092,26.272456],[-80.250041,26.25827]]]},"properties":{"geoid":"12011020323","state_fips":"12","county_fips":"12011","tract":"020323","county":"Broward","median_household_income":57917,"moe":19793,"population":3826,"school_age_population":877}},{"type":"Feature","geometry":{"type":"Polygon","coordinates":[[[-80.244966,26.258211],[-80.237792,26.257932],[-80.238239,26.258644],[-80.234152,26.256985],[-80.234213,26.272144],[-80.239773,26.272325],[-80.239617,26.269057],[-80.240124,26.267801],[-80.242242,26.268017],[-80.244069,26.266167],[-80.244281,26.262134],[-80.243696,26.260981],[-80.244873,26.259779],[-80.244966,26.258211]]]},"properties":{"geoid":"12011020324","state_fips":"12","county_fips":"12011","tract":"020324","county":"Broward","median_household_income":61161,"moe":22320,"population":7067,"school_age_population":1272}},{"type":"Feature","geometry":{"type":"Polygon","coordinates":[[[-80.284183,26.088336],[-80.283771,26.085836],[-80.281169,26.080583],[-80.280358,26.064464],[-80.260399,26.064851],[-80.260866,26.067899],[-80.264332,26.070889],[-80.264827,26.072019],[-80.265525,26.090382],[-80.284157,26.089897],[-80.284183,26.088336]]]},"properties":{"geoid":"12011070209","state_fips":"12","county_fips":"12011","tract":"070209","county":"Broward","median_household_income":157321,"moe":21277,"population":4815,"school_age_population":1026}},{"type":"Feature","geometry":{"type":"Polygon","coordinates":[[[-80.417048,26.104277],[-80.413271,26.095017],[-80.40823,26.087806],[-80.397381,26.075938],[-80.39333,26.07426],[-80.390151,26.08479],[-80.381249,26.094018],[-80.391504,26.097175],[-80.398029,26.102104],[-80.401462,26.107253],[-80.403458,26.115846],[-80.406438,26.115264],[-80.409173,26.113668],[-80.413181,26.106171],[-80.414846,26.104901],[-80.417048,26.104277]]]},"properties":{"geoid":"12011070318","state_fips":"12","county_fips":"12011","tract":"070318","county":"Broward","median_household_income":191563,"moe":24344,"population":6525,"school_age_population":1503}},{"type":"Feature","geometry":{"type":"Polygon","coordinates":[[[-80.159587,26.022258],[-80.159426,26.018555],[-80.149527,26.018802],[-80.150024,26.033523],[-80.159504,26.033389],[-80.159587,26.022258]]]},"properties":{"geoid":"12011090404","state_fips":"12","county_fips":"12011","tract":"090404","county":"Broward","median_household_income":40865,"moe":9949,"population":4090,"school_age_population":722}},{"type":"Feature","geometry":{"type":"Polygon","coordinates":[[[-80.248661,26.031207],[-80.23263,26.031471],[-80.232917,26.042312],[-80.237405,26.038137],[-80.24852,26.033047],[-80.248661,26.031207]]]},"properties":{"geoid":"12011090601","state_fips":"12","county_fips":"12011","tract":"090601","county":"Broward","median_household_income":87654,"moe":12460,"population":3574,"school_age_population":790}},{"type":"Feature","geometry":{"type":"Polygon","coordinates":[[[-80.213328,26.032236],[-80.213023,26.024818],[-80.189867,26.025286],[-80.190116,26.032765],[-80.213328,26.032236]]]},"properties":{"geoid":"12011090801","state_fips":"12","county_fips":"12011","tract":"090801","county":"Broward","median_household_income":76917,"moe":20245,"population":3960,"school_age_population":855}},{"type":"Feature","geometry":{"type":"Polygon","coordinates":[[[-80.153449,26.327772],[-80.152669,26.317959],[-80.128309,26.318029],[-80.128334,26.327718],[-80.153449,26.327772]]]},"properties":{"geoid":"12011010308","state_fips":"12","county_fips":"12011","tract":"010308","county":"Broward","median_household_income":76297,"moe":32585,"population":4595,"school_age_population":654}},{"type":"Feature","geometry":{"type":"Polygon","coordinates":[[[-80.169426,26.30516],[-80.169011,26.288894],[-80.154129,26.288977],[-80.152367,26.289523],[-80.152399,26.304422],[-80.15724,26.304471],[-80.163287,26.305794],[-80.169426,26.30516]]]},"properties":{"geoid":"12011010406","state_fips":"12","county_fips":"12011","tract":"010406","county":"Broward","median_household_income":85625,"moe":11379,"population":4690,"school_age_population":1220}},{"type":"Feature","geometry":{"type":"Polygon","coordinates":[[[-80.270862,26.062775],[-80.270737,26.059349],[-80.269507,26.055791],[-80.269129,26.044943],[-80.259784,26.045221],[-80.260399,26.064851],[-80.270802,26.064638],[-80.270862,26.062775]]]},"properties":{"geoid":"12011070404","state_fips":"12","county_fips":"12011","tract":"070404","county":"Broward","median_household_income":148824,"moe":21563,"population":3652,"school_age_population":938}},{"type":"Feature","geometry":{"type":"Polygon","coordinates":[[[-80.171042,26.183529],[-80.170869,26.16563],[-80.161902,26.165989],[-80.155213,26.181091],[-80.159226,26.181277],[-80.171042,26.183529]]]},"properties":{"geoid":"12011050402","state_fips":"12","county_fips":"12011","tract":"050402","county":"Broward","median_household_income":78311,"moe":23979,"population":4378,"school_age_population":461}},{"type":"Feature","geometry":{"type":"Polygon","coordinates":[[[-80.13201,26.193171],[-80.131548,26.174073],[-80.119529,26.174387],[-80.119689,26.181106],[-80.118906,26.183482],[-80.122394,26.183426],[-80.122539,26.187288],[-80.124582,26.187251],[-80.124623,26.189001],[-80.126095,26.188977],[-80.126156,26.190054],[-80.129759,26.189984],[-80.129834,26.19266],[-80.13191,26.192616],[-80.13201,26.193171]]]},"properties":{"geoid":"12011050601","state_fips":"12","county_fips":"12011","tract":"050601","county":"Broward","median_household_income":104432,"moe":25183,"population":3246,"school_age_population":510}},{"type":"Feature","geometry":{"type":"Polygon","coordinates":[[[-80.265525,26.090382],[-80.264664,26.071468],[-80.260866,26.067899],[-80.260399,26.064851],[-80.252068,26.064943],[-80.252427,26.073723],[-80.250883,26.081124],[-80.251113,26.090656],[-80.265525,26.090382]]]},"properties":{"geoid":"12011070211","state_fips":"12","county_fips":"12011","tract":"070211","county":"Broward","median_household_income":106429,"moe":39605,"population":5839,"school_age_population":1208}},{"type":"Feature","geometry":{"type":"Polygon","coordinates":[[[-80.340564,25.993362],[-80.328108,25.993257],[-80.328564,26.007854],[-80.340046,26.007848],[-80.338886,26.000928],[-80.340564,25.993362]]]},"properties":{"geoid":"12011110334","state_fips":"12","county_fips":"12011","tract":"110334","county":"Broward","median_household_income":24045,"moe":6828,"population":3533,"school_age_population":32}},{"type":"Feature","geometry":{"type":"Polygon","coordinates":[[[-80.128681,26.137205],[-80.128251,26.126793],[-80.124366,26.126829],[-80.12454,26.126019],[-80.124107,26.126018],[-80.122834,26.126725],[-80.121828,26.13015],[-80.120906,26.130115],[-80.121181,26.129192],[-80.113012,26.129001],[-80.113269,26.13151],[-80.117945,26.132632],[-80.118648,26.136379],[-80.118057,26.137728],[-80.121056,26.137176],[-80.128681,26.137205]]]},"properties":{"geoid":"12011041802","state_fips":"12","county_fips":"12011","tract":"041802","county":"Broward","median_household_income":78664,"moe":10094,"population":3679,"school_age_population":277}},{"type":"Feature","geometry":{"type":"Polygon","coordinates":[[[-80.252428,26.073605],[-80.252068,26.064943],[-80.248266,26.065046],[-80.248437,26.072629],[-80.232338,26.073111],[-80.232288,26.07511],[-80.226611,26.09413],[-80.250254,26.099779],[-80.251124,26.095524],[-80.250883,26.081124],[-80.252428,26.073605]]]},"properties":{"geoid":"12011070204","state_fips":"12","county_fips":"12011","tract":"070204","county":"Broward","median_household_income":59630,"moe":17700,"population":6648,"school_age_population":883}},{"type":"Feature","geometry":{"type":"Polygon","coordinates":[[[-80.102876,26.237322],[-80.097962,26.237338],[-80.097935,26.231886],[-80.09391,26.231904],[-80.090068,26.250301],[-80.101082,26.250125],[-80.102876,26.237322]]]},"properties":{"geoid":"12011031102","state_fips":"12","county_fips":"12011","tract":"031102","county":"Broward","median_household_income":64924,"moe":32375,"population":3705,"school_age_population":588}},{"type":"Feature","geometry":{"type":"Polygon","coordinates":[[[-80.207878,26.067462],[-80.207888,26.066231],[-80.207075,26.066242],[-80.202567,26.067735],[-80.168623,26.068105],[-80.168786,26.072923],[-80.170822,26.08223],[-80.161611,26.081315],[-80.152728,26.081263],[-80.152853,26.092378],[-80.160854,26.090355],[-80.161514,26.099099],[-80.165238,26.098678],[-80.166284,26.099073],[-80.169004,26.09642],[-80.170324,26.095913],[-80.170753,26.094966],[-80.17349,26.094474],[-80.174424,26.093425],[-80.17479,26.091591],[-80.17872,26.091033],[-80.183746,26.087772],[-80.190413,26.086989],[-80.193793,26.085407],[-80.20204,26.088114],[-80.207878,26.067462]]]},"properties":{"geoid":"12011110600","state_fips":"12","county_fips":"12011","tract":"110600","county":"Broward","median_household_income":82880,"moe":26347,"population":5667,"school_age_population":1133}},{"type":"Feature","geometry":{"type":"Polygon","coordinates":[[[-80.263608,26.005136],[-80.263228,25.994292],[-80.247583,25.994804],[-80.247911,26.005485],[-80.263608,26.005136]]]},"properties":{"geoid":"12011110341","state_fips":"12","county_fips":"12011","tract":"110341","county":"Broward","median_household_income":41528,"moe":10210,"population":3942,"school_age_population":632}},{"type":"Feature","geometry":{"type":"Polygon","coordinates":[[[-80.114934,26.18966],[-80.106858,26.189734],[-80.106858,26.193778],[-80.105675,26.196851],[-80.106278,26.203998],[-80.108715,26.204104],[-80.109891,26.200255],[-80.114934,26.18966]]]},"properties":{"geoid":"12011040203","state_fips":"12","county_fips":"12011","tract":"040203","county":"Broward","median_household_income":75286,"moe":33999,"population":1416,"school_age_population":121}},{"type":"Feature","geometry":{"type":"Polygon","coordinates":[[[-80.108707,26.204133],[-80.106516,26.204114],[-80.105893,26.203303],[-80.105715,26.196212],[-80.106858,26.193778],[-80.106858,26.189734],[-80.102954,26.189847],[-80.102366,26.196661],[-80.0983,26.211813],[-80.10421,26.211686],[-80.104162,26.209815],[-80.10736,26.209757],[-80.108707,26.204133]]]},"properties":{"geoid":"12011040204","state_fips":"12","county_fips":"12011","tract":"040204","county":"Broward","median_household_income":72039,"moe":11497,"population":2900,"school_age_population":172}},{"type":"Feature","geometry":{"type":"Polygon","coordinates":[[[-80.123127,26.208418],[-80.123037,26.203706],[-80.108715,26.204104],[-80.10736,26.209757],[-80.110058,26.209692],[-80.11011,26.210873],[-80.120048,26.21064],[-80.12086,26.20864],[-80.123127,26.208418]]]},"properties":{"geoid":"12011040206","state_fips":"12","county_fips":"12011","tract":"040206","county":"Broward","median_household_income":96500,"moe":32542,"population":3381,"school_age_population":578}},{"type":"Feature","geometry":{"type":"Polygon","coordinates":[[[-80.250264,26.287033],[-80.250092,26.272456],[-80.234866,26.272264],[-80.233482,26.275333],[-80.233592,26.28397],[-80.234327,26.28682],[-80.250264,26.287033]]]},"properties":{"geoid":"12011020302","state_fips":"12","county_fips":"12011","tract":"020302","county":"Broward","median_household_income":60385,"moe":7112,"population":9111,"school_age_population":2671}},{"type":"Feature","geometry":{"type":"Polygon","coordinates":[[[-80.227046,26.162842],[-80.226907,26.15651],[-80.224908,26.153546],[-80.224719,26.150239],[-80.219378,26.150232],[-80.219689,26.164782],[-80.227001,26.164859],[-80.227046,26.162842]]]},"properties":{"geoid":"12011060303","state_fips":"12","county_fips":"12011","tract":"060303","county":"Broward","median_household_income":41451,"moe":6895,"population":7196,"school_age_population":2308}},{"type":"Feature","geometry":{"type":"Polygon","coordinates":[[[-80.313068,26.044135],[-80.3126,26.029543],[-80.296808,26.029621],[-80.297324,26.044128],[-80.313068,26.044135]]]},"properties":{"geoid":"12011070405","state_fips":"12","county_fips":"12011","tract":"070405","county":"Broward","median_household_income":121382,"moe":14899,"population":5020,"school_age_population":1078}},{"type":"Feature","geometry":{"type":"Polygon","coordinates":[[[-80.352176,25.974713],[-80.351384,25.956963],[-80.340877,25.957153],[-80.328319,25.967393],[-80.321709,25.970204],[-80.278764,25.970968],[-80.279108,25.980678],[-80.289046,25.980372],[-80.295274,25.978855],[-80.351308,25.978718],[-80.352176,25.974713]]]},"properties":{"geoid":"12011110321","state_fips":"12","county_fips":"12011","tract":"110321","county":"Broward","median_household_income":108958,"moe":25261,"population":5452,"school_age_population":1195}},{"type":"Feature","geometry":{"type":"Polygon","coordinates":[[[-80.162462,26.151371],[-80.162121,26.136519],[-80.153843,26.136494],[-80.154331,26.151569],[-80.162462,26.151371]]]},"properties":{"geoid":"12011040902","state_fips":"12","county_fips":"12011","tract":"040902","county":"Broward","median_household_income":59647,"moe":13663,"population":4721,"school_age_population":1062}},{"type":"Feature","geometry":{"type":"Polygon","coordinates":[[[-80.297652,26.294164],[-80.297668,26.293342],[-80.296957,26.293336],[-80.296483,26.296962],[-80.294517,26.299853],[-80.291969,26.301497],[-80.288883,26.302194],[-80.237179,26.301528],[-80.230604,26.300589],[-80.202486,26.299832],[-80.202608,26.312019],[-80.208908,26.310392],[-80.234696,26.310695],[-80.240986,26.308164],[-80.246321,26.308275],[-80.251084,26.310341],[-80.254209,26.310751],[-80.257515,26.309758],[-80.262065,26.306892],[-80.264911,26.306318],[-80.26683,26.30633],[-80.267298,26.309435],[-80.269137,26.311933],[-80.270938,26.311002],[-80.274372,26.311802],[-80.274972,26.31072],[-80.279412,26.310748],[-80.279831,26.309638],[-80.281779,26.30809],[-80.28337,26.307626],[-80.285945,26.308294],[-80.288157,26.311216],[-80.290058,26.31076],[-80.290962,26.308105],[-80.292617,26.308026],[-80.292998,26.310763],[-80.297104,26.311272],[-80.297652,26.294164]]]},"properties":{"geoid":"12011010601","state_fips":"12","county_fips":"12011","tract":"010601","county":"Broward","median_household_income":164573,"moe":18674,"population":8106,"school_age_population":1688}},{"type":"Feature","geometry":{"type":"Polygon","coordinates":[[[-80.268067,26.156666],[-80.26779,26.150112],[-80.257009,26.15015],[-80.257224,26.161168],[-80.256697,26.164307],[-80.267445,26.164285],[-80.268067,26.156666]]]},"properties":{"geoid":"12011060206","state_fips":"12","county_fips":"12011","tract":"060206","county":"Broward","median_household_income":50761,"moe":35557,"population":5098,"school_age_population":888}},{"type":"Feature","geometry":{"type":"Polygon","coordinates":[[[-80.297813,26.283236],[-80.297766,26.273075],[-80.272553,26.272734],[-80.273175,26.276412],[-80.272979,26.287369],[-80.297788,26.287354],[-80.297813,26.283236]]]},"properties":{"geoid":"12011020326","state_fips":"12","county_fips":"12011","tract":"020326","county":"Broward","median_household_income":84199,"moe":5064,"population":6250,"school_age_population":1708}},{"type":"Feature","geometry":{"type":"Polygon","coordinates":[[[-80.220291,26.208578],[-80.220078,26.201176],[-80.203974,26.201083],[-80.204121,26.207634],[-80.204823,26.208175],[-80.220291,26.208578]]]},"properties":{"geoid":"12011020405","state_fips":"12","county_fips":"12011","tract":"020405","county":"Broward","median_household_income":58542,"moe":15612,"population":5041,"school_age_population":1138}},{"type":"Feature","geometry":{"type":"Polygon","coordinates":[[[-80.169806,26.121612],[-80.169335,26.096344],[-80.16678,26.09895],[-80.161159,26.099067],[-80.158948,26.106946],[-80.159298,26.108874],[-80.155162,26.113944],[-80.152742,26.114097],[-80.153788,26.11694],[-80.156802,26.115259],[-80.157858,26.116154],[-80.160089,26.116281],[-80.161837,26.118895],[-80.163664,26.119971],[-80.163081,26.121836],[-80.169806,26.121612]]]},"properties":{"geoid":"12011042700","state_fips":"12","county_fips":"12011","tract":"042700","county":"Broward","median_household_income":49063,"moe":19053,"population":5094,"school_age_population":1439}},{"type":"Feature","geometry":{"type":"Polygon","coordinates":[[[-80.120047,26.211206],[-80.120048,26.21064],[-80.11011,26.210873],[-80.110058,26.209692],[-80.104205,26.209812],[-80.10421,26.211686],[-80.0983,26.211813],[-80.096017,26.223118],[-80.098915,26.222505],[-80.10189,26.222754],[-80.102967,26.221302],[-80.105056,26.22146],[-80.105227,26.223199],[-80.106331,26.223665],[-80.106521,26.221789],[-80.1088,26.221799],[-80.111711,26.220216],[-80.113069,26.21814],[-80.115136,26.216941],[-80.115725,26.214679],[-80.118764,26.212844],[-80.120047,26.211206]]]},"properties":{"geoid":"12011030902","state_fips":"12","county_fips":"12011","tract":"030902","county":"Broward","median_household_income":87109,"moe":17760,"population":3496,"school_age_population":424}},{"type":"Feature","geometry":{"type":"Polygon","coordinates":[[[-80.185816,26.105631],[-80.185776,26.087796],[-80.183746,26.087772],[-80.178536,26.0911],[-80.17479,26.091591],[-80.174424,26.093425],[-80.17349,26.094474],[-80.170753,26.094966],[-80.169335,26.096344],[-80.169564,26.106604],[-80.185816,26.105631]]]},"properties":{"geoid":"12011043100","state_fips":"12","county_fips":"12011","tract":"043100","county":"Broward","median_household_income":104172,"moe":16338,"population":5297,"school_age_population":1107}},{"type":"Feature","geometry":{"type":"Polygon","coordinates":[[[-80.234715,26.135733],[-80.234168,26.120797],[-80.218051,26.120837],[-80.217509,26.128097],[-80.219755,26.137711],[-80.223136,26.137801],[-80.223093,26.135776],[-80.224255,26.13577],[-80.22423,26.137514],[-80.226813,26.137509],[-80.226674,26.135756],[-80.234715,26.135733]]]},"properties":{"geoid":"12011060700","state_fips":"12","county_fips":"12011","tract":"060700","county":"Broward","median_household_income":105153,"moe":10526,"population":2883,"school_age_population":646}},{"type":"Feature","geometry":{"type":"Polygon","coordinates":[[[-80.21458,26.046484],[-80.213328,26.032236],[-80.200348,26.032381],[-80.200802,26.046925],[-80.21458,26.046484]]]},"properties":{"geoid":"12011090504","state_fips":"12","county_fips":"12011","tract":"090504","county":"Broward","median_household_income":46623,"moe":9313,"population":2993,"school_age_population":659}},{"type":"Feature","geometry":{"type":"Polygon","coordinates":[[[-80.136091,26.025431],[-80.13612,26.022789],[-80.135203,26.022791],[-80.135284,26.020048],[-80.134298,26.019159],[-80.134111,26.013658],[-80.135131,26.013649],[-80.135066,26.011758],[-80.118253,26.012221],[-80.117248,26.026843],[-80.117605,26.034234],[-80.134911,26.033832],[-80.134997,26.028479],[-80.136029,26.028262],[-80.136091,26.025431]]]},"properties":{"geoid":"12011090200","state_fips":"12","county_fips":"12011","tract":"090200","county":"Broward","median_household_income":108015,"moe":22930,"population":4010,"school_age_population":838}},{"type":"Feature","geometry":{"type":"Polygon","coordinates":[[[-80.104142,26.167652],[-80.100334,26.16758],[-80.099279,26.176158],[-80.097405,26.182255],[-80.10335,26.182219],[-80.104142,26.167652]]]},"properties":{"geoid":"12011040503","state_fips":"12","county_fips":"12011","tract":"040503","county":"Broward","median_household_income":66726,"moe":9640,"population":1407,"school_age_population":137}},{"type":"Feature","geometry":{"type":"Polygon","coordinates":[[[-80.219689,26.164782],[-80.219495,26.155706],[-80.217028,26.155704],[-80.217054,26.156993],[-80.21303,26.156909],[-80.213124,26.161259],[-80.211178,26.16132],[-80.211091,26.164883],[-80.219689,26.164782]]]},"properties":{"geoid":"12011050312","state_fips":"12","county_fips":"12011","tract":"050312","county":"Broward","median_household_income":35295,"moe":8337,"population":2660,"school_age_population":348}},{"type":"Feature","geometry":{"type":"Polygon","coordinates":[[[-80.187214,26.173035],[-80.187072,26.165363],[-80.170869,26.16563],[-80.170983,26.173227],[-80.187214,26.173035]]]},"properties":{"geoid":"12011050401","state_fips":"12","county_fips":"12011","tract":"050401","county":"Broward","median_household_income":73714,"moe":11264,"population":4300,"school_age_population":912}},{"type":"Feature","geometry":{"type":"Polygon","coordinates":[[[-80.236765,26.220819],[-80.23661,26.214985],[-80.220418,26.214644],[-80.22051,26.218686],[-80.223043,26.21789],[-80.224033,26.218607],[-80.233697,26.218674],[-80.233869,26.220782],[-80.236765,26.220819]]]},"properties":{"geoid":"12011020412","state_fips":"12","county_fips":"12011","tract":"020412","county":"Broward","median_household_income":41825,"moe":6006,"population":3553,"school_age_population":1011}},{"type":"Feature","geometry":{"type":"Polygon","coordinates":[[[-80.132422,26.207658],[-80.132411,26.20604],[-80.130087,26.206114],[-80.123127,26.208418],[-80.12284,26.231305],[-80.125925,26.231357],[-80.132422,26.207658]]]},"properties":{"geoid":"12011030903","state_fips":"12","county_fips":"12011","tract":"030903","county":"Broward","median_household_income":68594,"moe":23464,"population":3925,"school_age_population":669}},{"type":"Feature","geometry":{"type":"Polygon","coordinates":[[[-80.242211,26.164716],[-80.227001,26.164859],[-80.227388,26.166405],[-80.228612,26.167628],[-80.236593,26.17122],[-80.242211,26.164716]]]},"properties":{"geoid":"12011060305","state_fips":"12","county_fips":"12011","tract":"060305","county":"Broward","median_household_income":54828,"moe":24233,"population":1963,"school_age_population":331}},{"type":"Feature","geometry":{"type":"Polygon","coordinates":[[[-80.298036,26.108443],[-80.297717,26.064116],[-80.280358,26.064464],[-80.281169,26.080583],[-80.284181,26.087853],[-80.283936,26.091254],[-80.281654,26.096864],[-80.282098,26.107641],[-80.297575,26.111375],[-80.298036,26.108443]]]},"properties":{"geoid":"12011070208","state_fips":"12","county_fips":"12011","tract":"070208","county":"Broward","median_household_income":120871,"moe":17302,"population":7297,"school_age_population":1679}},{"type":"Feature","geometry":{"type":"Polygon","coordinates":[[[-80.209021,26.04706],[-80.192615,26.047172],[-80.192554,26.05351],[-80.193923,26.055978],[-80.193942,26.058141],[-80.190495,26.058442],[-80.190506,26.058969],[-80.19172,26.059122],[-80.191692,26.062607],[-80.190498,26.062554],[-80.190603,26.067862],[-80.202567,26.067735],[-80.207888,26.066231],[-80.20745,26.053426],[-80.209021,26.04706]]]},"properties":{"geoid":"12011080403","state_fips":"12","county_fips":"12011","tract":"080403","county":"Broward","median_household_income":55446,"moe":12232,"population":6483,"school_age_population":1347}},{"type":"Feature","geometry":{"type":"Polygon","coordinates":[[[-80.229964,25.981894],[-80.229586,25.972232],[-80.214256,25.972396],[-80.214785,25.984571],[-80.217312,25.984132],[-80.219953,25.982186],[-80.229964,25.981894]]]},"properties":{"geoid":"12011110502","state_fips":"12","county_fips":"12011","tract":"110502","county":"Broward","median_household_income":80696,"moe":8217,"population":5120,"school_age_population":1247}},{"type":"Feature","geometry":{"type":"Polygon","coordinates":[[[-80.128554,26.326169],[-80.128309,26.318029],[-80.099741,26.318453],[-80.099785,26.320658],[-80.098268,26.322599],[-80.099141,26.323468],[-80.098358,26.326504],[-80.099791,26.32777],[-80.128334,26.327718],[-80.128554,26.326169]]]},"properties":{"geoid":"12011010307","state_fips":"12","county_fips":"12011","tract":"010307","county":"Broward","median_household_income":37813,"moe":18405,"population":5368,"school_age_population":1607}},{"type":"Feature","geometry":{"type":"Polygon","coordinates":[[[-80.122811,26.231369],[-80.106537,26.224068],[-80.106217,26.223342],[-80.105227,26.223199],[-80.105056,26.22146],[-80.102967,26.221302],[-80.10189,26.222754],[-80.096074,26.223044],[-80.095361,26.22416],[-80.09391,26.231904],[-80.122811,26.231369]]]},"properties":{"geoid":"12011031002","state_fips":"12","county_fips":"12011","tract":"031002","county":"Broward","median_household_income":74408,"moe":15403,"population":5306,"school_age_population":651}},{"type":"Feature","geometry":{"type":"Polygon","coordinates":[[[-80.118638,26.136451],[-80.117945,26.132632],[-80.113401,26.131591],[-80.112693,26.128585],[-80.109723,26.128224],[-80.109876,26.132012],[-80.108388,26.136218],[-80.108467,26.139027],[-80.107489,26.142959],[-80.107881,26.143652],[-80.107186,26.143817],[-80.107378,26.141616],[-80.10687,26.143526],[-80.108293,26.149943],[-80.10584,26.153775],[-80.104173,26.167534],[-80.108761,26.167456],[-80.109932,26.16402],[-80.10947,26.155974],[-80.111668,26.152881],[-80.111592,26.144647],[-80.114699,26.140748],[-80.11476,26.137818],[-80.118057,26.137728],[-80.118638,26.136451]]]},"properties":{"geoid":"12011040601","state_fips":"12","county_fips":"12011","tract":"040601","county":"Broward","median_household_income":111853,"moe":31673,"population":3328,"school_age_population":476}},{"type":"Feature","geometry":{"type":"Polygon","coordinates":[[[-80.121948,26.167133],[-80.121921,26.164561],[-80.120874,26.163813],[-80.121018,26.162425],[-80.119122,26.162054],[-80.117973,26.160925],[-80.118344,26.157891],[-80.116444,26.157269],[-80.116513,26.158316],[-80.1157,26.158763],[-80.114295,26.15748],[-80.115459,26.155199],[-80.114004,26.155304],[-80.113814,26.154685],[-80.115726,26.150479],[-80.116574,26.144573],[-80.118117,26.14188],[-80.118057,26.137728],[-80.11476,26.137818],[-80.114699,26.140748],[-80.111592,26.144647],[-80.111688,26.152718],[-80.10947,26.155974],[-80.109932,26.16402],[-80.109092,26.166633],[-80.11506,26.16648],[-80.114808,26.165674],[-80.115849,26.165407],[-80.117001,26.167255],[-80.121948,26.167133]]]},"properties":{"geoid":"12011040602","state_fips":"12","county_fips":"12011","tract":"040602","county":"Broward","median_household_income":149500,"moe":76855,"population":2892,"school_age_population":558}},{"type":"Feature","geometry":{"type":"Polygon","coordinates":[[[-80.161514,26.099099],[-80.160854,26.090355],[-80.152853,26.092378],[-80.152728,26.081263],[-80.145451,26.081315],[-80.146512,26.084138],[-80.147145,26.107435],[-80.158905,26.107213],[-80.160352,26.101011],[-80.161514,26.099099]]]},"properties":{"geoid":"12011043301","state_fips":"12","county_fips":"12011","tract":"043301","county":"Broward","median_household_income":107421,"moe":23834,"population":4740,"school_age_population":658}},{"type":"Feature","geometry":{"type":"Polygon","coordinates":[[[-80.203851,26.19527],[-80.203744,26.186537],[-80.184853,26.186264],[-80.178229,26.187899],[-80.153221,26.1882],[-80.149882,26.203439],[-80.18797,26.202473],[-80.187781,26.194956],[-80.203851,26.19527]]]},"properties":{"geoid":"12011050208","state_fips":"12","county_fips":"12011","tract":"050208","county":"Broward","median_household_income":78781,"moe":12056,"population":3844,"school_age_population":735}},{"type":"Feature","geometry":{"type":"Polygon","coordinates":[[[-80.131239,26.162934],[-80.130985,26.152856],[-80.127264,26.15449],[-80.122133,26.154401],[-80.121286,26.155618],[-80.120346,26.15465],[-80.119011,26.155879],[-80.117962,26.160893],[-80.119122,26.162054],[-80.120837,26.162233],[-80.120874,26.163813],[-80.121812,26.164534],[-80.124535,26.165148],[-80.125417,26.163703],[-80.12711,26.163704],[-80.12843,26.165047],[-80.130394,26.164059],[-80.129334,26.16271],[-80.131239,26.162934]]]},"properties":{"geoid":"12011051002","state_fips":"12","county_fips":"12011","tract":"051002","county":"Broward","median_household_income":84903,"moe":31718,"population":2574,"school_age_population":133}},{"type":"Feature","geometry":{"type":"Polygon","coordinates":[[[-80.37472,26.115345],[-80.372925,26.112819],[-80.371219,26.112051],[-80.367018,26.11215],[-80.362558,26.11409],[-80.362195,26.119979],[-80.359991,26.12662],[-80.368414,26.128739],[-80.368934,26.126985],[-80.37097,26.125527],[-80.371713,26.124109],[-80.370821,26.121411],[-80.371338,26.11854],[-80.37472,26.115345]]]},"properties":{"geoid":"12011070321","state_fips":"12","county_fips":"12011","tract":"070321","county":"Broward","median_household_income":101532,"moe":28711,"population":2999,"school_age_population":589}},{"type":"Feature","geometry":{"type":"Polygon","coordinates":[[[-80.159426,26.018555],[-80.159214,26.01219],[-80.158041,26.011304],[-80.149291,26.011424],[-80.149527,26.018802],[-80.159426,26.018555]]]},"properties":{"geoid":"12011090403","state_fips":"12","county_fips":"12011","tract":"090403","county":"Broward","median_household_income":45104,"moe":9382,"population":4080,"school_age_population":893}},{"type":"Feature","geometry":{"type":"Polygon","coordinates":[[[-80.269878,26.135637],[-80.264478,26.130618],[-80.262923,26.128204],[-80.262749,26.125692],[-80.264407,26.120738],[-80.25238,26.12074],[-80.256281,26.126559],[-80.256703,26.135593],[-80.269878,26.135637]]]},"properties":{"geoid":"12011060605","state_fips":"12","county_fips":"12011","tract":"060605","county":"Broward","median_household_income":92361,"moe":15963,"population":5130,"school_age_population":1043}},{"type":"Feature","geometry":{"type":"Polygon","coordinates":[[[-80.403458,26.115846],[-80.402172,26.109174],[-80.400601,26.105521],[-80.398029,26.102104],[-80.392935,26.09799],[-80.38889,26.096122],[-80.381648,26.094283],[-80.377426,26.089288],[-80.375478,26.088103],[-80.362703,26.087642],[-80.36269,26.095181],[-80.359755,26.102299],[-80.365018,26.102394],[-80.376338,26.105668],[-80.384201,26.104683],[-80.388194,26.105188],[-80.391402,26.107016],[-80.393581,26.109686],[-80.394163,26.116789],[-80.403458,26.115846]]]},"properties":{"geoid":"12011070312","state_fips":"12","county_fips":"12011","tract":"070312","county":"Broward","median_household_income":158527,"moe":23375,"population":7149,"school_age_population":1989}},{"type":"Feature","geometry":{"type":"Polygon","coordinates":[[[-80.25238,26.12074],[-80.250341,26.113381],[-80.250254,26.099779],[-80.216539,26.091663],[-80.218191,26.105982],[-80.235193,26.105683],[-80.235728,26.106841],[-80.24309,26.113672],[-80.246067,26.115169],[-80.247766,26.116787],[-80.248164,26.12079],[-80.25238,26.12074]]]},"properties":{"geoid":"12011061001","state_fips":"12","county_fips":"12011","tract":"061001","county":"Broward","median_household_income":140723,"moe":20690,"population":6476,"school_age_population":1244}},{"type":"Feature","geometry":{"type":"Polygon","coordinates":[[[-80.252844,26.229926],[-80.252293,26.2084],[-80.240307,26.208279],[-80.240817,26.22823],[-80.240335,26.228227],[-80.240371,26.230031],[-80.252844,26.229926]]]},"properties":{"geoid":"12011020406","state_fips":"12","county_fips":"12011","tract":"020406","county":"Broward","median_household_income":73406,"moe":10341,"population":7049,"school_age_population":1625}},{"type":"Feature","geometry":{"type":"Polygon","coordinates":[[[-80.120087,25.978029],[-80.119465,25.9752],[-80.112705,25.975402],[-80.115211,25.986999],[-80.118019,25.987201],[-80.118081,25.986473],[-80.119265,25.986427],[-80.120087,25.978029]]]},"properties":{"geoid":"12011100105","state_fips":"12","county_fips":"12011","tract":"100105","county":"Broward","median_household_income":77883,"moe":17357,"population":2895,"school_age_population":195}},{"type":"Feature","geometry":{"type":"Polygon","coordinates":[[[-80.392774,26.007729],[-80.392295,25.993187],[-80.376234,25.993083],[-80.376541,26.007736],[-80.392774,26.007729]]]},"properties":{"geoid":"12011110326","state_fips":"12","county_fips":"12011","tract":"110326","county":"Broward","median_household_income":133970,"moe":9850,"population":4358,"school_age_population":1185}},{"type":"Feature","geometry":{"type":"Polygon","coordinates":[[[-80.362704,26.086569],[-80.35966,26.075403],[-80.353603,26.062848],[-80.313638,26.063828],[-80.314287,26.073564],[-80.313848,26.087656],[-80.330293,26.087657],[-80.330188,26.102206],[-80.359755,26.102299],[-80.36269,26.095181],[-80.362704,26.086569]]]},"properties":{"geoid":"12011070306","state_fips":"12","county_fips":"12011","tract":"070306","county":"Broward","median_household_income":140558,"moe":15876,"population":7859,"school_age_population":1892}},{"type":"Feature","geometry":{"type":"Polygon","coordinates":[[[-80.378271,26.06225],[-80.377453,26.035457],[-80.361247,26.034923],[-80.361262,26.035406],[-80.352226,26.035628],[-80.352902,26.058471],[-80.353603,26.062848],[-80.362348,26.063242],[-80.378271,26.06225]]]},"properties":{"geoid":"12011070315","state_fips":"12","county_fips":"12011","tract":"070315","county":"Broward","median_household_income":161569,"moe":17256,"population":4826,"school_age_population":1103}},{"type":"Feature","geometry":{"type":"Polygon","coordinates":[[[-80.219495,26.155706],[-80.219102,26.137531],[-80.216556,26.137538],[-80.216177,26.13596],[-80.215195,26.135948],[-80.215779,26.137535],[-80.212656,26.137525],[-80.211791,26.152712],[-80.212629,26.156861],[-80.217054,26.156993],[-80.217028,26.155704],[-80.219495,26.155706]]]},"properties":{"geoid":"12011060401","state_fips":"12","county_fips":"12011","tract":"060401","county":"Broward","median_household_income":44387,"moe":8305,"population":5582,"school_age_population":1732}},{"type":"Feature","geometry":{"type":"Polygon","coordinates":[[[-80.213124,26.161259],[-80.21303,26.156909],[-80.211808,26.152932],[-80.212197,26.149676],[-80.202884,26.150595],[-80.20312,26.161415],[-80.213124,26.161259]]]},"properties":{"geoid":"12011060402","state_fips":"12","county_fips":"12011","tract":"060402","county":"Broward","median_household_income":44381,"moe":5870,"population":6744,"school_age_population":2103}},{"type":"Feature","geometry":{"type":"Polygon","coordinates":[[[-80.257067,26.152954],[-80.257009,26.15015],[-80.235028,26.150215],[-80.234887,26.150803],[-80.232173,26.150254],[-80.233184,26.153052],[-80.235421,26.154558],[-80.237698,26.155156],[-80.249942,26.152996],[-80.257067,26.152954]]]},"properties":{"geoid":"12011060209","state_fips":"12","county_fips":"12011","tract":"060209","county":"Broward","median_household_income":75045,"moe":21230,"population":2414,"school_age_population":497}},{"type":"Feature","geometry":{"type":"Polygon","coordinates":[[[-80.234213,26.272144],[-80.234152,26.256985],[-80.226095,26.253687],[-80.221539,26.25322],[-80.222223,26.260479],[-80.223143,26.263421],[-80.221838,26.268333],[-80.223068,26.271981],[-80.234213,26.272144]]]},"properties":{"geoid":"12011020204","state_fips":"12","county_fips":"12011","tract":"020204","county":"Broward","median_household_income":77210,"moe":14418,"population":6484,"school_age_population":1032}},{"type":"Feature","geometry":{"type":"Polygon","coordinates":[[[-80.142929,26.009683],[-80.142609,25.99678],[-80.134591,25.996997],[-80.135066,26.011758],[-80.140608,26.011634],[-80.14097,26.009729],[-80.142929,26.009683]]]},"properties":{"geoid":"12011091901","state_fips":"12","county_fips":"12011","tract":"091901","county":"Broward","median_household_income":72353,"moe":14507,"population":4164,"school_age_population":624}},{"type":"Feature","geometry":{"type":"Polygon","coordinates":[[[-80.288036,26.218046],[-80.284988,26.217717],[-80.280854,26.218404],[-80.273759,26.217072],[-80.273943,26.219121],[-80.27329,26.22137],[-80.269908,26.224873],[-80.269836,26.229691],[-80.281794,26.229607],[-80.282085,26.226098],[-80.28543,26.223028],[-80.288036,26.218046]]]},"properties":{"geoid":"12011020414","state_fips":"12","county_fips":"12011","tract":"020414","county":"Broward","median_household_income":59674,"moe":11302,"population":4955,"school_age_population":808}},{"type":"Feature","geometry":{"type":"Polygon","coordinates":[[[-80.189552,26.010169],[-80.18934,26.002832],[-80.176633,26.002877],[-80.175526,26.004418],[-80.175499,26.007627],[-80.172152,26.007579],[-80.169217,26.008545],[-80.168436,26.010941],[-80.181964,26.010641],[-80.183622,26.011743],[-80.185071,26.010599],[-80.189552,26.010169]]]},"properties":{"geoid":"12011091702","state_fips":"12","county_fips":"12011","tract":"091702","county":"Broward","median_household_income":51513,"moe":9422,"population":4488,"school_age_population":594}},{"type":"Feature","geometry":{"type":"Polygon","coordinates":[[[-80.190116,26.032765],[-80.189867,26.025286],[-80.182622,26.025439],[-80.181962,26.024438],[-80.179815,26.024102],[-80.177817,26.02454],[-80.177244,26.02555],[-80.167974,26.025795],[-80.168131,26.033567],[-80.190116,26.032765]]]},"properties":{"geoid":"12011090802","state_fips":"12","county_fips":"12011","tract":"090802","county":"Broward","median_household_income":55438,"moe":21449,"population":4462,"school_age_population":924}},{"type":"Feature","geometry":{"type":"Polygon","coordinates":[[[-80.257224,26.161168],[-80.257067,26.152954],[-80.250117,26.152978],[-80.245269,26.153835],[-80.245636,26.154727],[-80.242979,26.159099],[-80.243,26.163965],[-80.242427,26.164307],[-80.256697,26.164307],[-80.257224,26.161168]]]},"properties":{"geoid":"12011060207","state_fips":"12","county_fips":"12011","tract":"060207","county":"Broward","median_household_income":51000,"moe":18833,"population":5078,"school_age_population":880}},{"type":"Feature","geometry":{"type":"Polygon","coordinates":[[[-80.245636,26.154727],[-80.245269,26.153835],[-80.238827,26.155168],[-80.236097,26.154824],[-80.232992,26.152829],[-80.232173,26.150254],[-80.230991,26.150261],[-80.231328,26.164685],[-80.242568,26.164493],[-80.242979,26.159099],[-80.245636,26.154727]]]},"properties":{"geoid":"12011060208","state_fips":"12","county_fips":"12011","tract":"060208","county":"Broward","median_household_income":52938,"moe":11936,"population":6142,"school_age_population":1733}},{"type":"Feature","geometry":{"type":"Polygon","coordinates":[[[-80.257009,26.15015],[-80.256703,26.135593],[-80.234707,26.135543],[-80.235028,26.150215],[-80.257009,26.15015]]]},"properties":{"geoid":"12011060501","state_fips":"12","county_fips":"12011","tract":"060501","county":"Broward","median_household_income":60053,"moe":18355,"population":6482,"school_age_population":1466}},{"type":"Feature","geometry":{"type":"Polygon","coordinates":[[[-80.287518,26.135654],[-80.269878,26.135637],[-80.271064,26.137997],[-80.271141,26.140448],[-80.268347,26.146635],[-80.26779,26.150112],[-80.283302,26.150065],[-80.283219,26.146619],[-80.287242,26.146306],[-80.287518,26.135654]]]},"properties":{"geoid":"12011060504","state_fips":"12","county_fips":"12011","tract":"060504","county":"Broward","median_household_income":119096,"moe":23639,"population":4492,"school_age_population":837}},{"type":"Feature","geometry":{"type":"Polygon","coordinates":[[[-80.271243,26.139451],[-80.269878,26.135637],[-80.256703,26.135593],[-80.257009,26.15015],[-80.26779,26.150112],[-80.268347,26.146635],[-80.270827,26.141625],[-80.271243,26.139451]]]},"properties":{"geoid":"12011060505","state_fips":"12","county_fips":"12011","tract":"060505","county":"Broward","median_household_income":58399,"moe":8790,"population":4630,"school_age_population":468}},{"type":"Feature","geometry":{"type":"Polygon","coordinates":[[[-80.299929,26.187851],[-80.298224,26.186293],[-80.297953,26.179054],[-80.267778,26.179114],[-80.268099,26.193684],[-80.298032,26.193665],[-80.298099,26.189615],[-80.299929,26.187851]]]},"properties":{"geoid":"12011060113","state_fips":"12","county_fips":"12011","tract":"060113","county":"Broward","median_household_income":72367,"moe":17877,"population":6688,"school_age_population":1502}},{"type":"Feature","geometry":{"type":"Polygon","coordinates":[[[-80.298004,26.149485],[-80.297725,26.135471],[-80.287521,26.135524],[-80.287242,26.146306],[-80.283219,26.146619],[-80.283302,26.150065],[-80.297779,26.150021],[-80.298004,26.149485]]]},"properties":{"geoid":"12011060503","state_fips":"12","county_fips":"12011","tract":"060503","county":"Broward","median_household_income":114479,"moe":16548,"population":4490,"school_age_population":826}},{"type":"Feature","geometry":{"type":"Polygon","coordinates":[[[-80.298319,26.208306],[-80.298229,26.193666],[-80.268099,26.193684],[-80.268398,26.208354],[-80.298319,26.208306]]]},"properties":{"geoid":"12011060111","state_fips":"12","county_fips":"12011","tract":"060111","county":"Broward","median_household_income":64096,"moe":11078,"population":7129,"school_age_population":1224}},{"type":"Feature","geometry":{"type":"Polygon","coordinates":[[[-80.23131,26.164844],[-80.230991,26.150261],[-80.226954,26.150249],[-80.226813,26.137509],[-80.22423,26.137514],[-80.224761,26.152893],[-80.226907,26.15651],[-80.227001,26.164859],[-80.23131,26.164844]]]},"properties":{"geoid":"12011060302","state_fips":"12","county_fips":"12011","tract":"060302","county":"Broward","median_household_income":45041,"moe":14025,"population":8542,"school_age_population":2946}},{"type":"Feature","geometry":{"type":"Polygon","coordinates":[[[-80.224719,26.150239],[-80.224255,26.13577],[-80.223093,26.135776],[-80.223136,26.137801],[-80.219755,26.137711],[-80.219383,26.136035],[-80.219378,26.150232],[-80.224719,26.150239]]]},"properties":{"geoid":"12011060304","state_fips":"12","county_fips":"12011","tract":"060304","county":"Broward","median_household_income":47772,"moe":14415,"population":3335,"school_age_population":1109}},{"type":"Feature","geometry":{"type":"Polygon","coordinates":[[[-80.162696,26.162976],[-80.161593,26.162276],[-80.160192,26.163979],[-80.154509,26.155856],[-80.152006,26.153974],[-80.150615,26.153987],[-80.148667,26.152881],[-80.146546,26.151128],[-80.145952,26.151243],[-80.146387,26.15914],[-80.131141,26.159531],[-80.131239,26.162934],[-80.133912,26.163757],[-80.138297,26.163849],[-80.138373,26.1667],[-80.161433,26.166009],[-80.162696,26.162976]]]},"properties":{"geoid":"12011050900","state_fips":"12","county_fips":"12011","tract":"050900","county":"Broward","median_household_income":72984,"moe":14282,"population":5244,"school_age_population":365}},{"type":"Feature","geometry":{"type":"Polygon","coordinates":[[[-80.146387,26.15914],[-80.145952,26.151243],[-80.142083,26.150855],[-80.136407,26.151399],[-80.13218,26.15383],[-80.130985,26.152856],[-80.131141,26.159531],[-80.146387,26.15914]]]},"properties":{"geoid":"12011051001","state_fips":"12","county_fips":"12011","tract":"051001","county":"Broward","median_household_income":69839,"moe":29365,"population":3599,"school_age_population":222}},{"type":"Feature","geometry":{"type":"Polygon","coordinates":[[[-80.103354,26.182269],[-80.091541,26.181785],[-80.089978,26.194526],[-80.094547,26.194661],[-80.09493,26.189667],[-80.102954,26.189847],[-80.103354,26.182269]]]},"properties":{"geoid":"12011040101","state_fips":"12","county_fips":"12011","tract":"040101","county":"Broward","median_household_income":71042,"moe":25167,"population":1251,"school_age_population":118}},{"type":"Feature","geometry":{"type":"Polygon","coordinates":[[[-80.202019,26.088181],[-80.193403,26.085461],[-80.190413,26.086989],[-80.185776,26.087796],[-80.185653,26.092143],[-80.201178,26.091635],[-80.202019,26.088181]]]},"properties":{"geoid":"12011043001","state_fips":"12","county_fips":"12011","tract":"043001","county":"Broward","median_household_income":145191,"moe":21692,"population":1852,"school_age_population":443}},{"type":"Feature","geometry":{"type":"Polygon","coordinates":[[[-80.13848,26.170319],[-80.138297,26.163849],[-80.133912,26.163757],[-80.130457,26.162682],[-80.129276,26.16276],[-80.130394,26.164059],[-80.12858,26.165004],[-80.127747,26.164848],[-80.127186,26.163726],[-80.125569,26.163663],[-80.124535,26.165148],[-80.121921,26.164561],[-80.121948,26.167133],[-80.117001,26.167255],[-80.119101,26.17043],[-80.119529,26.174387],[-80.131548,26.174073],[-80.131432,26.170476],[-80.13848,26.170319]]]},"properties":{"geoid":"12011050602","state_fips":"12","county_fips":"12011","tract":"050602","county":"Broward","median_household_income":63882,"moe":13553,"population":3473,"school_age_population":508}},{"type":"Feature","geometry":{"type":"Polygon","coordinates":[[[-80.260399,26.064851],[-80.259784,26.045221],[-80.223543,26.046302],[-80.224075,26.065606],[-80.260399,26.064851]]]},"properties":{"geoid":"12011070602","state_fips":"12","county_fips":"12011","tract":"070602","county":"Broward","median_household_income":87229,"moe":19269,"population":7567,"school_age_population":1662}},{"type":"Feature","geometry":{"type":"Polygon","coordinates":[[[-80.135504,26.052657],[-80.134861,26.033834],[-80.130103,26.033939],[-80.130679,26.052668],[-80.135504,26.052657]]]},"properties":{"geoid":"12011080103","state_fips":"12","county_fips":"12011","tract":"080103","county":"Broward","median_household_income":69536,"moe":10700,"population":1305,"school_age_population":164}},{"type":"Feature","geometry":{"type":"Polygon","coordinates":[[[-80.167673,26.010968],[-80.167265,25.99622],[-80.158852,25.996324],[-80.159138,26.01002],[-80.158184,26.010513],[-80.158144,26.011601],[-80.159214,26.01219],[-80.160654,26.011124],[-80.167673,26.010968]]]},"properties":{"geoid":"12011091802","state_fips":"12","county_fips":"12011","tract":"091802","county":"Broward","median_household_income":72287,"moe":10197,"population":3139,"school_age_population":587}},{"type":"Feature","geometry":{"type":"Polygon","coordinates":[[[-80.095111,26.292096],[-80.095183,26.291658],[-80.087167,26.291515],[-80.086289,26.292087],[-80.085838,26.293579],[-80.08031,26.29386],[-80.080086,26.301538],[-80.083109,26.301567],[-80.087347,26.303197],[-80.087417,26.305128],[-80.092947,26.305081],[-80.095111,26.292096]]]},"properties":{"geoid":"12011010102","state_fips":"12","county_fips":"12011","tract":"010102","county":"Broward","median_household_income":95565,"moe":16275,"population":2790,"school_age_population":312}},{"type":"Feature","geometry":{"type":"Polygon","coordinates":[[[-80.247088,25.981572],[-80.246715,25.971875],[-80.229586,25.972232],[-80.229964,25.981894],[-80.247088,25.981572]]]},"properties":{"geoid":"12011110402","state_fips":"12","county_fips":"12011","tract":"110402","county":"Broward","median_household_income":105000,"moe":24395,"population":5550,"school_age_population":980}},{"type":"Feature","geometry":{"type":"Polygon","coordinates":[[[-80.421268,26.133065],[-80.42062,26.130597],[-80.419208,26.129161],[-80.410378,26.126327],[-80.40647,26.123848],[-80.404683,26.121182],[-80.403458,26.115846],[-80.394163,26.116789],[-80.394247,26.120433],[-80.39524,26.122555],[-80.399649,26.125955],[-80.401579,26.128565],[-80.401854,26.130884],[-80.400564,26.135528],[-80.419378,26.14007],[-80.421268,26.133065]]]},"properties":{"geoid":"12011070320","state_fips":"12","county_fips":"12011","tract":"070320","county":"Broward","median_household_income":160785,"moe":14312,"population":7727,"school_age_population":2501}},{"type":"Feature","geometry":{"type":"Polygon","coordinates":[[[-80.115211,25.986999],[-80.112705,25.975402],[-80.062893,25.976809],[-80.06107,25.98846],[-80.06022,26.00606],[-80.05453,26.07312],[-80.05129,26.08155],[-80.04954,26.09011],[-80.04969,26.10106],[-80.04873,26.10757],[-80.04851,26.11703],[-80.04654,26.13855],[-80.04279,26.15869],[-80.04139,26.17079],[-80.03939,26.17622],[-80.03787,26.18329],[-80.03748,26.18917],[-80.03811,26.19674],[-80.03563,26.20949],[-80.03417,26.21671],[-80.03132,26.22566],[-80.03042,26.23245],[-80.02717,26.2396],[-80.02505,26.24787],[-80.02208,26.28878],[-80.015276,26.320956],[-80.070493,26.320956],[-80.076118,26.256458],[-80.080314,26.252248],[-80.084596,26.231869],[-80.086297,26.216631],[-80.088764,26.20522],[-80.093221,26.167571],[-80.095427,26.157331],[-80.098362,26.137868],[-80.100255,26.096233],[-80.103989,26.090379],[-80.104393,26.088058],[-80.106929,26.058866],[-80.106463,26.058036],[-80.115211,25.986999]]]},"properties":{"geoid":"12011990000","state_fips":"12","county_fips":"12011","tract":"990000","county":"Broward","median_household_income":null,"moe":null,"population":0,"school_age_population":0}},{"type":"Feature","geometry":{"type":"Polygon","coordinates":[[[-80.186918,26.150797],[-80.186752,26.141612],[-80.182229,26.141396],[-80.182222,26.145043],[-80.174916,26.145232],[-80.174872,26.141046],[-80.178535,26.140962],[-80.178495,26.138309],[-80.174414,26.138312],[-80.174381,26.13642],[-80.170149,26.136423],[-80.170202,26.146384],[-80.168386,26.151284],[-80.186918,26.150797]]]},"properties":{"geoid":"12011041000","state_fips":"12","county_fips":"12011","tract":"041000","county":"Broward","median_household_income":58103,"moe":9478,"population":2827,"school_age_population":809}},{"type":"Feature","geometry":{"type":"Polygon","coordinates":[[[-80.186621,26.300901],[-80.186571,26.296068],[-80.178894,26.295425],[-80.177513,26.296296],[-80.177365,26.30001],[-80.178142,26.301116],[-80.177166,26.302129],[-80.177271,26.304873],[-80.181162,26.303704],[-80.186621,26.300901]]]},"properties":{"geoid":"12011010613","state_fips":"12","county_fips":"12011","tract":"010613","county":"Broward","median_household_income":84542,"moe":30017,"population":2261,"school_age_population":199}},{"type":"Feature","geometry":{"type":"Polygon","coordinates":[[[-80.127022,25.99206],[-80.125798,25.989322],[-80.12444,25.990352],[-80.124245,25.9938],[-80.122158,25.993895],[-80.121693,25.997413],[-80.126921,25.997173],[-80.127022,25.99206]]]},"properties":{"geoid":"12011100107","state_fips":"12","county_fips":"12011","tract":"100107","county":"Broward","median_household_income":68036,"moe":34850,"population":2413,"school_age_population":446}},{"type":"Feature","geometry":{"type":"Polygon","coordinates":[[[-80.186452,26.251797],[-80.186453,26.251017],[-80.184268,26.251104],[-80.183892,26.253607],[-80.180021,26.254293],[-80.178741,26.253637],[-80.177625,26.251492],[-80.172008,26.252197],[-80.169225,26.250364],[-80.168673,26.250702],[-80.167998,26.249392],[-80.166702,26.248934],[-80.166684,26.256062],[-80.167461,26.259954],[-80.186421,26.259783],[-80.186452,26.251797]]]},"properties":{"geoid":"12011030704","state_fips":"12","county_fips":"12011","tract":"030704","county":"Broward","median_household_income":63744,"moe":3361,"population":4542,"school_age_population":467}},{"type":"Feature","geometry":{"type":"Polygon","coordinates":[[[-80.234014,26.24249],[-80.2338,26.235525],[-80.217237,26.235478],[-80.217561,26.245376],[-80.222715,26.245138],[-80.225389,26.24113],[-80.226563,26.240458],[-80.229839,26.240522],[-80.232492,26.242296],[-80.234014,26.24249]]]},"properties":{"geoid":"12011020212","state_fips":"12","county_fips":"12011","tract":"020212","county":"Broward","median_household_income":50392,"moe":9921,"population":4039,"school_age_population":91}},{"type":"Feature","geometry":{"type":"Polygon","coordinates":[[[-80.132133,26.196302],[-80.13191,26.192616],[-80.129834,26.19266],[-80.129759,26.189984],[-80.126156,26.190054],[-80.126095,26.188977],[-80.124623,26.189001],[-80.124582,26.187251],[-80.122539,26.187288],[-80.122394,26.183426],[-80.118906,26.183482],[-80.115004,26.189527],[-80.111543,26.196723],[-80.132133,26.196302]]]},"properties":{"geoid":"12011040300","state_fips":"12","county_fips":"12011","tract":"040300","county":"Broward","median_household_income":58775,"moe":18036,"population":4526,"school_age_population":691}},{"type":"Feature","geometry":{"type":"Polygon","coordinates":[[[-80.279108,25.980678],[-80.278764,25.970968],[-80.246715,25.971875],[-80.247088,25.981572],[-80.279108,25.980678]]]},"properties":{"geoid":"12011110323","state_fips":"12","county_fips":"12011","tract":"110323","county":"Broward","median_household_income":60618,"moe":12384,"population":7548,"school_age_population":1703}},{"type":"Feature","geometry":{"type":"Polygon","coordinates":[[[-80.159458,26.108352],[-80.158905,26.107213],[-80.14303,26.107562],[-80.143345,26.118003],[-80.147998,26.119202],[-80.148684,26.117434],[-80.150391,26.115778],[-80.153116,26.115486],[-80.153429,26.114876],[-80.152851,26.113874],[-80.154807,26.1141],[-80.156428,26.112921],[-80.159458,26.108352]]]},"properties":{"geoid":"12011042601","state_fips":"12","county_fips":"12011","tract":"042601","county":"Broward","median_household_income":106956,"moe":32252,"population":3056,"school_age_population":184}},{"type":"Feature","geometry":{"type":"Polygon","coordinates":[[[-80.124298,26.23692],[-80.110602,26.23716],[-80.110651,26.238956],[-80.106047,26.23906],[-80.106015,26.237223],[-80.102884,26.237263],[-80.099851,26.258964],[-80.114678,26.258944],[-80.11765,26.260503],[-80.124298,26.23692]]]},"properties":{"geoid":"12011030202","state_fips":"12","county_fips":"12011","tract":"030202","county":"Broward","median_household_income":49107,"moe":12272,"population":1507,"school_age_population":364}},{"type":"Feature","geometry":{"type":"Polygon","coordinates":[[[-80.226901,25.991763],[-80.223004,25.988783],[-80.222959,25.987872],[-80.206842,25.987974],[-80.2071,25.995332],[-80.219329,25.995328],[-80.219301,25.99452],[-80.223186,25.994388],[-80.22321,25.995189],[-80.224235,25.995168],[-80.226901,25.991763]]]},"properties":{"geoid":"12011091500","state_fips":"12","county_fips":"12011","tract":"091500","county":"Broward","median_household_income":63226,"moe":10682,"population":6382,"school_age_population":1826}},{"type":"Feature","geometry":{"type":"Polygon","coordinates":[[[-80.280459,26.030093],[-80.280164,26.022649],[-80.248575,26.023699],[-80.248663,26.031197],[-80.280459,26.030093]]]},"properties":{"geoid":"12011110308","state_fips":"12","county_fips":"12011","tract":"110308","county":"Broward","median_household_income":81596,"moe":16485,"population":6559,"school_age_population":1752}},{"type":"Feature","geometry":{"type":"Polygon","coordinates":[[[-80.312398,26.02233],[-80.312016,26.007856],[-80.296296,26.007836],[-80.296528,26.015989],[-80.299503,26.020132],[-80.299093,26.02305],[-80.304262,26.024428],[-80.312398,26.02233]]]},"properties":{"geoid":"12011110309","state_fips":"12","county_fips":"12011","tract":"110309","county":"Broward","median_household_income":76624,"moe":22806,"population":6922,"school_age_population":1088}},{"type":"Feature","geometry":{"type":"Polygon","coordinates":[[[-80.280164,26.022649],[-80.279662,26.008332],[-80.263699,26.008803],[-80.264263,26.023194],[-80.280164,26.022649]]]},"properties":{"geoid":"12011110311","state_fips":"12","county_fips":"12011","tract":"110311","county":"Broward","median_household_income":79280,"moe":20919,"population":6988,"school_age_population":1352}},{"type":"Feature","geometry":{"type":"Polygon","coordinates":[[[-80.23348,26.230135],[-80.233451,26.228285],[-80.22104,26.228239],[-80.220589,26.222496],[-80.212579,26.22252],[-80.212513,26.220073],[-80.204404,26.22007],[-80.204719,26.230427],[-80.23348,26.230135]]]},"properties":{"geoid":"12011020501","state_fips":"12","county_fips":"12011","tract":"020501","county":"Broward","median_household_income":75388,"moe":22440,"population":5677,"school_age_population":1521}},{"type":"Feature","geometry":{"type":"Polygon","coordinates":[[[-80.204719,26.230427],[-80.203951,26.200009],[-80.177921,26.23076],[-80.204719,26.230427]]]},"properties":{"geoid":"12011020502","state_fips":"12","county_fips":"12011","tract":"020502","county":"Broward","median_household_income":50978,"moe":14115,"population":7874,"school_age_population":1596}},{"type":"Feature","geometry":{"type":"Polygon","coordinates":[[[-80.09949,26.261303],[-80.08829,26.261436],[-80.088079,26.260816],[-80.083765,26.262558],[-80.081167,26.267955],[-80.080965,26.275758],[-80.097501,26.27554],[-80.09949,26.261303]]]},"properties":{"geoid":"12011030100","state_fips":"12","county_fips":"12011","tract":"030100","county":"Broward","median_household_income":97454,"moe":25625,"population":4038,"school_age_population":563}},{"type":"Feature","geometry":{"type":"Polygon","coordinates":[[[-80.169996,26.317782],[-80.169426,26.30516],[-80.163287,26.305794],[-80.156105,26.30438],[-80.138179,26.304384],[-80.138953,26.305119],[-80.144192,26.304977],[-80.143264,26.305627],[-80.144485,26.306821],[-80.144386,26.309771],[-80.14507,26.309816],[-80.143213,26.31047],[-80.143768,26.313259],[-80.143185,26.314086],[-80.141351,26.314709],[-80.140353,26.317953],[-80.169996,26.317782]]]},"properties":{"geoid":"12011010402","state_fips":"12","county_fips":"12011","tract":"010402","county":"Broward","median_household_income":48995,"moe":8875,"population":3708,"school_age_population":491}},{"type":"Feature","geometry":{"type":"Polygon","coordinates":[[[-80.137381,26.260505],[-80.132881,26.260603],[-80.127752,26.266512],[-80.125435,26.270463],[-80.124962,26.275031],[-80.134223,26.274962],[-80.137381,26.260505]]]},"properties":{"geoid":"12011030301","state_fips":"12","county_fips":"12011","tract":"030301","county":"Broward","median_household_income":49464,"moe":17353,"population":3543,"school_age_population":1045}},{"type":"Feature","geometry":{"type":"Polygon","coordinates":[[[-80.186447,26.273815],[-80.186421,26.259783],[-80.167461,26.259954],[-80.168794,26.265841],[-80.168971,26.274224],[-80.186447,26.273815]]]},"properties":{"geoid":"12011030703","state_fips":"12","county_fips":"12011","tract":"030703","county":"Broward","median_household_income":52240,"moe":8017,"population":4784,"school_age_population":852}},{"type":"Feature","geometry":{"type":"Polygon","coordinates":[[[-80.178378,26.133504],[-80.178024,26.121487],[-80.163081,26.121836],[-80.164536,26.122463],[-80.164013,26.123256],[-80.164921,26.12381],[-80.164858,26.124517],[-80.165859,26.124751],[-80.165983,26.129158],[-80.165155,26.129171],[-80.165192,26.132775],[-80.163872,26.1328],[-80.163942,26.13654],[-80.174381,26.13642],[-80.17429,26.132675],[-80.177256,26.132622],[-80.178378,26.133504]]]},"properties":{"geoid":"12011041400","state_fips":"12","county_fips":"12011","tract":"041400","county":"Broward","median_household_income":44185,"moe":16337,"population":4223,"school_age_population":1601}},{"type":"Feature","geometry":{"type":"Polygon","coordinates":[[[-80.219878,26.174175],[-80.219866,26.172877],[-80.219,26.172746],[-80.203341,26.172894],[-80.203642,26.182992],[-80.207544,26.182974],[-80.207466,26.179342],[-80.219194,26.179307],[-80.219878,26.174175]]]},"properties":{"geoid":"12011050315","state_fips":"12","county_fips":"12011","tract":"050315","county":"Broward","median_household_income":44219,"moe":34142,"population":2438,"school_age_population":243}},{"type":"Feature","geometry":{"type":"Polygon","coordinates":[[[-80.126224,25.986821],[-80.12619,25.986221],[-80.122198,25.986493],[-80.120448,25.992604],[-80.12002,25.997472],[-80.121693,25.997413],[-80.12227,25.993774],[-80.124245,25.9938],[-80.12444,25.990352],[-80.125798,25.989322],[-80.126224,25.986821]]]},"properties":{"geoid":"12011100108","state_fips":"12","county_fips":"12011","tract":"100108","county":"Broward","median_household_income":92865,"moe":45393,"population":2201,"school_age_population":253}},{"type":"Feature","geometry":{"type":"Polygon","coordinates":[[[-80.26298,25.986974],[-80.262794,25.981125],[-80.247088,25.981572],[-80.247347,25.987437],[-80.26298,25.986974]]]},"properties":{"geoid":"12011110366","state_fips":"12","county_fips":"12011","tract":"110366","county":"Broward","median_household_income":82654,"moe":8228,"population":5764,"school_age_population":1384}},{"type":"Feature","geometry":{"type":"Polygon","coordinates":[[[-80.242525,26.017499],[-80.242495,26.01661],[-80.240036,26.016699],[-80.239802,26.011202],[-80.231797,26.011405],[-80.232322,26.024219],[-80.240333,26.024029],[-80.240177,26.020318],[-80.241194,26.020291],[-80.241077,26.017545],[-80.242525,26.017499]]]},"properties":{"geoid":"12011091300","state_fips":"12","county_fips":"12011","tract":"091300","county":"Broward","median_household_income":79688,"moe":32220,"population":4755,"school_age_population":1487}},{"type":"Feature","geometry":{"type":"Polygon","coordinates":[[[-80.220428,25.999158],[-80.220322,25.995289],[-80.195129,25.995365],[-80.195389,25.998982],[-80.198987,25.998912],[-80.19911,26.002628],[-80.207403,26.002655],[-80.207674,26.010169],[-80.213254,26.010051],[-80.213587,26.008793],[-80.216508,26.006849],[-80.216224,26.006006],[-80.215053,26.005498],[-80.215902,26.004108],[-80.220428,25.999158]]]},"properties":{"geoid":"12011091400","state_fips":"12","county_fips":"12011","tract":"091400","county":"Broward","median_household_income":58090,"moe":16110,"population":6552,"school_age_population":1348}},{"type":"Feature","geometry":{"type":"Polygon","coordinates":[[[-80.165709,25.99069],[-80.165132,25.985085],[-80.148407,25.98561],[-80.148786,25.996629],[-80.165507,25.996233],[-80.165709,25.99069]]]},"properties":{"geoid":"12011100400","state_fips":"12","county_fips":"12011","tract":"100400","county":"Broward","median_household_income":39494,"moe":3993,"population":5940,"school_age_population":1934}},{"type":"Feature","geometry":{"type":"Polygon","coordinates":[[[-80.191147,25.984344],[-80.190839,25.973228],[-80.174465,25.973569],[-80.174908,25.984758],[-80.191147,25.984344]]]},"properties":{"geoid":"12011100600","state_fips":"12","county_fips":"12011","tract":"100600","county":"Broward","median_household_income":67351,"moe":10850,"population":5481,"school_age_population":874}},{"type":"Feature","geometry":{"type":"Polygon","coordinates":[[[-80.2071,25.995332],[-80.206842,25.987974],[-80.19851,25.987778],[-80.198399,25.984194],[-80.181035,25.984591],[-80.181135,25.988163],[-80.183153,25.988163],[-80.183425,25.995631],[-80.2071,25.995332]]]},"properties":{"geoid":"12011100700","state_fips":"12","county_fips":"12011","tract":"100700","county":"Broward","median_household_income":47226,"moe":6268,"population":5897,"school_age_population":1607}},{"type":"Feature","geometry":{"type":"Polygon","coordinates":[[[-80.248011,26.009225],[-80.247583,25.994804],[-80.22321,25.995189],[-80.223186,25.994388],[-80.219301,25.99452],[-80.219329,25.995328],[-80.220322,25.995289],[-80.220428,25.999158],[-80.215902,26.004108],[-80.215053,26.005498],[-80.216224,26.006006],[-80.216508,26.006849],[-80.213587,26.008793],[-80.213254,26.010051],[-80.248011,26.009225]]]},"properties":{"geoid":"12011110100","state_fips":"12","county_fips":"12011","tract":"110100","county":"Broward","median_household_income":92491,"moe":22263,"population":7117,"school_age_population":1736}},{"type":"Feature","geometry":{"type":"Polygon","coordinates":[[[-80.441717,26.035157],[-80.440863,26.007729],[-80.408824,26.007813],[-80.408812,26.011415],[-80.40786,26.013842],[-80.40909,26.016778],[-80.409568,26.035407],[-80.441717,26.035157]]]},"properties":{"geoid":"12011110301","state_fips":"12","county_fips":"12011","tract":"110301","county":"Broward","median_household_income":104576,"moe":24715,"population":6382,"school_age_population":1660}},{"type":"Feature","geometry":{"type":"Polygon","coordinates":[[[-80.314179,26.122887],[-80.313466,26.115244],[-80.297883,26.11148],[-80.29782,26.160398],[-80.313996,26.160695],[-80.314179,26.122887]]]},"properties":{"geoid":"12011060121","state_fips":"12","county_fips":"12011","tract":"060121","county":"Broward","median_household_income":147337,"moe":19857,"population":5038,"school_age_population":1011}},{"type":"Feature","geometry":{"type":"Polygon","coordinates":[[[-80.214967,25.988146],[-80.214256,25.972396],[-80.206219,25.972647],[-80.206842,25.987974],[-80.214967,25.988146]]]},"properties":{"geoid":"12011100801","state_fips":"12","county_fips":"12011","tract":"100801","county":"Broward","median_household_income":54603,"moe":16971,"population":4460,"school_age_population":1652}},{"type":"Feature","geometry":{"type":"Polygon","coordinates":[[[-80.219194,26.179307],[-80.207466,26.179342],[-80.207544,26.182974],[-80.203642,26.182992],[-80.203744,26.186537],[-80.206919,26.187065],[-80.211093,26.191575],[-80.216794,26.184587],[-80.219194,26.179307]]]},"properties":{"geoid":"12011050316","state_fips":"12","county_fips":"12011","tract":"050316","county":"Broward","median_household_income":54295,"moe":11940,"population":2236,"school_age_population":202}},{"type":"Feature","geometry":{"type":"Polygon","coordinates":[[[-80.232322,26.024219],[-80.232083,26.016956],[-80.212736,26.01754],[-80.213023,26.024818],[-80.232322,26.024219]]]},"properties":{"geoid":"12011091201","state_fips":"12","county_fips":"12011","tract":"091201","county":"Broward","median_household_income":62109,"moe":17458,"population":6010,"school_age_population":1400}},{"type":"Feature","geometry":{"type":"Polygon","coordinates":[[[-80.395485,26.03533],[-80.395314,26.029385],[-80.393219,26.029347],[-80.392774,26.007729],[-80.376678,26.007731],[-80.377453,26.035457],[-80.395485,26.03533]]]},"properties":{"geoid":"12011110303","state_fips":"12","county_fips":"12011","tract":"110303","county":"Broward","median_household_income":177794,"moe":26417,"population":4310,"school_age_population":1061}},{"type":"Feature","geometry":{"type":"Polygon","coordinates":[[[-80.092909,26.305307],[-80.087417,26.305128],[-80.087347,26.303197],[-80.081963,26.301478],[-80.080086,26.301538],[-80.079457,26.305192],[-80.081249,26.315553],[-80.080522,26.320814],[-80.087905,26.320756],[-80.0889,26.322385],[-80.089134,26.324693],[-80.090909,26.325607],[-80.090817,26.318104],[-80.092909,26.305307]]]},"properties":{"geoid":"12011010103","state_fips":"12","county_fips":"12011","tract":"010103","county":"Broward","median_household_income":73281,"moe":20670,"population":3512,"school_age_population":150}},{"type":"Feature","geometry":{"type":"Polygon","coordinates":[[[-80.232917,26.042312],[-80.23263,26.031471],[-80.213328,26.032236],[-80.21458,26.046484],[-80.23151,26.046066],[-80.231741,26.044081],[-80.232917,26.042312]]]},"properties":{"geoid":"12011090602","state_fips":"12","county_fips":"12011","tract":"090602","county":"Broward","median_household_income":86287,"moe":24174,"population":8053,"school_age_population":1497}},{"type":"Feature","geometry":{"type":"Polygon","coordinates":[[[-80.224075,26.065606],[-80.223543,26.046302],[-80.209032,26.046662],[-80.20745,26.053426],[-80.207756,26.062946],[-80.211057,26.063027],[-80.213328,26.065146],[-80.215324,26.065771],[-80.224075,26.065606]]]},"properties":{"geoid":"12011070102","state_fips":"12","county_fips":"12011","tract":"070102","county":"Broward","median_household_income":73977,"moe":36791,"population":1647,"school_age_population":428}},{"type":"Feature","geometry":{"type":"Polygon","coordinates":[[[-80.340877,25.957153],[-80.310617,25.957165],[-80.310816,25.964199],[-80.332384,25.964147],[-80.340877,25.957153]]]},"properties":{"geoid":"12011110364","state_fips":"12","county_fips":"12011","tract":"110364","county":"Broward","median_household_income":88567,"moe":16942,"population":6727,"school_age_population":1352}},{"type":"Feature","geometry":{"type":"Polygon","coordinates":[[[-80.376206,25.993083],[-80.375821,25.978652],[-80.355119,25.978701],[-80.351308,25.978718],[-80.349758,25.981458],[-80.342787,25.989499],[-80.340637,25.993194],[-80.376206,25.993083]]]},"properties":{"geoid":"12011110360","state_fips":"12","county_fips":"12011","tract":"110360","county":"Broward","median_household_income":189107,"moe":46849,"population":5200,"school_age_population":1016}},{"type":"Feature","geometry":{"type":"Polygon","coordinates":[[[-80.14305,26.108262],[-80.141144,26.096456],[-80.134712,26.096596],[-80.135639,26.092844],[-80.117701,26.093219],[-80.119036,26.100718],[-80.136671,26.100344],[-80.136961,26.110452],[-80.140168,26.110369],[-80.14305,26.108262]]]},"properties":{"geoid":"12011042302","state_fips":"12","county_fips":"12011","tract":"042302","county":"Broward","median_household_income":86429,"moe":31484,"population":1908,"school_age_population":252}},{"type":"Feature","geometry":{"type":"Polygon","coordinates":[[[-80.242933,26.045217],[-80.242702,26.035809],[-80.23676,26.03866],[-80.232278,26.043088],[-80.23151,26.046066],[-80.242913,26.045719],[-80.242933,26.045217]]]},"properties":{"geoid":"12011070504","state_fips":"12","county_fips":"12011","tract":"070504","county":"Broward","median_household_income":39625,"moe":12685,"population":4789,"school_age_population":1763}},{"type":"Feature","geometry":{"type":"Polygon","coordinates":[[[-80.375821,25.978652],[-80.375501,25.971211],[-80.367625,25.97104],[-80.361284,25.967844],[-80.351884,25.967825],[-80.352157,25.975175],[-80.351308,25.978718],[-80.375821,25.978652]]]},"properties":{"geoid":"12011110362","state_fips":"12","county_fips":"12011","tract":"110362","county":"Broward","median_household_income":72174,"moe":45676,"population":6860,"school_age_population":1126}},{"type":"Feature","geometry":{"type":"Polygon","coordinates":[[[-80.240607,26.220833],[-80.240316,26.208421],[-80.228995,26.208436],[-80.229038,26.210296],[-80.229725,26.211237],[-80.228553,26.212877],[-80.229338,26.215021],[-80.23661,26.214985],[-80.236765,26.220819],[-80.240607,26.220833]]]},"properties":{"geoid":"12011020421","state_fips":"12","county_fips":"12011","tract":"020421","county":"Broward","median_household_income":72583,"moe":16504,"population":4283,"school_age_population":688}},{"type":"Feature","geometry":{"type":"Polygon","coordinates":[[[-80.434459,26.063541],[-80.434432,26.061454],[-80.393679,26.062222],[-80.39333,26.07426],[-80.396518,26.075265],[-80.399229,26.077914],[-80.403993,26.074527],[-80.407987,26.073293],[-80.434264,26.073193],[-80.434459,26.063541]]]},"properties":{"geoid":"12011070330","state_fips":"12","county_fips":"12011","tract":"070330","county":"Broward","median_household_income":206633,"moe":33830,"population":3750,"school_age_population":1295}},{"type":"Feature","geometry":{"type":"Polygon","coordinates":[[[-80.108444,26.139117],[-80.108238,26.137956],[-80.098362,26.137868],[-80.095427,26.157331],[-80.093221,26.167571],[-80.104173,26.167534],[-80.10584,26.153775],[-80.108293,26.149943],[-80.106867,26.143598],[-80.107378,26.141616],[-80.107186,26.143817],[-80.107881,26.143652],[-80.107489,26.142959],[-80.108444,26.139117]]]},"properties":{"geoid":"12011040502","state_fips":"12","county_fips":"12011","tract":"040502","county":"Broward","median_household_income":91339,"moe":41958,"population":3744,"school_age_population":233}},{"type":"Feature","geometry":{"type":"Polygon","coordinates":[[[-80.152399,26.304422],[-80.152367,26.289523],[-80.149261,26.291026],[-80.134908,26.291409],[-80.130823,26.290492],[-80.126358,26.304516],[-80.152399,26.304422]]]},"properties":{"geoid":"12011010407","state_fips":"12","county_fips":"12011","tract":"010407","county":"Broward","median_household_income":51458,"moe":9367,"population":5985,"school_age_population":964}},{"type":"Feature","geometry":{"type":"Polygon","coordinates":[[[-80.155213,26.181091],[-80.134679,26.181581],[-80.134711,26.183163],[-80.131765,26.183225],[-80.131917,26.188875],[-80.153221,26.1882],[-80.155213,26.181091]]]},"properties":{"geoid":"12011050501","state_fips":"12","county_fips":"12011","tract":"050501","county":"Broward","median_household_income":69472,"moe":12693,"population":3193,"school_age_population":621}},{"type":"Feature","geometry":{"type":"Polygon","coordinates":[[[-80.240817,26.22823],[-80.240628,26.220833],[-80.233997,26.220871],[-80.233697,26.218674],[-80.224033,26.218607],[-80.223043,26.21789],[-80.22051,26.218686],[-80.22104,26.228239],[-80.233451,26.228285],[-80.23348,26.230135],[-80.240371,26.230031],[-80.240335,26.228227],[-80.240817,26.22823]]]},"properties":{"geoid":"12011020407","state_fips":"12","county_fips":"12011","tract":"020407","county":"Broward","median_household_income":64426,"moe":13350,"population":8789,"school_age_population":2251}},{"type":"Feature","geometry":{"type":"Polygon","coordinates":[[[-80.190602,26.067538],[-80.190498,26.062554],[-80.168534,26.062686],[-80.168623,26.068105],[-80.190602,26.067538]]]},"properties":{"geoid":"12011080405","state_fips":"12","county_fips":"12011","tract":"080405","county":"Broward","median_household_income":56250,"moe":12048,"population":2754,"school_age_population":475}},{"type":"Feature","geometry":{"type":"Polygon","coordinates":[[[-80.377248,26.029375],[-80.376678,26.007731],[-80.368952,26.007738],[-80.369093,26.029496],[-80.377248,26.029375]]]},"properties":{"geoid":"12011110356","state_fips":"12","county_fips":"12011","tract":"110356","county":"Broward","median_household_income":106332,"moe":18606,"population":4030,"school_age_population":692}},{"type":"Feature","geometry":{"type":"Polygon","coordinates":[[[-80.186193,26.121252],[-80.185816,26.105631],[-80.169564,26.106604],[-80.169806,26.121612],[-80.173935,26.121603],[-80.173734,26.110775],[-80.177867,26.110691],[-80.177892,26.112129],[-80.182912,26.112076],[-80.182987,26.116445],[-80.177957,26.116517],[-80.178024,26.121487],[-80.186193,26.121252]]]},"properties":{"geoid":"12011042801","state_fips":"12","county_fips":"12011","tract":"042801","county":"Broward","median_household_income":60026,"moe":23748,"population":4717,"school_age_population":1129}},{"type":"Feature","geometry":{"type":"Polygon","coordinates":[[[-80.449711,26.141841],[-80.443286,26.112933],[-80.441999,26.061539],[-80.434432,26.061454],[-80.434264,26.073193],[-80.407987,26.073293],[-80.403993,26.074527],[-80.399229,26.077914],[-80.408947,26.088773],[-80.413271,26.095017],[-80.416666,26.102392],[-80.417109,26.104235],[-80.414846,26.104901],[-80.413181,26.106171],[-80.409173,26.113668],[-80.410521,26.115083],[-80.411367,26.118483],[-80.413123,26.117151],[-80.415017,26.114403],[-80.416687,26.11342],[-80.419357,26.113566],[-80.421292,26.115558],[-80.421179,26.117818],[-80.418138,26.122044],[-80.418803,26.125332],[-80.417595,26.12844],[-80.420054,26.12987],[-80.421262,26.132429],[-80.419378,26.14007],[-80.440872,26.145547],[-80.44201,26.146512],[-80.442737,26.149333],[-80.444829,26.148493],[-80.449711,26.141841]]]},"properties":{"geoid":"12011070331","state_fips":"12","county_fips":"12011","tract":"070331","county":"Broward","median_household_income":128750,"moe":42347,"population":8447,"school_age_population":2745}},{"type":"Feature","geometry":{"type":"Polygon","coordinates":[[[-80.100026,26.204822],[-80.099808,26.204392],[-80.08875,26.204941],[-80.086297,26.216631],[-80.092083,26.21678],[-80.092208,26.21622],[-80.093557,26.216225],[-80.09389,26.215385],[-80.097003,26.215352],[-80.100026,26.204822]]]},"properties":{"geoid":"12011031206","state_fips":"12","county_fips":"12011","tract":"031206","county":"Broward","median_household_income":91198,"moe":18552,"population":2796,"school_age_population":151}},{"type":"Feature","geometry":{"type":"Polygon","coordinates":[[[-80.135066,26.011758],[-80.134591,25.996997],[-80.119549,25.997161],[-80.118253,26.012221],[-80.135066,26.011758]]]},"properties":{"geoid":"12011092000","state_fips":"12","county_fips":"12011","tract":"092000","county":"Broward","median_household_income":67465,"moe":64475,"population":3389,"school_age_population":691}},{"type":"Feature","geometry":{"type":"Polygon","coordinates":[[[-80.142298,25.985737],[-80.142125,25.974676],[-80.133867,25.974868],[-80.133862,25.97411],[-80.133153,25.97412],[-80.123874,25.974484],[-80.123309,25.975103],[-80.121766,25.986512],[-80.142298,25.985737]]]},"properties":{"geoid":"12011100103","state_fips":"12","county_fips":"12011","tract":"100103","county":"Broward","median_household_income":41625,"moe":11389,"population":3416,"school_age_population":197}},{"type":"Feature","geometry":{"type":"Polygon","coordinates":[[[-80.266348,26.272662],[-80.265885,26.258207],[-80.250145,26.25803],[-80.250092,26.272456],[-80.266348,26.272662]]]},"properties":{"geoid":"12011020314","state_fips":"12","county_fips":"12011","tract":"020314","county":"Broward","median_household_income":65441,"moe":17020,"population":5751,"school_age_population":1438}},{"type":"Feature","geometry":{"type":"Polygon","coordinates":[[[-80.253165,26.251744],[-80.25313,26.248007],[-80.246433,26.248005],[-80.23987,26.246042],[-80.236112,26.242737],[-80.234014,26.24249],[-80.234152,26.256985],[-80.238239,26.258644],[-80.237792,26.257932],[-80.250145,26.25803],[-80.253165,26.251744]]]},"properties":{"geoid":"12011020315","state_fips":"12","county_fips":"12011","tract":"020315","county":"Broward","median_household_income":101304,"moe":9710,"population":5421,"school_age_population":1203}},{"type":"Feature","geometry":{"type":"Polygon","coordinates":[[[-80.254252,26.240565],[-80.24357,26.236832],[-80.237662,26.235573],[-80.2338,26.235525],[-80.234014,26.24249],[-80.236112,26.242737],[-80.23987,26.246042],[-80.246433,26.248005],[-80.25313,26.248007],[-80.25319,26.244841],[-80.254252,26.240565]]]},"properties":{"geoid":"12011020316","state_fips":"12","county_fips":"12011","tract":"020316","county":"Broward","median_household_income":75436,"moe":16920,"population":4144,"school_age_population":943}},{"type":"Feature","geometry":{"type":"Polygon","coordinates":[[[-80.254744,26.238154],[-80.253028,26.232649],[-80.252844,26.229926],[-80.233745,26.230131],[-80.2338,26.235525],[-80.237662,26.235573],[-80.243425,26.236798],[-80.249021,26.239137],[-80.254317,26.240314],[-80.254744,26.238154]]]},"properties":{"geoid":"12011020317","state_fips":"12","county_fips":"12011","tract":"020317","county":"Broward","median_household_income":96917,"moe":18711,"population":3080,"school_age_population":836}},{"type":"Feature","geometry":{"type":"Polygon","coordinates":[[[-80.298179,26.229992],[-80.298164,26.22944],[-80.281794,26.229607],[-80.281481,26.231686],[-80.277894,26.238384],[-80.279627,26.243276],[-80.279607,26.24847],[-80.282102,26.253522],[-80.28226,26.258422],[-80.297862,26.258602],[-80.298179,26.229992]]]},"properties":{"geoid":"12011020318","state_fips":"12","county_fips":"12011","tract":"020318","county":"Broward","median_household_income":146069,"moe":23113,"population":10142,"school_age_population":2724}},{"type":"Feature","geometry":{"type":"Polygon","coordinates":[[[-80.282488,26.272856],[-80.28226,26.258422],[-80.265885,26.258207],[-80.266348,26.272662],[-80.282488,26.272856]]]},"properties":{"geoid":"12011020313","state_fips":"12","county_fips":"12011","tract":"020313","county":"Broward","median_household_income":61882,"moe":12259,"population":6198,"school_age_population":1829}},{"type":"Feature","geometry":{"type":"Polygon","coordinates":[[[-81.488669,28.684445],[-81.488669,28.683856],[-81.46802,28.683805],[-81.467829,28.696858],[-81.468416,28.699556],[-81.467763,28.706837],[-81.478495,28.70706],[-81.481324,28.705739],[-81.488475,28.70604],[-81.488669,28.684445]]]},"properties":{"geoid":"12095017806","state_fips":"12","county_fips":"12095","tract":"017806","county":"Orange","median_household_income":109492,"moe":13456,"population":5381,"school_age_population":952}},{"type":"Feature","geometry":{"type":"Polygon","coordinates":[[[-81.55873,28.694331],[-81.558524,28.692314],[-81.557576,28.691074],[-81.551664,28.687519],[-81.547903,28.686665],[-81.546373,28.685306],[-81.545959,28.682158],[-81.54637,28.680225],[-81.548027,28.677762],[-81.547478,28.674544],[-81.550328,28.672047],[-81.550697,28.661928],[-81.535897,28.661993],[-81.534135,28.659799],[-81.532192,28.658879],[-81.52849,28.660817],[-81.525248,28.661461],[-81.520535,28.665685],[-81.521782,28.667297],[-81.521625,28.680629],[-81.527769,28.684792],[-81.540371,28.690361],[-81.539639,28.69284],[-81.540242,28.694442],[-81.540234,28.700191],[-81.544664,28.700038],[-81.546375,28.699034],[-81.546399,28.705757],[-81.550476,28.705759],[-81.550657,28.70939],[-81.557333,28.70928],[-81.556641,28.693311],[-81.55873,28.694331]]]},"properties":{"geoid":"12095017810","state_fips":"12","county_fips":"12095","tract":"017810","county":"Orange","median_household_income":109157,"moe":21186,"population":5941,"school_age_population":1435}},{"type":"Feature","geometry":{"type":"Polygon","coordinates":[[[-81.415114,28.638233],[-81.414853,28.618403],[-81.398096,28.618526],[-81.398721,28.631388],[-81.400527,28.632813],[-81.408363,28.632766],[-81.408818,28.636408],[-81.410833,28.636382],[-81.410894,28.638197],[-81.415114,28.638233]]]},"properties":{"geoid":"12095015204","state_fips":"12","county_fips":"12095","tract":"015204","county":"Orange","median_household_income":71730,"moe":13457,"population":6100,"school_age_population":1225}},{"type":"Feature","geometry":{"type":"Polygon","coordinates":[[[-81.504453,28.377416],[-81.501401,28.362648],[-81.491647,28.351382],[-81.487891,28.354395],[-81.487108,28.356848],[-81.48659,28.37114],[-81.487315,28.380351],[-81.489976,28.380349],[-81.490676,28.383038],[-81.491529,28.383764],[-81.497847,28.383784],[-81.498259,28.384341],[-81.504453,28.377416]]]},"properties":{"geoid":"12095017023","state_fips":"12","county_fips":"12095","tract":"017023","county":"Orange","median_household_income":46969,"moe":23877,"population":1434,"school_age_population":127}},{"type":"Feature","geometry":{"type":"Polygon","coordinates":[[[-81.315119,28.575308],[-81.314988,28.561188],[-81.310773,28.561586],[-81.31056,28.575496],[-81.315119,28.575308]]]},"properties":{"geoid":"12095018203","state_fips":"12","county_fips":"12095","tract":"018203","county":"Orange","median_household_income":59014,"moe":13719,"population":2052,"school_age_population":330}},{"type":"Feature","geometry":{"type":"Polygon","coordinates":[[[-81.245137,28.589328],[-81.245001,28.577611],[-81.243107,28.578593],[-81.239834,28.57883],[-81.235923,28.580202],[-81.224276,28.580206],[-81.224638,28.597607],[-81.244681,28.597474],[-81.245137,28.589328]]]},"properties":{"geoid":"12095016504","state_fips":"12","county_fips":"12095","tract":"016504","county":"Orange","median_household_income":58125,"moe":17704,"population":5370,"school_age_population":1102}},{"type":"Feature","geometry":{"type":"Polygon","coordinates":[[[-81.245001,28.577611],[-81.244857,28.569285],[-81.2358,28.569952],[-81.224045,28.568812],[-81.224276,28.580206],[-81.235923,28.580202],[-81.239834,28.57883],[-81.243107,28.578593],[-81.245001,28.577611]]]},"properties":{"geoid":"12095016505","state_fips":"12","county_fips":"12095","tract":"016505","county":"Orange","median_household_income":59735,"moe":7192,"population":2574,"school_age_population":314}},{"type":"Feature","geometry":{"type":"Polygon","coordinates":[[[-81.289821,28.516321],[-81.289679,28.515737],[-81.280224,28.510143],[-81.268991,28.510007],[-81.269076,28.52464],[-81.275307,28.524739],[-81.275396,28.537536],[-81.276443,28.539167],[-81.285866,28.539151],[-81.285724,28.5225],[-81.28896,28.519075],[-81.289821,28.516321]]]},"properties":{"geoid":"12095016715","state_fips":"12","county_fips":"12095","tract":"016715","county":"Orange","median_household_income":78151,"moe":17068,"population":6581,"school_age_population":1176}},{"type":"Feature","geometry":{"type":"Polygon","coordinates":[[[-81.425051,28.407387],[-81.425004,28.401568],[-81.422307,28.401515],[-81.419474,28.403188],[-81.415959,28.403207],[-81.415919,28.405211],[-81.415063,28.405921],[-81.413212,28.405806],[-81.413202,28.406363],[-81.414035,28.40636],[-81.414078,28.407695],[-81.412509,28.407992],[-81.412431,28.408968],[-81.404759,28.407421],[-81.404813,28.430359],[-81.408773,28.433452],[-81.414567,28.430409],[-81.419897,28.423976],[-81.422705,28.422141],[-81.422798,28.414036],[-81.425051,28.407387]]]},"properties":{"geoid":"12095017018","state_fips":"12","county_fips":"12095","tract":"017018","county":"Orange","median_household_income":72273,"moe":24269,"population":4692,"school_age_population":556}},{"type":"Feature","geometry":{"type":"Polygon","coordinates":[[[-81.590243,28.581902],[-81.593708,28.577923],[-81.589963,28.573914],[-81.589738,28.572229],[-81.589084,28.571723],[-81.588798,28.572959],[-81.587757,28.572963],[-81.587765,28.569349],[-81.583611,28.569368],[-81.583577,28.565979],[-81.575559,28.567266],[-81.563225,28.571696],[-81.560817,28.571872],[-81.560928,28.583816],[-81.560247,28.589854],[-81.557684,28.594197],[-81.553308,28.597626],[-81.553275,28.600723],[-81.555206,28.601086],[-81.561076,28.604029],[-81.563132,28.606679],[-81.571965,28.606835],[-81.579967,28.603335],[-81.584677,28.602207],[-81.587246,28.586665],[-81.590243,28.581902]]]},"properties":{"geoid":"12095017401","state_fips":"12","county_fips":"12095","tract":"017401","county":"Orange","median_household_income":105261,"moe":18908,"population":8163,"school_age_population":2149}},{"type":"Feature","geometry":{"type":"Polygon","coordinates":[[[-81.333471,28.557047],[-81.333414,28.553516],[-81.319874,28.553886],[-81.314089,28.555526],[-81.310693,28.557223],[-81.310773,28.561586],[-81.314988,28.561188],[-81.315032,28.56447],[-81.321228,28.564406],[-81.321137,28.560733],[-81.325197,28.560666],[-81.325193,28.559134],[-81.327024,28.559102],[-81.327498,28.557548],[-81.333471,28.557047]]]},"properties":{"geoid":"12095018204","state_fips":"12","county_fips":"12095","tract":"018204","county":"Orange","median_household_income":74104,"moe":20894,"population":2347,"school_age_population":364}},{"type":"Feature","geometry":{"type":"Polygon","coordinates":[[[-81.354301,28.359938],[-81.354212,28.354725],[-81.349892,28.347986],[-81.309571,28.348051],[-81.309593,28.36915],[-81.323309,28.366974],[-81.347752,28.368659],[-81.349213,28.361582],[-81.351381,28.360112],[-81.354301,28.359938]]]},"properties":{"geoid":"12095016811","state_fips":"12","county_fips":"12095","tract":"016811","county":"Orange","median_household_income":107332,"moe":30633,"population":12181,"school_age_population":3692}},{"type":"Feature","geometry":{"type":"Polygon","coordinates":[[[-81.381843,28.368301],[-81.367023,28.368624],[-81.367189,28.371425],[-81.365161,28.374992],[-81.364256,28.374163],[-81.36253,28.374886],[-81.360038,28.377785],[-81.359061,28.377822],[-81.359207,28.387195],[-81.355552,28.386113],[-81.354617,28.385147],[-81.35277,28.386148],[-81.349023,28.39104],[-81.348997,28.392861],[-81.363367,28.392283],[-81.370119,28.39292],[-81.37514,28.401135],[-81.374491,28.39268],[-81.375135,28.392638],[-81.37514,28.388498],[-81.377725,28.373252],[-81.381843,28.368301]]]},"properties":{"geoid":"12095016809","state_fips":"12","county_fips":"12095","tract":"016809","county":"Orange","median_household_income":53523,"moe":28045,"population":7272,"school_age_population":1279}},{"type":"Feature","geometry":{"type":"Polygon","coordinates":[[[-81.404747,28.434544],[-81.401327,28.435988],[-81.395772,28.440682],[-81.392765,28.441859],[-81.378077,28.445624],[-81.366866,28.445807],[-81.367007,28.460575],[-81.368082,28.465544],[-81.38426,28.465397],[-81.384159,28.450954],[-81.40092,28.450358],[-81.404747,28.434544]]]},"properties":{"geoid":"12095014202","state_fips":"12","county_fips":"12095","tract":"014202","county":"Orange","median_household_income":45765,"moe":12667,"population":4392,"school_age_population":1296}},{"type":"Feature","geometry":{"type":"Polygon","coordinates":[[[-81.373366,28.538435],[-81.372559,28.537006],[-81.364218,28.537091],[-81.364213,28.539133],[-81.362817,28.540166],[-81.363182,28.542225],[-81.364139,28.542162],[-81.36445,28.553153],[-81.368597,28.553189],[-81.36847,28.542267],[-81.372896,28.54225],[-81.372551,28.538441],[-81.373366,28.538435]]]},"properties":{"geoid":"12095010202","state_fips":"12","county_fips":"12095","tract":"010202","county":"Orange","median_household_income":95333,"moe":19435,"population":3935,"school_age_population":238}},{"type":"Feature","geometry":{"type":"Polygon","coordinates":[[[-81.261692,28.597384],[-81.261299,28.584899],[-81.255619,28.579925],[-81.255123,28.573372],[-81.253427,28.570415],[-81.25323,28.568408],[-81.244857,28.569285],[-81.245139,28.589845],[-81.244681,28.597474],[-81.261692,28.597384]]]},"properties":{"geoid":"12095016412","state_fips":"12","county_fips":"12095","tract":"016412","county":"Orange","median_household_income":80694,"moe":7028,"population":5101,"school_age_population":1015}},{"type":"Feature","geometry":{"type":"Polygon","coordinates":[[[-81.442824,28.555782],[-81.442783,28.55265],[-81.395604,28.553238],[-81.395889,28.557561],[-81.405567,28.57217],[-81.406815,28.575106],[-81.407092,28.578041],[-81.434424,28.578024],[-81.434782,28.572425],[-81.437602,28.569187],[-81.437064,28.567425],[-81.438119,28.559767],[-81.439378,28.559759],[-81.44094,28.558575],[-81.442824,28.555782]]]},"properties":{"geoid":"12095018700","state_fips":"12","county_fips":"12095","tract":"018700","county":"Orange","median_household_income":32150,"moe":9954,"population":5748,"school_age_population":1721}},{"type":"Feature","geometry":{"type":"Polygon","coordinates":[[[-81.310475,28.537638],[-81.310414,28.533166],[-81.306434,28.533164],[-81.30626,28.531737],[-81.301873,28.531715],[-81.301885,28.532332],[-81.294206,28.531914],[-81.294264,28.539492],[-81.310456,28.539383],[-81.310475,28.537638]]]},"properties":{"geoid":"12095013403","state_fips":"12","county_fips":"12095","tract":"013403","county":"Orange","median_household_income":58559,"moe":7743,"population":3689,"school_age_population":565}},{"type":"Feature","geometry":{"type":"Polygon","coordinates":[[[-81.296382,28.529062],[-81.296377,28.528562],[-81.293904,28.528514],[-81.294288,28.517636],[-81.2898,28.515826],[-81.28896,28.519075],[-81.285724,28.5225],[-81.285887,28.540486],[-81.294264,28.539492],[-81.294619,28.529069],[-81.296382,28.529062]]]},"properties":{"geoid":"12095013402","state_fips":"12","county_fips":"12095","tract":"013402","county":"Orange","median_household_income":66306,"moe":18290,"population":3551,"school_age_population":627}},{"type":"Feature","geometry":{"type":"Polygon","coordinates":[[[-81.359977,28.525877],[-81.359908,28.523977],[-81.343423,28.524164],[-81.343583,28.538195],[-81.35549,28.538134],[-81.355406,28.531363],[-81.35877,28.531343],[-81.358418,28.530254],[-81.359443,28.529208],[-81.359977,28.525877]]]},"properties":{"geoid":"12095011200","state_fips":"12","county_fips":"12095","tract":"011200","county":"Orange","median_household_income":100057,"moe":31840,"population":3338,"school_age_population":615}},{"type":"Feature","geometry":{"type":"Polygon","coordinates":[[[-81.387981,28.640229],[-81.387887,28.631704],[-81.386847,28.626469],[-81.386736,28.621022],[-81.375674,28.620946],[-81.375359,28.611705],[-81.365463,28.611803],[-81.365577,28.619014],[-81.363608,28.623985],[-81.363493,28.630786],[-81.357245,28.63934],[-81.361633,28.639326],[-81.361655,28.64041],[-81.387981,28.640229]]]},"properties":{"geoid":"12095015501","state_fips":"12","county_fips":"12095","tract":"015501","county":"Orange","median_household_income":94696,"moe":15031,"population":5887,"school_age_population":805}},{"type":"Feature","geometry":{"type":"Polygon","coordinates":[[[-81.182375,28.571918],[-81.182347,28.565423],[-81.154194,28.565348],[-81.155506,28.567023],[-81.154895,28.567634],[-81.155169,28.568443],[-81.157301,28.569604],[-81.156958,28.570248],[-81.158291,28.571635],[-81.158372,28.573099],[-81.161843,28.575504],[-81.161214,28.576214],[-81.161544,28.576852],[-81.162448,28.577023],[-81.162722,28.578239],[-81.166816,28.581211],[-81.169178,28.584474],[-81.170151,28.587006],[-81.169001,28.587932],[-81.170118,28.589012],[-81.170039,28.59179],[-81.172125,28.5909],[-81.178408,28.590873],[-81.178388,28.580009],[-81.182375,28.571918]]]},"properties":{"geoid":"12095016509","state_fips":"12","county_fips":"12095","tract":"016509","county":"Orange","median_household_income":58024,"moe":11472,"population":4658,"school_age_population":316}},{"type":"Feature","geometry":{"type":"Polygon","coordinates":[[[-81.442854,28.359408],[-81.437529,28.362262],[-81.425677,28.372633],[-81.425724,28.378704],[-81.424887,28.384946],[-81.425051,28.407387],[-81.422798,28.414036],[-81.422705,28.422141],[-81.429296,28.420776],[-81.43005,28.418701],[-81.431587,28.417067],[-81.432602,28.411427],[-81.433479,28.41048],[-81.433996,28.406023],[-81.437966,28.401241],[-81.433894,28.393178],[-81.434676,28.391347],[-81.4391,28.389192],[-81.439524,28.379038],[-81.438661,28.374877],[-81.437548,28.373574],[-81.436829,28.36618],[-81.438335,28.362791],[-81.442854,28.359408]]]},"properties":{"geoid":"12095017006","state_fips":"12","county_fips":"12095","tract":"017006","county":"Orange","median_household_income":84236,"moe":11914,"population":4196,"school_age_population":1011}},{"type":"Feature","geometry":{"type":"Polygon","coordinates":[[[-81.507818,28.520951],[-81.500865,28.514428],[-81.493467,28.510044],[-81.483767,28.502818],[-81.484077,28.504988],[-81.485971,28.508672],[-81.486077,28.513501],[-81.485446,28.515276],[-81.483641,28.517252],[-81.481329,28.518528],[-81.473322,28.519768],[-81.471592,28.521515],[-81.471044,28.523902],[-81.471816,28.525937],[-81.475601,28.530235],[-81.475828,28.539103],[-81.488286,28.540502],[-81.488186,28.522931],[-81.50639,28.522736],[-81.507818,28.520951]]]},"properties":{"geoid":"12095014807","state_fips":"12","county_fips":"12095","tract":"014807","county":"Orange","median_household_income":77294,"moe":20955,"population":8440,"school_age_population":2178}},{"type":"Feature","geometry":{"type":"Polygon","coordinates":[[[-81.397253,28.535099],[-81.397124,28.531117],[-81.386009,28.531062],[-81.383453,28.535097],[-81.397253,28.535099]]]},"properties":{"geoid":"12095010400","state_fips":"12","county_fips":"12095","tract":"010400","county":"Orange","median_household_income":20781,"moe":6018,"population":1052,"school_age_population":249}},{"type":"Feature","geometry":{"type":"Polygon","coordinates":[[[-81.39727,28.535601],[-81.397099,28.535093],[-81.383453,28.535097],[-81.382417,28.540223],[-81.397246,28.540152],[-81.39727,28.535601]]]},"properties":{"geoid":"12095010500","state_fips":"12","county_fips":"12095","tract":"010500","county":"Orange","median_household_income":13804,"moe":3446,"population":757,"school_age_population":26}},{"type":"Feature","geometry":{"type":"Polygon","coordinates":[[[-81.467938,28.610196],[-81.467873,28.596144],[-81.45141,28.596342],[-81.45178,28.611311],[-81.467807,28.610952],[-81.467938,28.610196]]]},"properties":{"geoid":"12095012306","state_fips":"12","county_fips":"12095","tract":"012306","county":"Orange","median_household_income":62358,"moe":12781,"population":4169,"school_age_population":1257}},{"type":"Feature","geometry":{"type":"Polygon","coordinates":[[[-81.385942,28.531062],[-81.368837,28.531836],[-81.368149,28.530417],[-81.366753,28.529587],[-81.364729,28.531277],[-81.355406,28.531363],[-81.35549,28.538134],[-81.364139,28.537094],[-81.37355,28.536999],[-81.378884,28.535446],[-81.383453,28.535097],[-81.385942,28.531062]]]},"properties":{"geoid":"12095010300","state_fips":"12","county_fips":"12095","tract":"010300","county":"Orange","median_household_income":52297,"moe":12506,"population":3323,"school_age_population":196}},{"type":"Feature","geometry":{"type":"Polygon","coordinates":[[[-81.474213,28.449848],[-81.474087,28.421999],[-81.46709,28.42104],[-81.42503,28.421444],[-81.420694,28.423279],[-81.414567,28.430409],[-81.408773,28.433452],[-81.423201,28.453261],[-81.442888,28.470543],[-81.449115,28.478723],[-81.455243,28.473638],[-81.459122,28.468237],[-81.465122,28.465179],[-81.472122,28.459328],[-81.474051,28.455687],[-81.474213,28.449848]]]},"properties":{"geoid":"12095017001","state_fips":"12","county_fips":"12095","tract":"017001","county":"Orange","median_household_income":74674,"moe":16066,"population":5373,"school_age_population":463}},{"type":"Feature","geometry":{"type":"Polygon","coordinates":[[[-81.521791,28.667552],[-81.520535,28.665685],[-81.517757,28.666944],[-81.517555,28.658335],[-81.513442,28.658355],[-81.513449,28.654714],[-81.492855,28.654776],[-81.492788,28.673091],[-81.511936,28.673105],[-81.521652,28.679358],[-81.521791,28.667552]]]},"properties":{"geoid":"12095017600","state_fips":"12","county_fips":"12095","tract":"017600","county":"Orange","median_household_income":39777,"moe":10820,"population":5742,"school_age_population":1704}},{"type":"Feature","geometry":{"type":"Polygon","coordinates":[[[-81.467873,28.596144],[-81.467754,28.577775],[-81.451497,28.578029],[-81.45141,28.596342],[-81.467873,28.596144]]]},"properties":{"geoid":"12095012307","state_fips":"12","county_fips":"12095","tract":"012307","county":"Orange","median_household_income":47378,"moe":8875,"population":6867,"school_age_population":1971}},{"type":"Feature","geometry":{"type":"Polygon","coordinates":[[[-81.408773,28.433452],[-81.396985,28.425029],[-81.392853,28.419744],[-81.391521,28.414915],[-81.391167,28.391037],[-81.384267,28.393281],[-81.374491,28.39268],[-81.375743,28.411444],[-81.367338,28.439016],[-81.366866,28.445807],[-81.378077,28.445624],[-81.392765,28.441859],[-81.396247,28.440392],[-81.403222,28.434972],[-81.408773,28.433452]]]},"properties":{"geoid":"12095016803","state_fips":"12","county_fips":"12095","tract":"016803","county":"Orange","median_household_income":73750,"moe":6064,"population":2341,"school_age_population":420}},{"type":"Feature","geometry":{"type":"Polygon","coordinates":[[[-81.330823,28.506026],[-81.33077,28.495064],[-81.314461,28.495204],[-81.314365,28.498872],[-81.310116,28.498886],[-81.310138,28.505774],[-81.330823,28.506026]]]},"properties":{"geoid":"12095013605","state_fips":"12","county_fips":"12095","tract":"013605","county":"Orange","median_household_income":69531,"moe":25819,"population":3502,"school_age_population":698}},{"type":"Feature","geometry":{"type":"Polygon","coordinates":[[[-81.359852,28.513125],[-81.359735,28.498515],[-81.351481,28.498571],[-81.351601,28.513182],[-81.359852,28.513125]]]},"properties":{"geoid":"12095013801","state_fips":"12","county_fips":"12095","tract":"013801","county":"Orange","median_household_income":101667,"moe":37646,"population":2286,"school_age_population":317}},{"type":"Feature","geometry":{"type":"Polygon","coordinates":[[[-81.244778,28.600401],[-81.244681,28.597474],[-81.207637,28.597763],[-81.207495,28.611876],[-81.244698,28.611536],[-81.244654,28.609682],[-81.243206,28.607166],[-81.242865,28.604195],[-81.244778,28.600401]]]},"properties":{"geoid":"12095016503","state_fips":"12","county_fips":"12095","tract":"016503","county":"Orange","median_household_income":87428,"moe":17738,"population":8281,"school_age_population":666}},{"type":"Feature","geometry":{"type":"Polygon","coordinates":[[[-81.543138,28.509597],[-81.542227,28.507132],[-81.53794,28.503507],[-81.535421,28.505101],[-81.531592,28.505714],[-81.519465,28.502235],[-81.507692,28.501671],[-81.508603,28.508127],[-81.520953,28.508087],[-81.520998,28.515495],[-81.52268,28.516898],[-81.522831,28.530936],[-81.530214,28.535196],[-81.53739,28.543188],[-81.542041,28.545768],[-81.541519,28.518],[-81.543138,28.509597]]]},"properties":{"geoid":"12095014814","state_fips":"12","county_fips":"12095","tract":"014814","county":"Orange","median_household_income":97047,"moe":28387,"population":6021,"school_age_population":1717}},{"type":"Feature","geometry":{"type":"Polygon","coordinates":[[[-81.285338,28.495245],[-81.285293,28.486109],[-81.282734,28.486195],[-81.280928,28.487932],[-81.278004,28.4879],[-81.276529,28.487065],[-81.275549,28.487719],[-81.27268,28.487512],[-81.271882,28.486506],[-81.272673,28.485287],[-81.271756,28.484069],[-81.271554,28.481448],[-81.268783,28.481007],[-81.267937,28.479789],[-81.271492,28.478253],[-81.271293,28.476393],[-81.268602,28.473536],[-81.265041,28.474076],[-81.263956,28.478058],[-81.268873,28.484057],[-81.269178,28.491691],[-81.270919,28.491671],[-81.27308,28.492877],[-81.273995,28.495144],[-81.285338,28.495245]]]},"properties":{"geoid":"12095016754","state_fips":"12","county_fips":"12095","tract":"016754","county":"Orange","median_household_income":56863,"moe":17852,"population":5563,"school_age_population":1091}},{"type":"Feature","geometry":{"type":"Polygon","coordinates":[[[-81.526089,28.708678],[-81.525414,28.706319],[-81.50919,28.705877],[-81.509017,28.728214],[-81.517148,28.728175],[-81.525552,28.725559],[-81.525476,28.710907],[-81.526089,28.708678]]]},"properties":{"geoid":"12095017809","state_fips":"12","county_fips":"12095","tract":"017809","county":"Orange","median_household_income":81302,"moe":31999,"population":3458,"school_age_population":770}},{"type":"Feature","geometry":{"type":"Polygon","coordinates":[[[-81.608927,28.554716],[-81.608881,28.552879],[-81.608007,28.551306],[-81.607975,28.54499],[-81.583469,28.54511],[-81.583611,28.569368],[-81.587765,28.569349],[-81.587757,28.572963],[-81.588798,28.572959],[-81.589084,28.571723],[-81.589925,28.5724],[-81.589963,28.573914],[-81.591821,28.573485],[-81.59185,28.558341],[-81.603988,28.55839],[-81.605595,28.55525],[-81.608927,28.554716]]]},"properties":{"geoid":"12095017302","state_fips":"12","county_fips":"12095","tract":"017302","county":"Orange","median_household_income":72317,"moe":21008,"population":8919,"school_age_population":2295}},{"type":"Feature","geometry":{"type":"Polygon","coordinates":[[[-81.136986,28.50721],[-81.134346,28.503753],[-81.134129,28.501161],[-81.134722,28.499646],[-81.133016,28.498936],[-81.13189,28.496976],[-81.129654,28.495748],[-81.12747,28.492616],[-81.120726,28.49396],[-81.116328,28.493208],[-81.11109,28.493452],[-81.102562,28.490863],[-81.095007,28.491274],[-81.095024,28.495974],[-81.061825,28.496146],[-81.061289,28.452136],[-80.979331,28.45268],[-80.982337,28.455383],[-80.99644,28.464982],[-81.023586,28.477857],[-81.040474,28.490157],[-81.065056,28.517006],[-81.08121,28.537231],[-81.093327,28.547512],[-81.103804,28.552655],[-81.107788,28.55391],[-81.107781,28.547105],[-81.103981,28.547136],[-81.099534,28.535729],[-81.101706,28.536696],[-81.106043,28.534945],[-81.109632,28.535945],[-81.112348,28.534954],[-81.116598,28.535613],[-81.117564,28.534495],[-81.121315,28.535325],[-81.121933,28.537316],[-81.12245,28.536617],[-81.12321,28.536754],[-81.126462,28.532132],[-81.127594,28.524968],[-81.130331,28.520887],[-81.131885,28.516793],[-81.134029,28.515127],[-81.136136,28.512338],[-81.136986,28.50721]]]},"properties":{"geoid":"12095016607","state_fips":"12","county_fips":"12095","tract":"016607","county":"Orange","median_household_income":79896,"moe":10648,"population":6552,"school_age_population":1519}},{"type":"Feature","geometry":{"type":"Polygon","coordinates":[[[-81.170138,28.587077],[-81.167178,28.58158],[-81.162722,28.578239],[-81.162448,28.577023],[-81.161213,28.576335],[-81.161843,28.575504],[-81.160796,28.574436],[-81.158372,28.573099],[-81.158291,28.571635],[-81.156958,28.570248],[-81.157301,28.569604],[-81.155169,28.568443],[-81.154895,28.567634],[-81.155506,28.567023],[-81.154194,28.565348],[-81.142605,28.564476],[-81.129632,28.560621],[-81.120513,28.586342],[-81.120288,28.588845],[-81.120874,28.591122],[-81.115136,28.591189],[-81.114207,28.590638],[-81.112438,28.591214],[-81.103698,28.591288],[-81.102769,28.591839],[-81.101863,28.594431],[-81.100335,28.595452],[-81.089394,28.596398],[-81.080927,28.598582],[-81.07538,28.598679],[-81.070684,28.590775],[-81.057736,28.578175],[-81.045314,28.572275],[-81.035058,28.566014],[-81.032391,28.563264],[-81.029489,28.556258],[-81.029097,28.551664],[-81.025072,28.549565],[-81.0249,28.536027],[-81.03502,28.535347],[-81.045835,28.536093],[-81.073701,28.53606],[-81.078907,28.537146],[-81.083807,28.539761],[-81.078935,28.534671],[-81.063413,28.515108],[-81.040474,28.490157],[-81.023586,28.477857],[-80.99644,28.464982],[-80.982337,28.455383],[-80.979331,28.45268],[-80.897279,28.452938],[-80.896973,28.454661],[-80.898346,28.455084],[-80.898003,28.457052],[-80.897334,28.457789],[-80.896628,28.456603],[-80.895815,28.457955],[-80.893915,28.458181],[-80.893195,28.459708],[-80.894821,28.460174],[-80.894808,28.461955],[-80.895845,28.463203],[-80.895449,28.463654],[-80.893817,28.463191],[-80.892859,28.464027],[-80.892875,28.464972],[-80.894141,28.464599],[-80.894612,28.465318],[-80.894522,28.467039],[-80.890812,28.468383],[-80.890945,28.466878],[-80.889772,28.466486],[-80.886659,28.469608],[-80.88475,28.468722],[-80.884217,28.469545],[-80.88229,28.469608],[-80.881681,28.470375],[-80.880834,28.468331],[-80.879667,28.468316],[-80.879371,28.469683],[-80.876045,28.470883],[-80.875496,28.469934],[-80.876382,28.469411],[-80.875143,28.468842],[-80.872841,28.471071],[-80.871292,28.470764],[-80.870796,28.471355],[-80.874191,28.476345],[-80.874069,28.477924],[-80.873146,28.47855],[-80.87394,28.480215],[-80.873318,28.48206],[-80.875293,28.483548],[-80.875585,28.485845],[-80.878113,28.486729],[-80.877329,28.487971],[-80.875273,28.488696],[-80.875368,28.489726],[-80.879047,28.489809],[-80.880326,28.491123],[-80.882591,28.491491],[-80.884077,28.494867],[-80.883728,28.496],[-80.880266,28.496995],[-80.879873,28.500006],[-80.881026,28.503776],[-80.883312,28.50429],[-80.885741,28.510312],[-80.891923,28.512088],[-80.893391,28.511841],[-80.895905,28.509444],[-80.898851,28.509782],[-80.900095,28.511552],[-80.901523,28.510422],[-80.903373,28.511102],[-80.904465,28.510441],[-80.90663,28.51161],[-80.905607,28.512763],[-80.90713,28.513784],[-80.907022,28.514713],[-80.905546,28.516033],[-80.905715,28.517811],[-80.907965,28.517988],[-80.906835,28.519964],[-80.907258,28.520545],[-80.910082,28.521905],[-80.911026,28.521265],[-80.911994,28.521622],[-80.912515,28.523173],[-80.910559,28.523296],[-80.911412,28.524569],[-80.916314,28.522774],[-80.917517,28.522983],[-80.920638,28.5252],[-80.921074,28.52881],[-80.923377,28.532728],[-80.925075,28.533204],[-80.928243,28.532713],[-80.932176,28.5355],[-80.93287,28.533821],[-80.93407,28.533401],[-80.935243,28.534104],[-80.935592,28.536309],[-80.93626,28.536776],[-80.937217,28.536422],[-80.937797,28.534685],[-80.939391,28.535119],[-80.938968,28.539452],[-80.939651,28.540696],[-80.93921,28.541799],[-80.935831,28.541762],[-80.934247,28.540471],[-80.932133,28.542356],[-80.934304,28.545202],[-80.934145,28.547657],[-80.932625,28.551598],[-80.933668,28.551923],[-80.933254,28.552631],[-80.934185,28.554405],[-80.931741,28.555881],[-80.931684,28.55697],[-80.934274,28.558974],[-80.931651,28.559821],[-80.932181,28.561797],[-80.930043,28.563217],[-80.931939,28.564561],[-80.931876,28.566395],[-80.933099,28.566307],[-80.932822,28.567324],[-80.934072,28.567916],[-80.934406,28.569436],[-80.935746,28.570487],[-80.935876,28.571332],[-80.937459,28.570941],[-80.938283,28.572246],[-80.939349,28.57254],[-80.940341,28.574504],[-80.939057,28.57518],[-80.940267,28.57593],[-80.940438,28.578094],[-80.941498,28.578135],[-80.942598,28.579898],[-80.944249,28.58011],[-80.943946,28.581953],[-80.945865,28.582723],[-80.944756,28.584006],[-80.947161,28.584892],[-80.946324,28.586076],[-80.947094,28.587423],[-80.946376,28.587581],[-80.94544,28.586503],[-80.94556,28.587941],[-80.945066,28.588934],[-80.944259,28.588962],[-80.944731,28.589871],[-80.943804,28.591004],[-80.944662,28.59132],[-80.945062,28.592412],[-80.944592,28.593031],[-80.943836,28.592636],[-80.943344,28.593668],[-80.946416,28.595742],[-80.947931,28.595639],[-80.947329,28.596726],[-80.94637,28.596939],[-80.94882,28.597937],[-80.948529,28.598808],[-80.94952,28.598479],[-80.949304,28.60037],[-80.950718,28.599632],[-80.95123,28.600474],[-80.952327,28.600055],[-80.953047,28.600664],[-80.951946,28.602226],[-80.952475,28.602745],[-80.951898,28.603962],[-80.953708,28.604888],[-80.955222,28.603559],[-80.956499,28.603822],[-80.956356,28.602145],[-80.956951,28.601906],[-80.959818,28.602806],[-80.960391,28.60495],[-80.961294,28.605447],[-80.965192,28.604385],[-80.967597,28.605202],[-80.968345,28.604203],[-80.969526,28.605194],[-80.969184,28.607877],[-80.970649,28.608581],[-80.970987,28.611155],[-80.973062,28.611367],[-80.974745,28.608513],[-80.975925,28.607819],[-80.977964,28.609132],[-80.980602,28.609583],[-80.98103,28.611155],[-80.98333,28.609697],[-80.984218,28.612682],[-80.98503,28.612736],[-80.985345,28.611358],[-80.98725,28.612997],[-81.157812,28.612225],[-81.156772,28.61133],[-81.157252,28.609867],[-81.156747,28.608227],[-81.157826,28.607974],[-81.158032,28.606472],[-81.159672,28.606279],[-81.159978,28.605487],[-81.159286,28.605162],[-81.159717,28.603374],[-81.157841,28.599159],[-81.159507,28.59627],[-81.159307,28.594999],[-81.160567,28.593486],[-81.161421,28.593365],[-81.161709,28.591302],[-81.163187,28.589651],[-81.166815,28.590593],[-81.170138,28.587077]]]},"properties":{"geoid":"12095016604","state_fips":"12","county_fips":"12095","tract":"016604","county":"Orange","median_household_income":89331,"moe":19506,"population":4283,"school_age_population":867}},{"type":"Feature","geometry":{"type":"Polygon","coordinates":[[[-81.208986,28.590876],[-81.20778,28.586601],[-81.207621,28.583182],[-81.203123,28.583006],[-81.201123,28.58137],[-81.197938,28.581199],[-81.196969,28.580596],[-81.196264,28.578055],[-81.197158,28.577165],[-81.197642,28.573788],[-81.19566,28.573989],[-81.194156,28.573173],[-81.193336,28.57102],[-81.191208,28.568291],[-81.190993,28.565411],[-81.182347,28.565423],[-81.182294,28.572496],[-81.178388,28.580009],[-81.178408,28.590873],[-81.189129,28.59082],[-81.197912,28.586549],[-81.201345,28.588479],[-81.20158,28.590617],[-81.204715,28.590566],[-81.206306,28.593292],[-81.208315,28.593508],[-81.208986,28.590876]]]},"properties":{"geoid":"12095016513","state_fips":"12","county_fips":"12095","tract":"016513","county":"Orange","median_household_income":61369,"moe":14655,"population":4836,"school_age_population":808}},{"type":"Feature","geometry":{"type":"Polygon","coordinates":[[[-81.154194,28.565348],[-81.151918,28.562956],[-81.147481,28.559906],[-81.147302,28.555658],[-81.14519,28.552884],[-81.143888,28.552361],[-81.142386,28.552746],[-81.141078,28.551887],[-81.139687,28.552558],[-81.138386,28.551072],[-81.136791,28.550548],[-81.134366,28.550943],[-81.131881,28.548736],[-81.129378,28.54375],[-81.12541,28.541068],[-81.122552,28.540722],[-81.122064,28.536656],[-81.121315,28.535325],[-81.117402,28.534501],[-81.116598,28.535613],[-81.112348,28.534954],[-81.109632,28.535945],[-81.106043,28.534945],[-81.101706,28.536696],[-81.099534,28.535729],[-81.103981,28.547136],[-81.107781,28.547105],[-81.107788,28.55391],[-81.142605,28.564476],[-81.154194,28.565348]]]},"properties":{"geoid":"12095016605","state_fips":"12","county_fips":"12095","tract":"016605","county":"Orange","median_household_income":58399,"moe":26910,"population":1399,"school_age_population":216}},{"type":"Feature","geometry":{"type":"Polygon","coordinates":[[[-81.330922,28.493376],[-81.33087,28.480559],[-81.31022,28.480612],[-81.310116,28.498886],[-81.314365,28.498872],[-81.314461,28.495204],[-81.330853,28.495063],[-81.330922,28.493376]]]},"properties":{"geoid":"12095013607","state_fips":"12","county_fips":"12095","tract":"013607","county":"Orange","median_household_income":80778,"moe":18726,"population":5218,"school_age_population":1069}},{"type":"Feature","geometry":{"type":"Polygon","coordinates":[[[-81.499794,28.460782],[-81.499754,28.449968],[-81.477858,28.45],[-81.477509,28.45551],[-81.474919,28.458667],[-81.474893,28.462413],[-81.477277,28.462267],[-81.480876,28.460863],[-81.499794,28.460782]]]},"properties":{"geoid":"12095014813","state_fips":"12","county_fips":"12095","tract":"014813","county":"Orange","median_household_income":91167,"moe":22601,"population":4142,"school_age_population":718}},{"type":"Feature","geometry":{"type":"Polygon","coordinates":[[[-81.364456,28.553421],[-81.352034,28.553229],[-81.351764,28.567781],[-81.355013,28.567654],[-81.355173,28.565686],[-81.364453,28.565574],[-81.364456,28.553421]]]},"properties":{"geoid":"12095010802","state_fips":"12","county_fips":"12095","tract":"010802","county":"Orange","median_household_income":121719,"moe":37942,"population":3722,"school_age_population":517}},{"type":"Feature","geometry":{"type":"Polygon","coordinates":[[[-81.506093,28.654754],[-81.504674,28.647764],[-81.50508,28.647331],[-81.4976,28.629759],[-81.499404,28.617878],[-81.498812,28.61414],[-81.497735,28.616486],[-81.495865,28.617946],[-81.493344,28.621542],[-81.492431,28.62925],[-81.488563,28.63287],[-81.485791,28.633375],[-81.47896,28.631769],[-81.459093,28.634613],[-81.457962,28.640197],[-81.459728,28.640196],[-81.459689,28.644357],[-81.470871,28.655032],[-81.486709,28.666483],[-81.492846,28.669964],[-81.492855,28.654776],[-81.506093,28.654754]]]},"properties":{"geoid":"12095017504","state_fips":"12","county_fips":"12095","tract":"017504","county":"Orange","median_household_income":75140,"moe":9201,"population":9956,"school_age_population":1905}},{"type":"Feature","geometry":{"type":"Polygon","coordinates":[[[-81.438564,28.590916],[-81.437892,28.589756],[-81.428032,28.589479],[-81.427234,28.59155],[-81.425027,28.591778],[-81.42368,28.592988],[-81.423386,28.596274],[-81.415965,28.596451],[-81.419427,28.602899],[-81.422283,28.606309],[-81.432337,28.612685],[-81.434458,28.612664],[-81.435249,28.601854],[-81.434544,28.600733],[-81.436878,28.597441],[-81.436604,28.594461],[-81.438406,28.592627],[-81.438564,28.590916]]]},"properties":{"geoid":"12095012402","state_fips":"12","county_fips":"12095","tract":"012402","county":"Orange","median_household_income":47264,"moe":9293,"population":4960,"school_age_population":569}},{"type":"Feature","geometry":{"type":"Polygon","coordinates":[[[-81.406966,28.578061],[-81.406101,28.573148],[-81.395889,28.557561],[-81.395652,28.552948],[-81.387655,28.552979],[-81.387681,28.555035],[-81.38847,28.556605],[-81.388142,28.559126],[-81.389302,28.560987],[-81.389714,28.582197],[-81.391748,28.583935],[-81.396326,28.582912],[-81.401656,28.580486],[-81.401909,28.578267],[-81.406966,28.578061]]]},"properties":{"geoid":"12095012600","state_fips":"12","county_fips":"12095","tract":"012600","county":"Orange","median_household_income":118540,"moe":13485,"population":5409,"school_age_population":954}},{"type":"Feature","geometry":{"type":"Polygon","coordinates":[[[-81.299073,28.60335],[-81.298851,28.593889],[-81.294744,28.589683],[-81.294474,28.575516],[-81.290343,28.57554],[-81.290213,28.567928],[-81.286208,28.56837],[-81.287037,28.604938],[-81.286567,28.606252],[-81.284799,28.607121],[-81.284732,28.609823],[-81.288642,28.607406],[-81.299073,28.60335]]]},"properties":{"geoid":"12095016407","state_fips":"12","county_fips":"12095","tract":"016407","county":"Orange","median_household_income":56268,"moe":7224,"population":7158,"school_age_population":1079}},{"type":"Feature","geometry":{"type":"Polygon","coordinates":[[[-81.425999,28.515877],[-81.425925,28.508775],[-81.42259,28.508867],[-81.419471,28.509897],[-81.418331,28.508497],[-81.415646,28.509099],[-81.400099,28.50935],[-81.397036,28.510066],[-81.397253,28.535099],[-81.401835,28.535117],[-81.405345,28.536229],[-81.40548,28.530608],[-81.419412,28.516023],[-81.425999,28.515877]]]},"properties":{"geoid":"12095011600","state_fips":"12","county_fips":"12095","tract":"011600","county":"Orange","median_household_income":55020,"moe":11996,"population":3695,"school_age_population":459}},{"type":"Feature","geometry":{"type":"Polygon","coordinates":[[[-81.310737,28.57557],[-81.294484,28.575736],[-81.294744,28.589683],[-81.298752,28.593663],[-81.298978,28.597447],[-81.30737,28.597174],[-81.307098,28.58332],[-81.310737,28.57557]]]},"properties":{"geoid":"12095016406","state_fips":"12","county_fips":"12095","tract":"016406","county":"Orange","median_household_income":59408,"moe":16928,"population":1984,"school_age_population":214}},{"type":"Feature","geometry":{"type":"Polygon","coordinates":[[[-81.504025,28.438089],[-81.503363,28.420711],[-81.497937,28.420771],[-81.495231,28.422538],[-81.492321,28.4223],[-81.491357,28.420741],[-81.487336,28.420759],[-81.486186,28.420284],[-81.486186,28.419547],[-81.483512,28.419038],[-81.480721,28.413534],[-81.475217,28.410148],[-81.474009,28.413809],[-81.474107,28.435679],[-81.476705,28.435344],[-81.47982,28.436498],[-81.479943,28.438372],[-81.481123,28.439807],[-81.484025,28.438036],[-81.488622,28.436787],[-81.501005,28.436372],[-81.504025,28.438089]]]},"properties":{"geoid":"12095017122","state_fips":"12","county_fips":"12095","tract":"017122","county":"Orange","median_household_income":119761,"moe":21439,"population":2359,"school_age_population":325}},{"type":"Feature","geometry":{"type":"Polygon","coordinates":[[[-81.286584,28.592859],[-81.28651,28.590155],[-81.27912,28.590188],[-81.278095,28.586529],[-81.273052,28.586123],[-81.271414,28.587136],[-81.272434,28.589602],[-81.272445,28.592345],[-81.26826,28.593741],[-81.268576,28.59708],[-81.267552,28.598952],[-81.272616,28.600118],[-81.279046,28.597535],[-81.286507,28.59743],[-81.286584,28.592859]]]},"properties":{"geoid":"12095016414","state_fips":"12","county_fips":"12095","tract":"016414","county":"Orange","median_household_income":62983,"moe":13575,"population":3619,"school_age_population":740}},{"type":"Feature","geometry":{"type":"Polygon","coordinates":[[[-81.542686,28.601743],[-81.542569,28.58763],[-81.53007,28.587491],[-81.523996,28.584853],[-81.513827,28.587358],[-81.514374,28.593029],[-81.515588,28.597522],[-81.515516,28.606365],[-81.516467,28.608908],[-81.519354,28.607694],[-81.524675,28.607335],[-81.538748,28.603776],[-81.542686,28.601743]]]},"properties":{"geoid":"12095015002","state_fips":"12","county_fips":"12095","tract":"015002","county":"Orange","median_household_income":94534,"moe":15040,"population":7139,"school_age_population":1952}},{"type":"Feature","geometry":{"type":"Polygon","coordinates":[[[-81.546058,28.57386],[-81.541326,28.573975],[-81.538957,28.576207],[-81.536791,28.576538],[-81.534025,28.575968],[-81.530407,28.5737],[-81.517382,28.573786],[-81.517116,28.578313],[-81.513428,28.583386],[-81.513827,28.587358],[-81.523996,28.584853],[-81.53007,28.587491],[-81.542569,28.58763],[-81.542435,28.576808],[-81.544707,28.575585],[-81.546058,28.57386]]]},"properties":{"geoid":"12095015003","state_fips":"12","county_fips":"12095","tract":"015003","county":"Orange","median_household_income":78549,"moe":18510,"population":7283,"school_age_population":1993}},{"type":"Feature","geometry":{"type":"Polygon","coordinates":[[[-81.468416,28.699556],[-81.467829,28.696858],[-81.468169,28.673001],[-81.459658,28.673412],[-81.459512,28.709398],[-81.467569,28.709253],[-81.468416,28.699556]]]},"properties":{"geoid":"12095017808","state_fips":"12","county_fips":"12095","tract":"017808","county":"Orange","median_household_income":101371,"moe":24729,"population":3943,"school_age_population":544}},{"type":"Feature","geometry":{"type":"Polygon","coordinates":[[[-81.467754,28.577775],[-81.467651,28.552174],[-81.459409,28.552327],[-81.460097,28.578029],[-81.467754,28.577775]]]},"properties":{"geoid":"12095012202","state_fips":"12","county_fips":"12095","tract":"012202","county":"Orange","median_household_income":58015,"moe":12996,"population":7388,"school_age_population":2557}},{"type":"Feature","geometry":{"type":"Polygon","coordinates":[[[-81.328294,28.611005],[-81.327854,28.593],[-81.324421,28.592656],[-81.323959,28.593506],[-81.316067,28.593488],[-81.315952,28.595605],[-81.314668,28.596964],[-81.307153,28.597179],[-81.307363,28.606464],[-81.308826,28.610744],[-81.327888,28.610501],[-81.327911,28.611268],[-81.328294,28.611005]]]},"properties":{"geoid":"12095016301","state_fips":"12","county_fips":"12095","tract":"016301","county":"Orange","median_household_income":51679,"moe":15833,"population":6136,"school_age_population":1172}},{"type":"Feature","geometry":{"type":"Polygon","coordinates":[[[-81.275657,28.465949],[-81.264449,28.448669],[-81.257144,28.448886],[-81.247485,28.451287],[-81.230584,28.4515],[-81.231431,28.458284],[-81.237764,28.470616],[-81.239664,28.477731],[-81.24921,28.478508],[-81.255599,28.47831],[-81.27022,28.466752],[-81.272139,28.466024],[-81.275657,28.465949]]]},"properties":{"geoid":"12095016756","state_fips":"12","county_fips":"12095","tract":"016756","county":"Orange","median_household_income":150532,"moe":25009,"population":2851,"school_age_population":591}},{"type":"Feature","geometry":{"type":"Polygon","coordinates":[[[-81.558747,28.555066],[-81.557732,28.551525],[-81.504913,28.551963],[-81.504988,28.566283],[-81.502588,28.566667],[-81.501024,28.568072],[-81.499504,28.571535],[-81.499916,28.573096],[-81.499539,28.577619],[-81.505956,28.577483],[-81.507369,28.57665],[-81.509146,28.574291],[-81.513306,28.57382],[-81.513205,28.562781],[-81.543946,28.562623],[-81.544114,28.559175],[-81.558579,28.558709],[-81.558747,28.555066]]]},"properties":{"geoid":"12095014906","state_fips":"12","county_fips":"12095","tract":"014906","county":"Orange","median_household_income":67454,"moe":25799,"population":6797,"school_age_population":1530}},{"type":"Feature","geometry":{"type":"Polygon","coordinates":[[[-81.308797,28.610745],[-81.307468,28.607313],[-81.306971,28.59718],[-81.298978,28.597447],[-81.299073,28.60335],[-81.288642,28.607406],[-81.282305,28.611123],[-81.308797,28.610745]]]},"properties":{"geoid":"12095016302","state_fips":"12","county_fips":"12095","tract":"016302","county":"Orange","median_household_income":46932,"moe":13200,"population":4342,"school_age_population":891}},{"type":"Feature","geometry":{"type":"Polygon","coordinates":[[[-81.310857,28.573471],[-81.310693,28.557223],[-81.299737,28.564812],[-81.290213,28.567928],[-81.290343,28.57554],[-81.31056,28.575496],[-81.310857,28.573471]]]},"properties":{"geoid":"12095016402","state_fips":"12","county_fips":"12095","tract":"016402","county":"Orange","median_household_income":49254,"moe":15192,"population":2654,"school_age_population":596}},{"type":"Feature","geometry":{"type":"Polygon","coordinates":[[[-81.555405,28.546633],[-81.545579,28.546536],[-81.540031,28.54492],[-81.53653,28.542397],[-81.532445,28.537244],[-81.52922,28.534489],[-81.51719,28.527749],[-81.50789,28.520871],[-81.50639,28.522736],[-81.508125,28.522848],[-81.508737,28.523682],[-81.508748,28.528161],[-81.50725,28.529993],[-81.508832,28.530477],[-81.508897,28.542204],[-81.508861,28.542646],[-81.50478,28.54245],[-81.504913,28.551963],[-81.551702,28.551517],[-81.552176,28.550051],[-81.555181,28.547462],[-81.555405,28.546633]]]},"properties":{"geoid":"12095014804","state_fips":"12","county_fips":"12095","tract":"014804","county":"Orange","median_household_income":53850,"moe":2094,"population":5592,"school_age_population":1339}},{"type":"Feature","geometry":{"type":"Polygon","coordinates":[[[-81.560928,28.583816],[-81.560817,28.571872],[-81.550659,28.572012],[-81.550693,28.57362],[-81.546102,28.573761],[-81.544707,28.575585],[-81.542435,28.576808],[-81.542686,28.601743],[-81.538748,28.603776],[-81.553456,28.599601],[-81.553308,28.597626],[-81.557567,28.594325],[-81.559725,28.591346],[-81.560928,28.583816]]]},"properties":{"geoid":"12095015001","state_fips":"12","county_fips":"12095","tract":"015001","county":"Orange","median_household_income":82250,"moe":27359,"population":1781,"school_age_population":564}},{"type":"Feature","geometry":{"type":"Polygon","coordinates":[[[-81.278562,28.609235],[-81.276902,28.606895],[-81.267603,28.598969],[-81.262846,28.597466],[-81.244681,28.597474],[-81.244694,28.600902],[-81.242884,28.603883],[-81.243104,28.606801],[-81.24461,28.609541],[-81.244725,28.611547],[-81.278511,28.611199],[-81.278562,28.609235]]]},"properties":{"geoid":"12095016409","state_fips":"12","county_fips":"12095","tract":"016409","county":"Orange","median_household_income":118594,"moe":16802,"population":3007,"school_age_population":373}},{"type":"Feature","geometry":{"type":"Polygon","coordinates":[[[-81.273073,28.585908],[-81.272891,28.584901],[-81.271183,28.584769],[-81.271148,28.583288],[-81.270426,28.583219],[-81.270342,28.58157],[-81.269851,28.581473],[-81.26947,28.56845],[-81.25323,28.568408],[-81.253427,28.570415],[-81.255123,28.573372],[-81.255619,28.579925],[-81.261299,28.584899],[-81.261692,28.597384],[-81.267552,28.598952],[-81.268576,28.59708],[-81.26826,28.593741],[-81.272445,28.592345],[-81.272434,28.589602],[-81.271414,28.587136],[-81.273073,28.585908]]]},"properties":{"geoid":"12095016411","state_fips":"12","county_fips":"12095","tract":"016411","county":"Orange","median_household_income":85952,"moe":21890,"population":4557,"school_age_population":1245}},{"type":"Feature","geometry":{"type":"Polygon","coordinates":[[[-81.330877,28.513311],[-81.330823,28.506026],[-81.310138,28.505774],[-81.310213,28.514603],[-81.319439,28.514792],[-81.32192,28.516245],[-81.324131,28.516475],[-81.325439,28.51628],[-81.328023,28.513549],[-81.330877,28.513311]]]},"properties":{"geoid":"12095013604","state_fips":"12","county_fips":"12095","tract":"013604","county":"Orange","median_household_income":53931,"moe":9482,"population":6697,"school_age_population":1405}},{"type":"Feature","geometry":{"type":"Polygon","coordinates":[[[-81.476066,28.576936],[-81.475899,28.552128],[-81.467651,28.552174],[-81.467754,28.577775],[-81.476064,28.577651],[-81.476066,28.576936]]]},"properties":{"geoid":"12095012201","state_fips":"12","county_fips":"12095","tract":"012201","county":"Orange","median_household_income":50783,"moe":8716,"population":5745,"school_age_population":1537}},{"type":"Feature","geometry":{"type":"Polygon","coordinates":[[[-81.523431,28.438852],[-81.519033,28.435351],[-81.510014,28.435385],[-81.509788,28.424224],[-81.507658,28.420754],[-81.503363,28.420711],[-81.504042,28.439868],[-81.503262,28.442041],[-81.500618,28.444661],[-81.499814,28.446301],[-81.499676,28.460278],[-81.5007,28.462916],[-81.505612,28.468874],[-81.507327,28.472053],[-81.508237,28.475815],[-81.508553,28.483056],[-81.511854,28.482657],[-81.513179,28.47812],[-81.516144,28.476344],[-81.5164,28.474396],[-81.520689,28.472085],[-81.520772,28.469947],[-81.523109,28.468229],[-81.522816,28.442811],[-81.523431,28.438852]]]},"properties":{"geoid":"12095017109","state_fips":"12","county_fips":"12095","tract":"017109","county":"Orange","median_household_income":159821,"moe":36525,"population":5450,"school_age_population":993}},{"type":"Feature","geometry":{"type":"Polygon","coordinates":[[[-81.289807,28.514675],[-81.289115,28.51172],[-81.285613,28.505906],[-81.285338,28.495245],[-81.273995,28.495144],[-81.27308,28.492877],[-81.270919,28.491671],[-81.269037,28.491692],[-81.268991,28.510007],[-81.279847,28.510047],[-81.2898,28.515826],[-81.289807,28.514675]]]},"properties":{"geoid":"12095016709","state_fips":"12","county_fips":"12095","tract":"016709","county":"Orange","median_household_income":73403,"moe":3669,"population":6597,"school_age_population":1258}},{"type":"Feature","geometry":{"type":"Polygon","coordinates":[[[-81.45178,28.611311],[-81.45141,28.596342],[-81.448315,28.596353],[-81.4478,28.598205],[-81.445182,28.599228],[-81.445494,28.60222],[-81.443617,28.604243],[-81.443582,28.605923],[-81.441119,28.605952],[-81.439212,28.605093],[-81.437044,28.605758],[-81.43499,28.605557],[-81.434458,28.612664],[-81.442699,28.61279],[-81.45178,28.611311]]]},"properties":{"geoid":"12095012404","state_fips":"12","county_fips":"12095","tract":"012404","county":"Orange","median_household_income":64375,"moe":22876,"population":5753,"school_age_population":2118}},{"type":"Feature","geometry":{"type":"Polygon","coordinates":[[[-81.244462,28.549424],[-81.244211,28.539363],[-81.229881,28.539544],[-81.227694,28.540424],[-81.222236,28.544359],[-81.224746,28.550594],[-81.223738,28.554051],[-81.224045,28.568812],[-81.23228,28.56974],[-81.229186,28.56928],[-81.229472,28.557463],[-81.228623,28.55748],[-81.228607,28.555821],[-81.227982,28.555729],[-81.227903,28.550534],[-81.230857,28.549299],[-81.234625,28.549766],[-81.244462,28.549424]]]},"properties":{"geoid":"12095016724","state_fips":"12","county_fips":"12095","tract":"016724","county":"Orange","median_household_income":53911,"moe":13458,"population":5885,"school_age_population":990}},{"type":"Feature","geometry":{"type":"Polygon","coordinates":[[[-81.436752,28.489159],[-81.433179,28.483047],[-81.432222,28.479687],[-81.417465,28.479816],[-81.417417,28.48694],[-81.427749,28.486963],[-81.428915,28.488005],[-81.430101,28.491282],[-81.433182,28.493254],[-81.436752,28.489159]]]},"properties":{"geoid":"12095016908","state_fips":"12","county_fips":"12095","tract":"016908","county":"Orange","median_household_income":58036,"moe":15778,"population":2013,"school_age_population":390}},{"type":"Feature","geometry":{"type":"Polygon","coordinates":[[[-81.448314,28.596452],[-81.439823,28.595612],[-81.437798,28.593287],[-81.436604,28.594461],[-81.43676,28.597727],[-81.434544,28.600733],[-81.435245,28.601763],[-81.43499,28.605557],[-81.437044,28.605758],[-81.439212,28.605093],[-81.441119,28.605952],[-81.443582,28.605923],[-81.443617,28.604243],[-81.445494,28.60222],[-81.445182,28.599228],[-81.4478,28.598205],[-81.448314,28.596452]]]},"properties":{"geoid":"12095012405","state_fips":"12","county_fips":"12095","tract":"012405","county":"Orange","median_household_income":43411,"moe":10758,"population":5004,"school_age_population":1319}},{"type":"Feature","geometry":{"type":"Polygon","coordinates":[[[-81.186918,28.611965],[-81.186751,28.598067],[-81.178474,28.597675],[-81.178465,28.595224],[-81.180088,28.59495],[-81.18008,28.594416],[-81.178457,28.594407],[-81.178408,28.590873],[-81.172125,28.5909],[-81.170039,28.59179],[-81.170118,28.589012],[-81.169001,28.587932],[-81.166815,28.590593],[-81.164527,28.590334],[-81.164521,28.589679],[-81.163554,28.589558],[-81.161902,28.590972],[-81.161421,28.593365],[-81.160567,28.593486],[-81.159307,28.594999],[-81.159507,28.59627],[-81.157841,28.599159],[-81.159717,28.603374],[-81.159286,28.605162],[-81.159978,28.605487],[-81.159672,28.606279],[-81.158032,28.606472],[-81.157826,28.607974],[-81.156747,28.608227],[-81.157221,28.60865],[-81.157046,28.611952],[-81.186918,28.611965]]]},"properties":{"geoid":"12095016514","state_fips":"12","county_fips":"12095","tract":"016514","county":"Orange","median_household_income":105345,"moe":22600,"population":6762,"school_age_population":921}},{"type":"Feature","geometry":{"type":"Polygon","coordinates":[[[-81.208266,28.59368],[-81.206306,28.593292],[-81.204715,28.590566],[-81.20158,28.590617],[-81.201345,28.588479],[-81.199078,28.586759],[-81.197649,28.586573],[-81.189129,28.59082],[-81.178408,28.590873],[-81.178457,28.594407],[-81.18008,28.594416],[-81.180088,28.59495],[-81.178465,28.595224],[-81.178474,28.597675],[-81.186751,28.598067],[-81.186918,28.611965],[-81.207323,28.611983],[-81.207653,28.596025],[-81.208266,28.59368]]]},"properties":{"geoid":"12095016515","state_fips":"12","county_fips":"12095","tract":"016515","county":"Orange","median_household_income":null,"moe":null,"population":13134,"school_age_population":163}},{"type":"Feature","geometry":{"type":"Polygon","coordinates":[[[-81.207661,28.566901],[-81.206961,28.556047],[-81.204034,28.550746],[-81.203811,28.546788],[-81.200589,28.546607],[-81.196956,28.544005],[-81.194692,28.543694],[-81.194809,28.554318],[-81.197609,28.554407],[-81.200404,28.557001],[-81.203675,28.55773],[-81.203898,28.564783],[-81.203417,28.566446],[-81.207661,28.566901]]]},"properties":{"geoid":"12095016741","state_fips":"12","county_fips":"12095","tract":"016741","county":"Orange","median_household_income":54653,"moe":25199,"population":2674,"school_age_population":225}},{"type":"Feature","geometry":{"type":"Polygon","coordinates":[[[-81.224747,28.551049],[-81.222236,28.544359],[-81.217801,28.546588],[-81.203811,28.546788],[-81.204034,28.550746],[-81.206961,28.556047],[-81.207661,28.566901],[-81.224045,28.568812],[-81.223738,28.554051],[-81.224747,28.551049]]]},"properties":{"geoid":"12095016740","state_fips":"12","county_fips":"12095","tract":"016740","county":"Orange","median_household_income":62369,"moe":33486,"population":3563,"school_age_population":378}},{"type":"Feature","geometry":{"type":"Polygon","coordinates":[[[-81.476178,28.625214],[-81.476178,28.613729],[-81.470501,28.612391],[-81.467341,28.610792],[-81.450468,28.611373],[-81.442699,28.61279],[-81.432564,28.612786],[-81.443532,28.620429],[-81.447151,28.625554],[-81.469377,28.626036],[-81.476179,28.625725],[-81.476178,28.625214]]]},"properties":{"geoid":"12095015106","state_fips":"12","county_fips":"12095","tract":"015106","county":"Orange","median_household_income":50909,"moe":8022,"population":7373,"school_age_population":2330}},{"type":"Feature","geometry":{"type":"Polygon","coordinates":[[[-81.531436,28.347386],[-81.51028,28.347196],[-81.506617,28.348033],[-81.498931,28.348138],[-81.495043,28.349098],[-81.491647,28.351382],[-81.501401,28.362648],[-81.504632,28.377237],[-81.531436,28.347386]]]},"properties":{"geoid":"12095017024","state_fips":"12","county_fips":"12095","tract":"017024","county":"Orange","median_household_income":75474,"moe":12630,"population":2347,"school_age_population":188}},{"type":"Feature","geometry":{"type":"Polygon","coordinates":[[[-81.129645,28.560707],[-81.099676,28.551025],[-81.092216,28.546737],[-81.082846,28.539085],[-81.077199,28.536628],[-81.07256,28.536008],[-81.045835,28.536093],[-81.03502,28.535347],[-81.0249,28.536027],[-81.025072,28.549565],[-81.029097,28.551664],[-81.029489,28.556258],[-81.032391,28.563264],[-81.035058,28.566014],[-81.045314,28.572275],[-81.057736,28.578175],[-81.070684,28.590775],[-81.07538,28.598679],[-81.080927,28.598582],[-81.089394,28.596398],[-81.100335,28.595452],[-81.101863,28.594431],[-81.102769,28.591839],[-81.103698,28.591288],[-81.112438,28.591214],[-81.114207,28.590638],[-81.115136,28.591189],[-81.120874,28.591122],[-81.120288,28.588845],[-81.120513,28.586342],[-81.129645,28.560707]]]},"properties":{"geoid":"12095016603","state_fips":"12","county_fips":"12095","tract":"016603","county":"Orange","median_household_income":110375,"moe":18574,"population":8512,"school_age_population":2087}},{"type":"Feature","geometry":{"type":"Polygon","coordinates":[[[-81.34443,28.604121],[-81.34237,28.596396],[-81.342455,28.592972],[-81.340495,28.593177],[-81.340047,28.590888],[-81.338828,28.588978],[-81.334015,28.58909],[-81.33437,28.589536],[-81.333508,28.591996],[-81.330942,28.593101],[-81.327853,28.593134],[-81.328185,28.608952],[-81.341745,28.60857],[-81.343106,28.607748],[-81.342479,28.607153],[-81.343421,28.60652],[-81.34443,28.604121]]]},"properties":{"geoid":"12095016002","state_fips":"12","county_fips":"12095","tract":"016002","county":"Orange","median_household_income":194327,"moe":63713,"population":2597,"school_age_population":448}},{"type":"Feature","geometry":{"type":"Polygon","coordinates":[[[-81.504928,28.559227],[-81.504913,28.551963],[-81.475899,28.552128],[-81.475894,28.55935],[-81.477148,28.559186],[-81.477861,28.557884],[-81.479412,28.557823],[-81.481085,28.558804],[-81.485019,28.5593],[-81.504928,28.559227]]]},"properties":{"geoid":"12095014904","state_fips":"12","county_fips":"12095","tract":"014904","county":"Orange","median_household_income":55104,"moe":21224,"population":7614,"school_age_population":2292}},{"type":"Feature","geometry":{"type":"Polygon","coordinates":[[[-81.400852,28.450584],[-81.384159,28.450954],[-81.38426,28.465397],[-81.39696,28.465254],[-81.400852,28.450584]]]},"properties":{"geoid":"12095014201","state_fips":"12","county_fips":"12095","tract":"014201","county":"Orange","median_household_income":65181,"moe":29441,"population":6345,"school_age_population":1336}},{"type":"Feature","geometry":{"type":"Polygon","coordinates":[[[-81.441056,28.526886],[-81.439741,28.524997],[-81.438345,28.52499],[-81.437992,28.51856],[-81.438504,28.518557],[-81.43849,28.515853],[-81.437959,28.515856],[-81.437875,28.513123],[-81.436152,28.508647],[-81.425925,28.508775],[-81.426094,28.52697],[-81.43651,28.527867],[-81.440522,28.527836],[-81.441056,28.526886]]]},"properties":{"geoid":"12095014605","state_fips":"12","county_fips":"12095","tract":"014605","county":"Orange","median_household_income":46653,"moe":13287,"population":3945,"school_age_population":738}},{"type":"Feature","geometry":{"type":"Polygon","coordinates":[[[-81.475828,28.539103],[-81.475601,28.530235],[-81.471816,28.525937],[-81.467939,28.527846],[-81.459395,28.527986],[-81.459386,28.53206],[-81.45826,28.53803],[-81.464988,28.537924],[-81.475828,28.539103]]]},"properties":{"geoid":"12095014702","state_fips":"12","county_fips":"12095","tract":"014702","county":"Orange","median_household_income":50908,"moe":5445,"population":5345,"school_age_population":1192}},{"type":"Feature","geometry":{"type":"Polygon","coordinates":[[[-81.508567,28.485537],[-81.50804,28.474457],[-81.505612,28.468874],[-81.500803,28.463067],[-81.499794,28.460782],[-81.491487,28.460834],[-81.491599,28.47906],[-81.49275,28.482199],[-81.49174,28.485194],[-81.490871,28.493674],[-81.508547,28.493605],[-81.508567,28.485537]]]},"properties":{"geoid":"12095014810","state_fips":"12","county_fips":"12095","tract":"014810","county":"Orange","median_household_income":124107,"moe":20126,"population":6617,"school_age_population":1118}},{"type":"Feature","geometry":{"type":"Polygon","coordinates":[[[-81.573969,28.525981],[-81.566607,28.526143],[-81.559307,28.529564],[-81.541823,28.52982],[-81.542041,28.545768],[-81.546363,28.546599],[-81.557973,28.546529],[-81.557047,28.541079],[-81.557219,28.538229],[-81.557606,28.535178],[-81.559086,28.532423],[-81.562065,28.530172],[-81.573969,28.525981]]]},"properties":{"geoid":"12095017119","state_fips":"12","county_fips":"12095","tract":"017119","county":"Orange","median_household_income":121719,"moe":28823,"population":2604,"school_age_population":625}},{"type":"Feature","geometry":{"type":"Polygon","coordinates":[[[-81.244211,28.539363],[-81.243191,28.534862],[-81.240082,28.531428],[-81.240088,28.524656],[-81.212149,28.524832],[-81.211195,28.532729],[-81.209854,28.534323],[-81.207274,28.535143],[-81.207709,28.538928],[-81.204278,28.543711],[-81.203811,28.546788],[-81.218725,28.546394],[-81.227694,28.540424],[-81.229997,28.539522],[-81.244211,28.539363]]]},"properties":{"geoid":"12095016751","state_fips":"12","county_fips":"12095","tract":"016751","county":"Orange","median_household_income":124412,"moe":44698,"population":5580,"school_age_population":754}},{"type":"Feature","geometry":{"type":"Polygon","coordinates":[[[-81.465755,28.391153],[-81.461723,28.388274],[-81.45333,28.38378],[-81.439524,28.379038],[-81.4391,28.389192],[-81.434676,28.391347],[-81.433894,28.393178],[-81.437979,28.401137],[-81.436392,28.403734],[-81.43404,28.405924],[-81.433497,28.410297],[-81.440889,28.410103],[-81.456023,28.406937],[-81.456426,28.404156],[-81.457706,28.401637],[-81.455901,28.401433],[-81.465755,28.391153]]]},"properties":{"geoid":"12095017026","state_fips":"12","county_fips":"12095","tract":"017026","county":"Orange","median_household_income":99274,"moe":19954,"population":3487,"school_age_population":572}},{"type":"Feature","geometry":{"type":"Polygon","coordinates":[[[-81.31022,28.480612],[-81.310178,28.456838],[-81.309133,28.451349],[-81.296152,28.45085],[-81.281487,28.448686],[-81.264449,28.448669],[-81.279875,28.471861],[-81.28851,28.479747],[-81.291262,28.480702],[-81.31022,28.480612]]]},"properties":{"geoid":"12095013507","state_fips":"12","county_fips":"12095","tract":"013507","county":"Orange","median_household_income":57482,"moe":10869,"population":8488,"school_age_population":1446}},{"type":"Feature","geometry":{"type":"Polygon","coordinates":[[[-81.425342,28.38124],[-81.42125,28.381026],[-81.418254,28.379036],[-81.41577,28.378433],[-81.413059,28.378883],[-81.413115,28.381177],[-81.404634,28.381216],[-81.404698,28.397564],[-81.406971,28.397239],[-81.408863,28.395648],[-81.408916,28.39868],[-81.41008,28.398693],[-81.410054,28.399474],[-81.413333,28.399494],[-81.413969,28.39926],[-81.413942,28.396887],[-81.414565,28.396792],[-81.414081,28.395207],[-81.414951,28.395126],[-81.415201,28.396167],[-81.415932,28.395836],[-81.416106,28.394641],[-81.41989,28.396857],[-81.424987,28.396953],[-81.425342,28.38124]]]},"properties":{"geoid":"12095017013","state_fips":"12","county_fips":"12095","tract":"017013","county":"Orange","median_household_income":77727,"moe":37327,"population":7342,"school_age_population":1090}},{"type":"Feature","geometry":{"type":"Polygon","coordinates":[[[-81.397036,28.510066],[-81.396827,28.494456],[-81.37609,28.494684],[-81.380537,28.512864],[-81.383986,28.512963],[-81.386085,28.514664],[-81.390309,28.514652],[-81.397036,28.510066]]]},"properties":{"geoid":"12095014400","state_fips":"12","county_fips":"12095","tract":"014400","county":"Orange","median_household_income":86444,"moe":20705,"population":3124,"school_age_population":207}},{"type":"Feature","geometry":{"type":"Polygon","coordinates":[[[-81.425718,28.377738],[-81.425677,28.372633],[-81.422558,28.374122],[-81.418557,28.366521],[-81.414679,28.367682],[-81.407008,28.36778],[-81.407756,28.372766],[-81.406594,28.373193],[-81.404637,28.372494],[-81.404634,28.381216],[-81.413115,28.381177],[-81.413059,28.378883],[-81.41577,28.378433],[-81.418254,28.379036],[-81.42125,28.381026],[-81.425342,28.38124],[-81.425718,28.377738]]]},"properties":{"geoid":"12095017012","state_fips":"12","county_fips":"12095","tract":"017012","county":"Orange","median_household_income":118359,"moe":15158,"population":2913,"school_age_population":495}},{"type":"Feature","geometry":{"type":"Polygon","coordinates":[[[-81.509952,28.347319],[-81.419781,28.347923],[-81.419532,28.354889],[-81.420188,28.357512],[-81.425362,28.367395],[-81.425677,28.372633],[-81.438342,28.361642],[-81.444633,28.358679],[-81.467059,28.353814],[-81.470256,28.35414],[-81.478283,28.356945],[-81.481988,28.356909],[-81.48664,28.355245],[-81.495585,28.348867],[-81.509952,28.347319]]]},"properties":{"geoid":"12095017015","state_fips":"12","county_fips":"12095","tract":"017015","county":"Orange","median_household_income":122640,"moe":11917,"population":6995,"school_age_population":1412}},{"type":"Feature","geometry":{"type":"Polygon","coordinates":[[[-81.302139,28.524261],[-81.302104,28.520543],[-81.294288,28.517636],[-81.293904,28.528514],[-81.29808,28.52857],[-81.297871,28.52453],[-81.302139,28.524261]]]},"properties":{"geoid":"12095013405","state_fips":"12","county_fips":"12095","tract":"013405","county":"Orange","median_household_income":43371,"moe":6064,"population":2637,"school_age_population":517}},{"type":"Feature","geometry":{"type":"Polygon","coordinates":[[[-81.310693,28.557223],[-81.310456,28.539383],[-81.294264,28.539492],[-81.298706,28.553262],[-81.302099,28.560382],[-81.303579,28.560298],[-81.304233,28.562045],[-81.310693,28.557223]]]},"properties":{"geoid":"12095013201","state_fips":"12","county_fips":"12095","tract":"013201","county":"Orange","median_household_income":73947,"moe":13420,"population":4914,"school_age_population":856}},{"type":"Feature","geometry":{"type":"Polygon","coordinates":[[[-81.432222,28.479687],[-81.42996,28.472225],[-81.417352,28.47235],[-81.417465,28.479816],[-81.432222,28.479687]]]},"properties":{"geoid":"12095016909","state_fips":"12","county_fips":"12095","tract":"016909","county":"Orange","median_household_income":74048,"moe":20992,"population":5385,"school_age_population":1310}},{"type":"Feature","geometry":{"type":"Polygon","coordinates":[[[-81.17818,28.565408],[-81.178124,28.54751],[-81.17069,28.545533],[-81.167295,28.548395],[-81.164273,28.547771],[-81.163313,28.548118],[-81.165409,28.55093],[-81.164956,28.554408],[-81.166141,28.558904],[-81.165684,28.565447],[-81.17818,28.565408]]]},"properties":{"geoid":"12095016744","state_fips":"12","county_fips":"12095","tract":"016744","county":"Orange","median_household_income":75640,"moe":19421,"population":5285,"school_age_population":886}},{"type":"Feature","geometry":{"type":"Polygon","coordinates":[[[-81.240088,28.524656],[-81.237953,28.513785],[-81.23906,28.510142],[-81.215183,28.510306],[-81.212366,28.511396],[-81.210573,28.513766],[-81.210363,28.515647],[-81.212149,28.524832],[-81.240088,28.524656]]]},"properties":{"geoid":"12095016752","state_fips":"12","county_fips":"12095","tract":"016752","county":"Orange","median_household_income":105000,"moe":42779,"population":3429,"school_age_population":625}},{"type":"Feature","geometry":{"type":"Polygon","coordinates":[[[-81.170746,28.545532],[-81.170764,28.54338],[-81.169727,28.54338],[-81.169669,28.536044],[-81.165502,28.536044],[-81.165513,28.539687],[-81.161345,28.539695],[-81.161305,28.525052],[-81.150158,28.525083],[-81.149808,28.528044],[-81.150546,28.537796],[-81.152514,28.541505],[-81.157579,28.544036],[-81.163149,28.548287],[-81.164273,28.547771],[-81.167486,28.548327],[-81.170746,28.545532]]]},"properties":{"geoid":"12095016748","state_fips":"12","county_fips":"12095","tract":"016748","county":"Orange","median_household_income":119441,"moe":35093,"population":7530,"school_age_population":1772}},{"type":"Feature","geometry":{"type":"Polygon","coordinates":[[[-81.506384,28.388075],[-81.504632,28.377237],[-81.4756,28.409591],[-81.475217,28.410148],[-81.480721,28.413534],[-81.483512,28.419038],[-81.486186,28.419547],[-81.486186,28.420284],[-81.487336,28.420759],[-81.491357,28.420741],[-81.491821,28.42192],[-81.49309,28.422527],[-81.495444,28.422498],[-81.498061,28.420746],[-81.503363,28.420711],[-81.503174,28.400059],[-81.505829,28.394191],[-81.506384,28.388075]]]},"properties":{"geoid":"12095017123","state_fips":"12","county_fips":"12095","tract":"017123","county":"Orange","median_household_income":155057,"moe":58610,"population":5348,"school_age_population":1234}},{"type":"Feature","geometry":{"type":"Polygon","coordinates":[[[-81.338956,28.465245],[-81.338844,28.450635],[-81.330546,28.451248],[-81.309133,28.451349],[-81.310178,28.456838],[-81.31022,28.480612],[-81.33069,28.480564],[-81.330791,28.465902],[-81.338309,28.465859],[-81.338956,28.465245]]]},"properties":{"geoid":"12095013606","state_fips":"12","county_fips":"12095","tract":"013606","county":"Orange","median_household_income":72712,"moe":18530,"population":4197,"school_age_population":709}},{"type":"Feature","geometry":{"type":"Polygon","coordinates":[[[-81.432388,28.612798],[-81.422283,28.606309],[-81.419427,28.602899],[-81.416975,28.59795],[-81.409879,28.601217],[-81.406125,28.604649],[-81.403882,28.605725],[-81.395158,28.605957],[-81.392236,28.608136],[-81.390813,28.60845],[-81.389355,28.608129],[-81.386553,28.606041],[-81.386717,28.618348],[-81.414853,28.618403],[-81.415099,28.610173],[-81.41925,28.613223],[-81.425244,28.615088],[-81.432388,28.612798]]]},"properties":{"geoid":"12095015202","state_fips":"12","county_fips":"12095","tract":"015202","county":"Orange","median_household_income":40885,"moe":10668,"population":6705,"school_age_population":1564}},{"type":"Feature","geometry":{"type":"Polygon","coordinates":[[[-81.389162,28.365823],[-81.388035,28.36035],[-81.382969,28.347886],[-81.362831,28.347932],[-81.361321,28.353515],[-81.362063,28.355004],[-81.365039,28.357687],[-81.364994,28.361474],[-81.372645,28.361632],[-81.383864,28.365577],[-81.389162,28.365823]]]},"properties":{"geoid":"12095016814","state_fips":"12","county_fips":"12095","tract":"016814","county":"Orange","median_household_income":60714,"moe":24196,"population":5606,"school_age_population":1464}},{"type":"Feature","geometry":{"type":"Polygon","coordinates":[[[-81.25153,28.539306],[-81.250847,28.518225],[-81.249761,28.513783],[-81.248056,28.510085],[-81.23906,28.510142],[-81.237953,28.513785],[-81.239984,28.522537],[-81.240172,28.531675],[-81.243191,28.534862],[-81.244211,28.539363],[-81.25153,28.539306]]]},"properties":{"geoid":"12095016717","state_fips":"12","county_fips":"12095","tract":"016717","county":"Orange","median_household_income":109886,"moe":24427,"population":3791,"school_age_population":833}},{"type":"Feature","geometry":{"type":"Polygon","coordinates":[[[-81.304049,28.487913],[-81.297695,28.487952],[-81.297709,28.480676],[-81.290111,28.480507],[-81.285387,28.477006],[-81.285334,28.498982],[-81.304038,28.49895],[-81.304049,28.487913]]]},"properties":{"geoid":"12095013511","state_fips":"12","county_fips":"12095","tract":"013511","county":"Orange","median_household_income":48336,"moe":5250,"population":6204,"school_age_population":921}},{"type":"Feature","geometry":{"type":"Polygon","coordinates":[[[-81.658609,28.742813],[-81.658466,28.676798],[-81.639085,28.671956],[-81.623805,28.670953],[-81.61695,28.673586],[-81.606239,28.671329],[-81.599813,28.666943],[-81.59967,28.653156],[-81.592958,28.647516],[-81.577964,28.643129],[-81.570252,28.638617],[-81.556685,28.632601],[-81.558256,28.622574],[-81.565539,28.618814],[-81.571965,28.606835],[-81.563719,28.606689],[-81.560132,28.60988],[-81.559749,28.611956],[-81.558352,28.614294],[-81.554792,28.61651],[-81.551188,28.616816],[-81.551852,28.617605],[-81.549717,28.62035],[-81.549524,28.624196],[-81.550083,28.624997],[-81.549547,28.627555],[-81.550234,28.630552],[-81.549293,28.631865],[-81.550135,28.633337],[-81.550012,28.637098],[-81.552744,28.640513],[-81.554235,28.645354],[-81.553499,28.64706],[-81.550159,28.647355],[-81.54912,28.64844],[-81.549016,28.653022],[-81.550714,28.656681],[-81.550359,28.671841],[-81.547478,28.674544],[-81.548,28.67792],[-81.546492,28.679887],[-81.545959,28.682158],[-81.546584,28.685755],[-81.548809,28.687102],[-81.551664,28.687519],[-81.55753,28.691042],[-81.558524,28.692314],[-81.55873,28.694331],[-81.561469,28.695808],[-81.573771,28.699794],[-81.576341,28.701158],[-81.584529,28.712478],[-81.608757,28.733404],[-81.614498,28.737663],[-81.617139,28.745448],[-81.623287,28.753104],[-81.624267,28.755616],[-81.62464,28.785932],[-81.646513,28.785872],[-81.647659,28.78461],[-81.645913,28.781563],[-81.644741,28.775984],[-81.645169,28.772685],[-81.646506,28.769868],[-81.648957,28.766946],[-81.651194,28.765935],[-81.653717,28.766303],[-81.653963,28.767543],[-81.656388,28.769831],[-81.658597,28.766442],[-81.658609,28.742813]]]},"properties":{"geoid":"12095017901","state_fips":"12","county_fips":"12095","tract":"017901","county":"Orange","median_household_income":108297,"moe":4619,"population":5387,"school_age_population":1210}},{"type":"Feature","geometry":{"type":"Polygon","coordinates":[[[-81.55873,28.571851],[-81.558579,28.558709],[-81.544114,28.559175],[-81.543946,28.562623],[-81.513205,28.562781],[-81.513306,28.57382],[-81.530407,28.5737],[-81.534025,28.575968],[-81.537054,28.576527],[-81.538957,28.576207],[-81.541326,28.573975],[-81.550693,28.57362],[-81.550659,28.572012],[-81.55873,28.571851]]]},"properties":{"geoid":"12095018100","state_fips":"12","county_fips":"12095","tract":"018100","county":"Orange","median_household_income":67125,"moe":17805,"population":2859,"school_age_population":642}},{"type":"Feature","geometry":{"type":"Polygon","coordinates":[[[-81.36445,28.553153],[-81.364392,28.545791],[-81.343707,28.546015],[-81.343583,28.538195],[-81.330031,28.538213],[-81.321892,28.539422],[-81.310456,28.539383],[-81.310693,28.557223],[-81.316072,28.554842],[-81.322683,28.553445],[-81.36445,28.553153]]]},"properties":{"geoid":"12095018400","state_fips":"12","county_fips":"12095","tract":"018400","county":"Orange","median_household_income":69978,"moe":19059,"population":2236,"school_age_population":469}},{"type":"Feature","geometry":{"type":"Polygon","coordinates":[[[-81.397124,28.531117],[-81.397036,28.510066],[-81.390309,28.514652],[-81.38583,28.514607],[-81.383734,28.512893],[-81.376315,28.512912],[-81.376526,28.531153],[-81.397124,28.531117]]]},"properties":{"geoid":"12095018500","state_fips":"12","county_fips":"12095","tract":"018500","county":"Orange","median_household_income":58981,"moe":17366,"population":2963,"school_age_population":541}},{"type":"Feature","geometry":{"type":"Polygon","coordinates":[[[-81.382403,28.55335],[-81.36445,28.553153],[-81.364455,28.570137],[-81.369137,28.571858],[-81.371738,28.571409],[-81.371002,28.579491],[-81.370071,28.581188],[-81.368512,28.582321],[-81.369626,28.581874],[-81.370084,28.582322],[-81.375017,28.582248],[-81.375776,28.566648],[-81.380595,28.559194],[-81.382403,28.55335]]]},"properties":{"geoid":"12095018800","state_fips":"12","county_fips":"12095","tract":"018800","county":"Orange","median_household_income":82265,"moe":15662,"population":5360,"school_age_population":381}},{"type":"Feature","geometry":{"type":"Polygon","coordinates":[[[-81.657595,28.492454],[-81.657399,28.434142],[-81.650924,28.434323],[-81.645813,28.437941],[-81.636976,28.43796],[-81.636133,28.443384],[-81.636798,28.459856],[-81.626889,28.459877],[-81.624447,28.460448],[-81.623679,28.452638],[-81.613135,28.452763],[-81.611617,28.45197],[-81.611574,28.449139],[-81.601424,28.449108],[-81.598522,28.447942],[-81.596329,28.449512],[-81.596258,28.457665],[-81.595293,28.46125],[-81.592539,28.463915],[-81.589565,28.465319],[-81.594988,28.471303],[-81.598051,28.476357],[-81.601009,28.479631],[-81.605952,28.482404],[-81.60761,28.481527],[-81.611613,28.481415],[-81.611845,28.507374],[-81.620098,28.507326],[-81.620218,28.517981],[-81.633851,28.517158],[-81.644157,28.514425],[-81.657398,28.514239],[-81.657595,28.492454]]]},"properties":{"geoid":"12095017113","state_fips":"12","county_fips":"12095","tract":"017113","county":"Orange","median_household_income":125559,"moe":16587,"population":16277,"school_age_population":5097}},{"type":"Feature","geometry":{"type":"Polygon","coordinates":[[[-81.5396,28.640102],[-81.502096,28.640271],[-81.50508,28.647331],[-81.504674,28.647764],[-81.506093,28.654754],[-81.513449,28.654714],[-81.513442,28.658355],[-81.517555,28.658335],[-81.517757,28.666944],[-81.520039,28.666093],[-81.525248,28.661461],[-81.52849,28.660817],[-81.533205,28.658131],[-81.535017,28.652314],[-81.53793,28.649634],[-81.537858,28.646516],[-81.5396,28.640102]]]},"properties":{"geoid":"12095017505","state_fips":"12","county_fips":"12095","tract":"017505","county":"Orange","median_household_income":105625,"moe":17242,"population":4722,"school_age_population":1246}},{"type":"Feature","geometry":{"type":"Polygon","coordinates":[[[-81.56342,28.606961],[-81.563719,28.606689],[-81.563132,28.606679],[-81.561076,28.604029],[-81.555206,28.601086],[-81.553479,28.600899],[-81.553456,28.599601],[-81.524675,28.607335],[-81.518688,28.607863],[-81.513402,28.610489],[-81.508167,28.612176],[-81.498358,28.612483],[-81.499422,28.617581],[-81.4976,28.629759],[-81.502096,28.640271],[-81.5396,28.640102],[-81.537858,28.646516],[-81.53793,28.649634],[-81.535017,28.652314],[-81.533638,28.657429],[-81.532192,28.658879],[-81.534135,28.659799],[-81.535897,28.661993],[-81.550697,28.661928],[-81.550662,28.656272],[-81.548981,28.652797],[-81.549149,28.648298],[-81.550159,28.647355],[-81.553499,28.64706],[-81.554235,28.645354],[-81.552744,28.640513],[-81.550012,28.637098],[-81.550135,28.633337],[-81.549293,28.631865],[-81.550234,28.630552],[-81.549547,28.627555],[-81.550083,28.624997],[-81.549524,28.624196],[-81.549717,28.62035],[-81.551852,28.617605],[-81.551188,28.616816],[-81.554792,28.61651],[-81.558352,28.614294],[-81.559749,28.611956],[-81.560132,28.60988],[-81.56342,28.606961]]]},"properties":{"geoid":"12095017506","state_fips":"12","county_fips":"12095","tract":"017506","county":"Orange","median_household_income":100819,"moe":28920,"population":12255,"school_age_population":3516}},{"type":"Feature","geometry":{"type":"Polygon","coordinates":[[[-81.166141,28.559141],[-81.164956,28.554408],[-81.165106,28.550023],[-81.15702,28.543756],[-81.154227,28.542726],[-81.153067,28.544536],[-81.153181,28.547094],[-81.144071,28.54718],[-81.1439,28.543711],[-81.141842,28.543558],[-81.141568,28.54169],[-81.12628,28.541667],[-81.129615,28.543959],[-81.130081,28.545934],[-81.131881,28.548736],[-81.134366,28.550943],[-81.136791,28.550548],[-81.138386,28.551072],[-81.139687,28.552558],[-81.141078,28.551887],[-81.142386,28.552746],[-81.143888,28.552361],[-81.14519,28.552884],[-81.147302,28.555658],[-81.147481,28.559906],[-81.151918,28.562956],[-81.154194,28.565348],[-81.165684,28.565447],[-81.165495,28.562511],[-81.166141,28.559141]]]},"properties":{"geoid":"12095016745","state_fips":"12","county_fips":"12095","tract":"016745","county":"Orange","median_household_income":91784,"moe":34228,"population":4609,"school_age_population":783}},{"type":"Feature","geometry":{"type":"Polygon","coordinates":[[[-81.433182,28.493254],[-81.430101,28.491282],[-81.428826,28.487847],[-81.427474,28.486868],[-81.409194,28.486951],[-81.409266,28.494317],[-81.417217,28.49425],[-81.417477,28.50703],[-81.418331,28.508497],[-81.422088,28.505888],[-81.433182,28.493254]]]},"properties":{"geoid":"12095014504","state_fips":"12","county_fips":"12095","tract":"014504","county":"Orange","median_household_income":59000,"moe":14821,"population":5583,"school_age_population":977}},{"type":"Feature","geometry":{"type":"Polygon","coordinates":[[[-81.212254,28.525889],[-81.210343,28.515348],[-81.211056,28.512783],[-81.210807,28.502714],[-81.192882,28.50256],[-81.19253,28.501326],[-81.193841,28.499064],[-81.19538,28.498747],[-81.194688,28.495568],[-81.187118,28.495525],[-81.187056,28.490132],[-81.188362,28.488434],[-81.186341,28.485833],[-81.186201,28.466424],[-81.166358,28.466228],[-81.164045,28.46729],[-81.1656,28.470118],[-81.164779,28.47236],[-81.16185,28.469392],[-81.16098,28.467334],[-81.160945,28.45179],[-81.108313,28.451549],[-81.108195,28.453206],[-81.109148,28.454664],[-81.109392,28.457679],[-81.113279,28.461563],[-81.114774,28.461738],[-81.116107,28.463438],[-81.113807,28.471187],[-81.114125,28.471715],[-81.113191,28.472161],[-81.114014,28.473817],[-81.113373,28.475837],[-81.11495,28.478417],[-81.117411,28.480606],[-81.119735,28.481612],[-81.120203,28.484033],[-81.124322,28.487327],[-81.124516,28.489798],[-81.126561,28.491097],[-81.128988,28.495088],[-81.13189,28.496976],[-81.133016,28.498936],[-81.134604,28.499476],[-81.134421,28.502944],[-81.158739,28.502765],[-81.169266,28.510586],[-81.181358,28.510918],[-81.183482,28.51147],[-81.185835,28.513503],[-81.189528,28.521858],[-81.190826,28.523381],[-81.193839,28.524542],[-81.200974,28.524836],[-81.204179,28.526603],[-81.207274,28.535143],[-81.209654,28.534433],[-81.21101,28.53313],[-81.212254,28.525889]]]},"properties":{"geoid":"12095016731","state_fips":"12","county_fips":"12095","tract":"016731","county":"Orange","median_household_income":90625,"moe":16795,"population":7530,"school_age_population":1337}},{"type":"Feature","geometry":{"type":"Polygon","coordinates":[[[-81.657495,28.522399],[-81.657398,28.514239],[-81.644157,28.514425],[-81.633851,28.517158],[-81.620218,28.517981],[-81.620089,28.525144],[-81.612488,28.525524],[-81.611904,28.527382],[-81.608258,28.530797],[-81.607954,28.538287],[-81.60629,28.538186],[-81.60434,28.536595],[-81.603868,28.529135],[-81.590153,28.529281],[-81.587705,28.53277],[-81.587708,28.54509],[-81.613643,28.54517],[-81.625461,28.547978],[-81.63666,28.548427],[-81.650855,28.552536],[-81.65739,28.553122],[-81.657495,28.522399]]]},"properties":{"geoid":"12095017116","state_fips":"12","county_fips":"12095","tract":"017116","county":"Orange","median_household_income":181971,"moe":19283,"population":8338,"school_age_population":2725}},{"type":"Feature","geometry":{"type":"Polygon","coordinates":[[[-81.224388,28.592213],[-81.224045,28.568812],[-81.207661,28.566901],[-81.207621,28.583182],[-81.216813,28.583127],[-81.217746,28.586763],[-81.220454,28.588559],[-81.222518,28.591589],[-81.224388,28.592213]]]},"properties":{"geoid":"12095016511","state_fips":"12","county_fips":"12095","tract":"016511","county":"Orange","median_household_income":86343,"moe":31257,"population":5038,"school_age_population":252}},{"type":"Feature","geometry":{"type":"Polygon","coordinates":[[[-81.36737,28.370335],[-81.367023,28.368624],[-81.358649,28.369345],[-81.324164,28.367009],[-81.317653,28.367489],[-81.309593,28.36915],[-81.30945,28.381848],[-81.311004,28.383913],[-81.327756,28.395343],[-81.331607,28.396779],[-81.333784,28.39667],[-81.334534,28.395948],[-81.334548,28.393166],[-81.348997,28.392861],[-81.348988,28.391111],[-81.351829,28.387003],[-81.354617,28.385147],[-81.355552,28.386113],[-81.359207,28.387195],[-81.359061,28.377822],[-81.360038,28.377785],[-81.36253,28.374886],[-81.364256,28.374163],[-81.365161,28.374992],[-81.36737,28.370335]]]},"properties":{"geoid":"12095016810","state_fips":"12","county_fips":"12095","tract":"016810","county":"Orange","median_household_income":94510,"moe":15671,"population":8765,"school_age_population":1975}},{"type":"Feature","geometry":{"type":"Polygon","coordinates":[[[-81.192281,28.524821],[-81.192492,28.524315],[-81.189528,28.521858],[-81.185293,28.512783],[-81.182921,28.511247],[-81.179985,28.510911],[-81.179518,28.512671],[-81.180422,28.514159],[-81.177103,28.513955],[-81.174785,28.514943],[-81.175405,28.517383],[-81.176286,28.518109],[-81.176858,28.521232],[-81.175017,28.521064],[-81.17103,28.523036],[-81.169107,28.522745],[-81.167927,28.521825],[-81.166683,28.524636],[-81.163041,28.52469],[-81.162735,28.523986],[-81.161305,28.525052],[-81.161345,28.539695],[-81.165513,28.539687],[-81.165502,28.536044],[-81.172345,28.536063],[-81.172956,28.535117],[-81.172521,28.533097],[-81.172969,28.532582],[-81.174871,28.532911],[-81.178361,28.532023],[-81.185361,28.533571],[-81.188464,28.533189],[-81.190978,28.530851],[-81.192281,28.524821]]]},"properties":{"geoid":"12095016747","state_fips":"12","county_fips":"12095","tract":"016747","county":"Orange","median_household_income":141134,"moe":5790,"population":5746,"school_age_population":1636}},{"type":"Feature","geometry":{"type":"Polygon","coordinates":[[[-81.583575,28.55836],[-81.583469,28.54511],[-81.569274,28.545291],[-81.561179,28.546441],[-81.555437,28.546548],[-81.555181,28.547462],[-81.55187,28.550619],[-81.551702,28.551517],[-81.557732,28.551525],[-81.558721,28.554449],[-81.558695,28.57195],[-81.563027,28.571752],[-81.575367,28.567316],[-81.583577,28.565979],[-81.583575,28.55836]]]},"properties":{"geoid":"12095017402","state_fips":"12","county_fips":"12095","tract":"017402","county":"Orange","median_household_income":51774,"moe":6677,"population":6245,"school_age_population":1397}},{"type":"Feature","geometry":{"type":"Polygon","coordinates":[[[-81.587085,28.506765],[-81.586973,28.494844],[-81.585559,28.492268],[-81.583558,28.493046],[-81.574601,28.493123],[-81.574642,28.503214],[-81.573799,28.504014],[-81.570568,28.504305],[-81.570525,28.513511],[-81.569561,28.514772],[-81.565095,28.515013],[-81.560982,28.516609],[-81.557391,28.516433],[-81.55688,28.512556],[-81.556131,28.511762],[-81.542846,28.511537],[-81.541521,28.517964],[-81.541823,28.52982],[-81.559307,28.529564],[-81.566607,28.526143],[-81.573969,28.525981],[-81.586015,28.517797],[-81.583916,28.511267],[-81.587085,28.506765]]]},"properties":{"geoid":"12095017120","state_fips":"12","county_fips":"12095","tract":"017120","county":"Orange","median_household_income":176580,"moe":27792,"population":6352,"school_age_population":1508}},{"type":"Feature","geometry":{"type":"Polygon","coordinates":[[[-81.424996,28.399051],[-81.424987,28.396953],[-81.41989,28.396857],[-81.416106,28.394641],[-81.415932,28.395836],[-81.415201,28.396167],[-81.414951,28.395126],[-81.414066,28.395238],[-81.414565,28.396792],[-81.413942,28.396887],[-81.413969,28.39926],[-81.410054,28.399474],[-81.41008,28.398693],[-81.408916,28.39868],[-81.408863,28.395648],[-81.406971,28.397239],[-81.404698,28.397564],[-81.404759,28.407421],[-81.412431,28.408968],[-81.412509,28.407992],[-81.414078,28.407695],[-81.414035,28.40636],[-81.413202,28.406363],[-81.413212,28.405806],[-81.415063,28.405921],[-81.415919,28.405211],[-81.415959,28.403207],[-81.419474,28.403188],[-81.422062,28.401559],[-81.425004,28.401568],[-81.424996,28.399051]]]},"properties":{"geoid":"12095017019","state_fips":"12","county_fips":"12095","tract":"017019","county":"Orange","median_household_income":52367,"moe":23992,"population":5034,"school_age_population":634}},{"type":"Feature","geometry":{"type":"Polygon","coordinates":[[[-81.582995,28.490231],[-81.582779,28.478514],[-81.575804,28.478472],[-81.572625,28.477126],[-81.561758,28.469041],[-81.561153,28.467617],[-81.561344,28.464267],[-81.541154,28.464517],[-81.541231,28.47199],[-81.544264,28.476633],[-81.544157,28.477725],[-81.543308,28.478482],[-81.543731,28.478991],[-81.541463,28.48134],[-81.541955,28.482942],[-81.541419,28.484174],[-81.537496,28.484916],[-81.535883,28.483425],[-81.534854,28.48699],[-81.534326,28.484866],[-81.533609,28.484718],[-81.533391,28.485499],[-81.534251,28.486077],[-81.533483,28.48777],[-81.53503,28.490977],[-81.5365,28.491796],[-81.538568,28.491652],[-81.538243,28.493771],[-81.540369,28.49608],[-81.541098,28.495865],[-81.540837,28.496729],[-81.541274,28.496967],[-81.541261,28.496229],[-81.541724,28.496705],[-81.543021,28.496491],[-81.543625,28.495568],[-81.549302,28.498944],[-81.548063,28.499736],[-81.544838,28.497942],[-81.541968,28.498751],[-81.542694,28.498958],[-81.542927,28.500757],[-81.543068,28.503446],[-81.5425,28.503562],[-81.541701,28.502413],[-81.542146,28.50117],[-81.541545,28.50141],[-81.538613,28.500089],[-81.539129,28.501051],[-81.537983,28.501491],[-81.538717,28.502927],[-81.53794,28.503507],[-81.54257,28.507593],[-81.543133,28.509287],[-81.542846,28.511537],[-81.556131,28.511762],[-81.55688,28.512556],[-81.557391,28.516433],[-81.560982,28.516609],[-81.564897,28.515056],[-81.569992,28.514416],[-81.570525,28.513511],[-81.570568,28.504305],[-81.573799,28.504014],[-81.574642,28.503214],[-81.574601,28.493123],[-81.582959,28.493049],[-81.582995,28.490231]]]},"properties":{"geoid":"12095017115","state_fips":"12","county_fips":"12095","tract":"017115","county":"Orange","median_household_income":179063,"moe":51122,"population":3505,"school_age_population":866}},{"type":"Feature","geometry":{"type":"Polygon","coordinates":[[[-81.276443,28.539167],[-81.275396,28.537536],[-81.275307,28.524739],[-81.269076,28.52464],[-81.268991,28.510007],[-81.248056,28.510085],[-81.25078,28.517563],[-81.25153,28.539306],[-81.276443,28.539167]]]},"properties":{"geoid":"12095016716","state_fips":"12","county_fips":"12095","tract":"016716","county":"Orange","median_household_income":101332,"moe":11846,"population":5759,"school_age_population":1101}},{"type":"Feature","geometry":{"type":"Polygon","coordinates":[[[-81.285887,28.540486],[-81.285866,28.539151],[-81.25153,28.539306],[-81.253538,28.542906],[-81.267149,28.55576],[-81.268444,28.558469],[-81.270185,28.552491],[-81.273306,28.547738],[-81.27747,28.545158],[-81.277897,28.544327],[-81.285887,28.540486]]]},"properties":{"geoid":"12095016714","state_fips":"12","county_fips":"12095","tract":"016714","county":"Orange","median_household_income":84022,"moe":18458,"population":3339,"school_age_population":932}},{"type":"Feature","geometry":{"type":"Polygon","coordinates":[[[-81.356951,28.604142],[-81.352531,28.600647],[-81.351662,28.59849],[-81.352194,28.595439],[-81.356761,28.592188],[-81.352591,28.592262],[-81.350038,28.58961],[-81.347987,28.589169],[-81.34571,28.58986],[-81.342455,28.592972],[-81.34237,28.596396],[-81.34443,28.604081],[-81.356951,28.604142]]]},"properties":{"geoid":"12095016001","state_fips":"12","county_fips":"12095","tract":"016001","county":"Orange","median_household_income":82083,"moe":32941,"population":2536,"school_age_population":48}},{"type":"Feature","geometry":{"type":"Polygon","coordinates":[[[-81.304233,28.562045],[-81.303579,28.560298],[-81.302099,28.560382],[-81.298706,28.553262],[-81.294678,28.539975],[-81.294264,28.539492],[-81.291081,28.53954],[-81.285887,28.540486],[-81.286208,28.56837],[-81.294961,28.566787],[-81.299737,28.564812],[-81.304233,28.562045]]]},"properties":{"geoid":"12095013202","state_fips":"12","county_fips":"12095","tract":"013202","county":"Orange","median_household_income":59386,"moe":3421,"population":6840,"school_age_population":1530}},{"type":"Feature","geometry":{"type":"Polygon","coordinates":[[[-81.504064,28.439579],[-81.504025,28.438089],[-81.500794,28.436365],[-81.488622,28.436787],[-81.484025,28.438036],[-81.481123,28.439807],[-81.479943,28.438372],[-81.47982,28.436498],[-81.476705,28.435344],[-81.474107,28.435679],[-81.474211,28.450063],[-81.499754,28.449968],[-81.500033,28.445599],[-81.503262,28.442041],[-81.504064,28.439579]]]},"properties":{"geoid":"12095017121","state_fips":"12","county_fips":"12095","tract":"017121","county":"Orange","median_household_income":94732,"moe":47136,"population":2805,"school_age_population":311}},{"type":"Feature","geometry":{"type":"Polygon","coordinates":[[[-81.26915,28.491692],[-81.268873,28.484057],[-81.263956,28.478058],[-81.264777,28.474404],[-81.266622,28.47339],[-81.265733,28.473442],[-81.264542,28.470939],[-81.255354,28.478382],[-81.239664,28.477731],[-81.243153,28.491638],[-81.26915,28.491692]]]},"properties":{"geoid":"12095016755","state_fips":"12","county_fips":"12095","tract":"016755","county":"Orange","median_household_income":99327,"moe":26074,"population":6720,"school_age_population":1661}},{"type":"Feature","geometry":{"type":"Polygon","coordinates":[[[-81.180422,28.514159],[-81.179518,28.512671],[-81.179985,28.510911],[-81.169266,28.510586],[-81.160186,28.504198],[-81.156809,28.508206],[-81.155952,28.512839],[-81.150454,28.522713],[-81.150158,28.525083],[-81.161889,28.52505],[-81.162009,28.52422],[-81.162735,28.523986],[-81.163041,28.52469],[-81.166571,28.524682],[-81.167927,28.521825],[-81.169107,28.522745],[-81.17103,28.523036],[-81.175017,28.521064],[-81.176858,28.521232],[-81.176286,28.518109],[-81.175405,28.517383],[-81.174821,28.514839],[-81.177135,28.513951],[-81.180422,28.514159]]]},"properties":{"geoid":"12095016749","state_fips":"12","county_fips":"12095","tract":"016749","county":"Orange","median_household_income":124517,"moe":16929,"population":6299,"school_age_population":1609}},{"type":"Feature","geometry":{"type":"Polygon","coordinates":[[[-81.557551,28.7129],[-81.557333,28.70928],[-81.550713,28.709414],[-81.550476,28.705759],[-81.546399,28.705757],[-81.546375,28.699034],[-81.544664,28.700038],[-81.540234,28.700191],[-81.540242,28.694442],[-81.539639,28.69284],[-81.540371,28.690361],[-81.527769,28.684792],[-81.520678,28.679979],[-81.520469,28.691226],[-81.521711,28.691308],[-81.524091,28.692957],[-81.525875,28.693167],[-81.525417,28.707108],[-81.526089,28.708678],[-81.525502,28.713601],[-81.557551,28.7129]]]},"properties":{"geoid":"12095017812","state_fips":"12","county_fips":"12095","tract":"017812","county":"Orange","median_household_income":106974,"moe":13622,"population":7675,"school_age_population":1461}},{"type":"Feature","geometry":{"type":"Polygon","coordinates":[[[-81.160107,28.504295],[-81.158739,28.502765],[-81.134421,28.502944],[-81.134639,28.504403],[-81.136955,28.507028],[-81.136136,28.512338],[-81.134029,28.515127],[-81.131885,28.516793],[-81.130331,28.520887],[-81.127594,28.524968],[-81.126462,28.532132],[-81.12321,28.536754],[-81.12245,28.536617],[-81.121933,28.537316],[-81.122552,28.540722],[-81.12541,28.541068],[-81.126282,28.541883],[-81.141491,28.541669],[-81.141842,28.543558],[-81.1439,28.543711],[-81.144071,28.54718],[-81.153181,28.547094],[-81.153067,28.544536],[-81.154227,28.542726],[-81.151765,28.540652],[-81.150602,28.538105],[-81.149808,28.528044],[-81.15018,28.523493],[-81.155952,28.512839],[-81.156809,28.508206],[-81.160107,28.504295]]]},"properties":{"geoid":"12095016750","state_fips":"12","county_fips":"12095","tract":"016750","county":"Orange","median_household_income":113182,"moe":14621,"population":12628,"school_age_population":3795}},{"type":"Feature","geometry":{"type":"Polygon","coordinates":[[[-81.517422,28.575878],[-81.517382,28.573786],[-81.510456,28.573843],[-81.509082,28.574323],[-81.507369,28.57665],[-81.505956,28.577483],[-81.496814,28.577646],[-81.496815,28.585245],[-81.496208,28.586019],[-81.496754,28.587304],[-81.496844,28.604729],[-81.496277,28.606146],[-81.496962,28.610231],[-81.498358,28.612483],[-81.499568,28.612445],[-81.500276,28.61044],[-81.502991,28.592088],[-81.506328,28.589229],[-81.513827,28.587358],[-81.513428,28.583386],[-81.516862,28.578878],[-81.517422,28.575878]]]},"properties":{"geoid":"12095015005","state_fips":"12","county_fips":"12095","tract":"015005","county":"Orange","median_household_income":102202,"moe":31241,"population":3061,"school_age_population":579}},{"type":"Feature","geometry":{"type":"Polygon","coordinates":[[[-81.247983,28.510086],[-81.243826,28.500262],[-81.243243,28.492078],[-81.238049,28.471474],[-81.231431,28.458284],[-81.230584,28.4515],[-81.160945,28.45179],[-81.16098,28.467334],[-81.16185,28.469392],[-81.164779,28.47236],[-81.1656,28.470118],[-81.164045,28.46729],[-81.166358,28.466228],[-81.186265,28.466485],[-81.186341,28.485833],[-81.188362,28.488434],[-81.187056,28.490132],[-81.187099,28.495462],[-81.194688,28.495568],[-81.19538,28.498747],[-81.193841,28.499064],[-81.19253,28.501326],[-81.192882,28.50256],[-81.210807,28.502714],[-81.211056,28.512783],[-81.212845,28.511084],[-81.215474,28.510278],[-81.247983,28.510086]]]},"properties":{"geoid":"12095016753","state_fips":"12","county_fips":"12095","tract":"016753","county":"Orange","median_household_income":92722,"moe":10519,"population":7581,"school_age_population":2145}},{"type":"Feature","geometry":{"type":"Polygon","coordinates":[[[-81.487697,28.355801],[-81.487891,28.354395],[-81.48381,28.356484],[-81.478976,28.35703],[-81.470256,28.35414],[-81.467059,28.353814],[-81.442947,28.359217],[-81.438335,28.362791],[-81.436829,28.36618],[-81.437548,28.373574],[-81.438661,28.374877],[-81.439524,28.379038],[-81.45333,28.38378],[-81.465489,28.390938],[-81.486626,28.370626],[-81.487075,28.357115],[-81.487697,28.355801]]]},"properties":{"geoid":"12095017025","state_fips":"12","county_fips":"12095","tract":"017025","county":"Orange","median_household_income":104389,"moe":21679,"population":3660,"school_age_population":662}},{"type":"Feature","geometry":{"type":"Polygon","coordinates":[[[-81.559935,28.786001],[-81.559594,28.72866],[-81.558904,28.72754],[-81.550337,28.728287],[-81.548006,28.729106],[-81.545599,28.728164],[-81.539217,28.728083],[-81.539879,28.737263],[-81.542277,28.741267],[-81.542211,28.757411],[-81.516724,28.757352],[-81.517623,28.757944],[-81.52602,28.774246],[-81.526551,28.777658],[-81.528867,28.782442],[-81.530111,28.783537],[-81.532861,28.78429],[-81.533131,28.786068],[-81.559935,28.786001]]]},"properties":{"geoid":"12095017813","state_fips":"12","county_fips":"12095","tract":"017813","county":"Orange","median_household_income":121250,"moe":57827,"population":2040,"school_age_population":578}},{"type":"Feature","geometry":{"type":"Polygon","coordinates":[[[-81.54228,28.7545],[-81.542254,28.741052],[-81.539879,28.737263],[-81.539217,28.728083],[-81.533756,28.728069],[-81.531878,28.725887],[-81.528171,28.725071],[-81.517148,28.728175],[-81.509017,28.728214],[-81.508947,28.757418],[-81.542211,28.757411],[-81.54228,28.7545]]]},"properties":{"geoid":"12095017814","state_fips":"12","county_fips":"12095","tract":"017814","county":"Orange","median_household_income":148806,"moe":43252,"population":7254,"school_age_population":1745}},{"type":"Feature","geometry":{"type":"Polygon","coordinates":[[[-81.438106,28.479416],[-81.438048,28.473947],[-81.433894,28.474002],[-81.433888,28.472178],[-81.42996,28.472225],[-81.432171,28.479498],[-81.438106,28.479416]]]},"properties":{"geoid":"12095016910","state_fips":"12","county_fips":"12095","tract":"016910","county":"Orange","median_household_income":63904,"moe":10967,"population":1078,"school_age_population":134}},{"type":"Feature","geometry":{"type":"Polygon","coordinates":[[[-81.363644,28.629636],[-81.363599,28.627516],[-81.352849,28.627171],[-81.348271,28.628461],[-81.345678,28.627417],[-81.345403,28.631059],[-81.343159,28.631727],[-81.342282,28.63519],[-81.341683,28.635373],[-81.341699,28.637448],[-81.345381,28.637413],[-81.345395,28.639497],[-81.357245,28.63934],[-81.362761,28.632419],[-81.363644,28.629636]]]},"properties":{"geoid":"12095015601","state_fips":"12","county_fips":"12095","tract":"015601","county":"Orange","median_household_income":117725,"moe":28766,"population":2847,"school_age_population":679}},{"type":"Feature","geometry":{"type":"Polygon","coordinates":[[[-81.352576,28.617466],[-81.345847,28.609738],[-81.343106,28.607748],[-81.341415,28.608637],[-81.328185,28.608952],[-81.328011,28.617668],[-81.336114,28.618168],[-81.336125,28.620848],[-81.338526,28.620473],[-81.340287,28.621318],[-81.340685,28.619615],[-81.342077,28.619332],[-81.346049,28.621157],[-81.346689,28.619563],[-81.350375,28.619559],[-81.350195,28.617503],[-81.352576,28.617466]]]},"properties":{"geoid":"12095015802","state_fips":"12","county_fips":"12095","tract":"015802","county":"Orange","median_household_income":216042,"moe":69077,"population":2734,"school_age_population":642}},{"type":"Feature","geometry":{"type":"Polygon","coordinates":[[[-81.365463,28.611803],[-81.364907,28.584389],[-81.36245,28.585995],[-81.357291,28.5918],[-81.352279,28.59534],[-81.351662,28.59849],[-81.352742,28.60086],[-81.362609,28.608548],[-81.365463,28.611803]]]},"properties":{"geoid":"12095015901","state_fips":"12","county_fips":"12095","tract":"015901","county":"Orange","median_household_income":60706,"moe":20923,"population":2603,"school_age_population":290}},{"type":"Feature","geometry":{"type":"Polygon","coordinates":[[[-81.36466,28.611871],[-81.365086,28.61186],[-81.363093,28.608998],[-81.356951,28.604142],[-81.34443,28.604081],[-81.343421,28.60652],[-81.342479,28.607153],[-81.345847,28.609738],[-81.352692,28.617587],[-81.355544,28.617701],[-81.355174,28.6192],[-81.357554,28.619325],[-81.361471,28.618224],[-81.361274,28.61191],[-81.36466,28.611871]]]},"properties":{"geoid":"12095015801","state_fips":"12","county_fips":"12095","tract":"015801","county":"Orange","median_household_income":178393,"moe":39995,"population":1778,"school_age_population":347}},{"type":"Feature","geometry":{"type":"Polygon","coordinates":[[[-81.522831,28.530936],[-81.52268,28.516898],[-81.520998,28.515495],[-81.520953,28.508087],[-81.508603,28.508127],[-81.507692,28.501671],[-81.508547,28.493605],[-81.483463,28.493701],[-81.483767,28.502818],[-81.493467,28.510044],[-81.500865,28.514428],[-81.506175,28.519581],[-81.515693,28.526722],[-81.522831,28.530936]]]},"properties":{"geoid":"12095014815","state_fips":"12","county_fips":"12095","tract":"014815","county":"Orange","median_household_income":205313,"moe":20633,"population":5399,"school_age_population":1453}},{"type":"Feature","geometry":{"type":"Polygon","coordinates":[[[-81.409266,28.49408],[-81.409225,28.490676],[-81.40108,28.490789],[-81.400958,28.494417],[-81.396827,28.494456],[-81.397036,28.510066],[-81.401135,28.509322],[-81.401022,28.500005],[-81.406239,28.50016],[-81.407568,28.499696],[-81.408284,28.498767],[-81.409266,28.49408]]]},"properties":{"geoid":"12095014502","state_fips":"12","county_fips":"12095","tract":"014502","county":"Orange","median_household_income":38069,"moe":2036,"population":4902,"school_age_population":1272}},{"type":"Feature","geometry":{"type":"Polygon","coordinates":[[[-81.396835,28.493592],[-81.396656,28.47256],[-81.370138,28.472823],[-81.37609,28.494684],[-81.396827,28.494456],[-81.396835,28.493592]]]},"properties":{"geoid":"12095014301","state_fips":"12","county_fips":"12095","tract":"014301","county":"Orange","median_household_income":66806,"moe":15413,"population":4148,"school_age_population":758}},{"type":"Feature","geometry":{"type":"Polygon","coordinates":[[[-81.516381,28.608949],[-81.515482,28.606011],[-81.515541,28.597061],[-81.514374,28.593029],[-81.513827,28.587358],[-81.505449,28.589679],[-81.503617,28.591248],[-81.502436,28.593556],[-81.500362,28.609915],[-81.499568,28.612445],[-81.508167,28.612176],[-81.516381,28.608949]]]},"properties":{"geoid":"12095015006","state_fips":"12","county_fips":"12095","tract":"015006","county":"Orange","median_household_income":101311,"moe":17361,"population":4615,"school_age_population":1384}},{"type":"Feature","geometry":{"type":"Polygon","coordinates":[[[-81.194709,28.54049],[-81.193711,28.535823],[-81.190124,28.532098],[-81.1864,28.533636],[-81.178605,28.532036],[-81.174871,28.532911],[-81.172969,28.532582],[-81.172521,28.533097],[-81.172956,28.535117],[-81.172345,28.536063],[-81.169669,28.536044],[-81.169727,28.54338],[-81.170764,28.54338],[-81.170746,28.545532],[-81.179392,28.547815],[-81.18277,28.543571],[-81.184145,28.542767],[-81.18594,28.542725],[-81.188484,28.543661],[-81.194692,28.543694],[-81.194709,28.54049]]]},"properties":{"geoid":"12095016746","state_fips":"12","county_fips":"12095","tract":"016746","county":"Orange","median_household_income":99959,"moe":35486,"population":4486,"school_age_population":667}},{"type":"Feature","geometry":{"type":"Polygon","coordinates":[[[-81.264309,28.448668],[-81.257562,28.438162],[-81.256778,28.430899],[-81.255789,28.428667],[-81.245148,28.420083],[-81.24351,28.41808],[-81.243071,28.411796],[-81.244414,28.401387],[-81.234348,28.40605],[-81.229497,28.410966],[-81.228242,28.413521],[-81.227371,28.41757],[-81.230372,28.443457],[-81.230584,28.4515],[-81.247485,28.451287],[-81.257144,28.448886],[-81.264309,28.448668]]]},"properties":{"geoid":"12095016735","state_fips":"12","county_fips":"12095","tract":"016735","county":"Orange","median_household_income":111923,"moe":41568,"population":11717,"school_age_population":2824}},{"type":"Feature","geometry":{"type":"Polygon","coordinates":[[[-81.449016,28.47881],[-81.444185,28.472067],[-81.433888,28.472178],[-81.433894,28.474002],[-81.438048,28.473947],[-81.438106,28.479416],[-81.432171,28.479498],[-81.433179,28.483047],[-81.436752,28.489159],[-81.449016,28.47881]]]},"properties":{"geoid":"12095016911","state_fips":"12","county_fips":"12095","tract":"016911","county":"Orange","median_household_income":58333,"moe":12394,"population":9150,"school_age_population":2590}},{"type":"Feature","geometry":{"type":"Polygon","coordinates":[[[-81.558904,28.72754],[-81.557709,28.725436],[-81.557551,28.7129],[-81.525502,28.713601],[-81.525552,28.725559],[-81.528171,28.725071],[-81.531393,28.725702],[-81.533922,28.728107],[-81.545397,28.728144],[-81.547914,28.729104],[-81.550337,28.728287],[-81.558904,28.72754]]]},"properties":{"geoid":"12095017811","state_fips":"12","county_fips":"12095","tract":"017811","county":"Orange","median_household_income":126076,"moe":59835,"population":3723,"school_age_population":1078}},{"type":"Feature","geometry":{"type":"Polygon","coordinates":[[[-81.35214,28.559316],[-81.352034,28.553229],[-81.333414,28.553516],[-81.333734,28.56791],[-81.351764,28.567781],[-81.351661,28.560541],[-81.35214,28.559316]]]},"properties":{"geoid":"12095012900","state_fips":"12","county_fips":"12095","tract":"012900","county":"Orange","median_household_income":101362,"moe":10446,"population":4173,"school_age_population":685}},{"type":"Feature","geometry":{"type":"Polygon","coordinates":[[[-81.331308,28.538171],[-81.33103,28.52425],[-81.313138,28.524403],[-81.310301,28.523574],[-81.310456,28.539383],[-81.321892,28.539422],[-81.331308,28.538171]]]},"properties":{"geoid":"12095013300","state_fips":"12","county_fips":"12095","tract":"013300","county":"Orange","median_household_income":74211,"moe":22011,"population":6811,"school_age_population":1203}},{"type":"Feature","geometry":{"type":"Polygon","coordinates":[[[-81.364907,28.584389],[-81.364837,28.582253],[-81.357712,28.58223],[-81.357307,28.581208],[-81.356627,28.581598],[-81.35618,28.580983],[-81.353025,28.581046],[-81.351323,28.577808],[-81.350019,28.578111],[-81.349257,28.579064],[-81.348366,28.578645],[-81.332393,28.578878],[-81.330744,28.579735],[-81.32774,28.579563],[-81.327853,28.593134],[-81.330942,28.593101],[-81.333508,28.591996],[-81.33437,28.589536],[-81.334015,28.58909],[-81.335299,28.588715],[-81.338828,28.588978],[-81.340047,28.590888],[-81.340495,28.593177],[-81.342455,28.592972],[-81.34571,28.58986],[-81.347987,28.589169],[-81.350038,28.58961],[-81.352591,28.592262],[-81.356761,28.592188],[-81.36245,28.585995],[-81.364907,28.584389]]]},"properties":{"geoid":"12095016100","state_fips":"12","county_fips":"12095","tract":"016100","county":"Orange","median_household_income":132569,"moe":30218,"population":4821,"school_age_population":945}},{"type":"Feature","geometry":{"type":"Polygon","coordinates":[[[-81.310301,28.523574],[-81.310218,28.51711],[-81.302078,28.517251],[-81.302104,28.520543],[-81.310301,28.523574]]]},"properties":{"geoid":"12095013503","state_fips":"12","county_fips":"12095","tract":"013503","county":"Orange","median_household_income":43939,"moe":7256,"population":2767,"school_age_population":755}},{"type":"Feature","geometry":{"type":"Polygon","coordinates":[[[-81.452183,28.573494],[-81.4521,28.568464],[-81.449932,28.562937],[-81.449751,28.560053],[-81.447624,28.555488],[-81.447529,28.552573],[-81.442783,28.55265],[-81.442824,28.555782],[-81.44094,28.558575],[-81.439378,28.559759],[-81.438119,28.559767],[-81.437064,28.567425],[-81.437602,28.569187],[-81.434782,28.572425],[-81.434424,28.578024],[-81.451497,28.578029],[-81.452183,28.573494]]]},"properties":{"geoid":"12095012000","state_fips":"12","county_fips":"12095","tract":"012000","county":"Orange","median_household_income":54163,"moe":7573,"population":9327,"school_age_population":2684}},{"type":"Feature","geometry":{"type":"Polygon","coordinates":[[[-81.434769,28.547312],[-81.434332,28.527855],[-81.430448,28.526963],[-81.417904,28.526859],[-81.417992,28.534581],[-81.41408,28.534501],[-81.413316,28.53896],[-81.413595,28.542383],[-81.416649,28.544594],[-81.419246,28.545594],[-81.429418,28.545823],[-81.433835,28.547668],[-81.434769,28.547312]]]},"properties":{"geoid":"12095011701","state_fips":"12","county_fips":"12095","tract":"011701","county":"Orange","median_household_income":66061,"moe":9714,"population":4435,"school_age_population":1222}},{"type":"Feature","geometry":{"type":"Polygon","coordinates":[[[-81.37609,28.494684],[-81.370138,28.472823],[-81.369257,28.472851],[-81.370002,28.475197],[-81.361809,28.475301],[-81.360373,28.475793],[-81.355344,28.480698],[-81.354175,28.483906],[-81.35345,28.484387],[-81.35099,28.484725],[-81.348152,28.484053],[-81.346383,28.48148],[-81.344465,28.480501],[-81.33087,28.480559],[-81.330913,28.495054],[-81.338966,28.495097],[-81.339109,28.498674],[-81.367972,28.498439],[-81.367538,28.494334],[-81.374537,28.493772],[-81.37495,28.494721],[-81.37609,28.494684]]]},"properties":{"geoid":"12095014000","state_fips":"12","county_fips":"12095","tract":"014000","county":"Orange","median_household_income":120255,"moe":27980,"population":6384,"school_age_population":1233}},{"type":"Feature","geometry":{"type":"Polygon","coordinates":[[[-81.49275,28.482199],[-81.491599,28.47906],[-81.491487,28.460834],[-81.480843,28.460866],[-81.477277,28.462267],[-81.474893,28.462413],[-81.474921,28.4786],[-81.476865,28.484083],[-81.475201,28.487813],[-81.475265,28.493659],[-81.490871,28.493674],[-81.49174,28.485194],[-81.49275,28.482199]]]},"properties":{"geoid":"12095014811","state_fips":"12","county_fips":"12095","tract":"014811","county":"Orange","median_household_income":113509,"moe":24825,"population":4704,"school_age_population":833}},{"type":"Feature","geometry":{"type":"Polygon","coordinates":[[[-81.549313,28.499148],[-81.543625,28.495568],[-81.543122,28.496447],[-81.541724,28.496705],[-81.541261,28.496229],[-81.541274,28.496967],[-81.540911,28.496788],[-81.540583,28.496307],[-81.541098,28.495865],[-81.540369,28.49608],[-81.538243,28.493771],[-81.538568,28.491652],[-81.5365,28.491796],[-81.53503,28.490977],[-81.533483,28.48777],[-81.534251,28.486077],[-81.533391,28.485499],[-81.533609,28.484718],[-81.534425,28.484993],[-81.535004,28.486935],[-81.535883,28.483425],[-81.537496,28.484916],[-81.541419,28.484174],[-81.541955,28.482942],[-81.541463,28.48134],[-81.543581,28.478716],[-81.541364,28.479156],[-81.539004,28.477956],[-81.536195,28.479623],[-81.532272,28.480315],[-81.529214,28.479979],[-81.528169,28.476463],[-81.530274,28.475077],[-81.53105,28.472033],[-81.528596,28.471618],[-81.527987,28.470942],[-81.526593,28.466896],[-81.526004,28.468605],[-81.523725,28.469545],[-81.521922,28.469113],[-81.520772,28.469947],[-81.520689,28.472085],[-81.5164,28.474396],[-81.516144,28.476344],[-81.513179,28.47812],[-81.511854,28.482657],[-81.508553,28.483056],[-81.508654,28.496083],[-81.507692,28.501671],[-81.519465,28.502235],[-81.529188,28.505341],[-81.533987,28.505586],[-81.538618,28.503222],[-81.537983,28.501491],[-81.539098,28.50115],[-81.538613,28.500089],[-81.541545,28.50141],[-81.542146,28.50117],[-81.541701,28.502413],[-81.5425,28.503562],[-81.543068,28.503446],[-81.542927,28.500757],[-81.542694,28.498958],[-81.541968,28.498751],[-81.544838,28.497942],[-81.548063,28.499736],[-81.549313,28.499148]]]},"properties":{"geoid":"12095014809","state_fips":"12","county_fips":"12095","tract":"014809","county":"Orange","median_household_income":147431,"moe":50261,"population":2891,"school_age_population":431}},{"type":"Feature","geometry":{"type":"Polygon","coordinates":[[[-81.416816,28.598019],[-81.407788,28.580998],[-81.406966,28.578196],[-81.401909,28.578267],[-81.401573,28.580536],[-81.396719,28.582794],[-81.391748,28.583935],[-81.393653,28.585906],[-81.393947,28.589514],[-81.39541,28.593997],[-81.400417,28.597907],[-81.403274,28.601076],[-81.407186,28.603705],[-81.409879,28.601217],[-81.416816,28.598019]]]},"properties":{"geoid":"12095012500","state_fips":"12","county_fips":"12095","tract":"012500","county":"Orange","median_household_income":61724,"moe":52806,"population":2411,"school_age_population":340}},{"type":"Feature","geometry":{"type":"Polygon","coordinates":[[[-81.371738,28.571409],[-81.369137,28.571858],[-81.364455,28.570137],[-81.364453,28.565574],[-81.355173,28.565686],[-81.3552,28.567386],[-81.35469,28.567733],[-81.339775,28.567874],[-81.339922,28.578793],[-81.349257,28.579064],[-81.350019,28.578111],[-81.351323,28.577808],[-81.353163,28.581101],[-81.35618,28.580983],[-81.356627,28.581598],[-81.357307,28.581208],[-81.357712,28.58223],[-81.368512,28.582321],[-81.370071,28.581188],[-81.371002,28.579491],[-81.371738,28.571409]]]},"properties":{"geoid":"12095012800","state_fips":"12","county_fips":"12095","tract":"012800","county":"Orange","median_household_income":149130,"moe":55718,"population":3625,"school_age_population":904}},{"type":"Feature","geometry":{"type":"Polygon","coordinates":[[[-81.498358,28.612483],[-81.496962,28.610231],[-81.496277,28.606146],[-81.496844,28.604729],[-81.496816,28.593364],[-81.492622,28.593399],[-81.492531,28.591694],[-81.489578,28.590679],[-81.488838,28.591221],[-81.486037,28.591057],[-81.483772,28.591727],[-81.481872,28.590981],[-81.47931,28.591916],[-81.47607,28.591096],[-81.476178,28.613729],[-81.48424,28.614041],[-81.489202,28.613536],[-81.492258,28.612377],[-81.498358,28.612483]]]},"properties":{"geoid":"12095012303","state_fips":"12","county_fips":"12095","tract":"012303","county":"Orange","median_household_income":83880,"moe":11718,"population":9707,"school_age_population":2484}},{"type":"Feature","geometry":{"type":"Polygon","coordinates":[[[-81.286944,28.604995],[-81.286697,28.597431],[-81.279046,28.597535],[-81.272616,28.600118],[-81.267603,28.598969],[-81.277017,28.607019],[-81.278541,28.609077],[-81.278511,28.611199],[-81.282305,28.611123],[-81.284732,28.609823],[-81.284799,28.607121],[-81.286567,28.606252],[-81.286944,28.604995]]]},"properties":{"geoid":"12095016408","state_fips":"12","county_fips":"12095","tract":"016408","county":"Orange","median_household_income":70804,"moe":28993,"population":2334,"school_age_population":519}},{"type":"Feature","geometry":{"type":"Polygon","coordinates":[[[-81.459062,28.492982],[-81.459048,28.489853],[-81.454891,28.486382],[-81.449115,28.478723],[-81.436752,28.489159],[-81.433182,28.493254],[-81.439321,28.49671],[-81.444309,28.497223],[-81.447107,28.496747],[-81.45217,28.494398],[-81.459092,28.493911],[-81.459062,28.492982]]]},"properties":{"geoid":"12095014607","state_fips":"12","county_fips":"12095","tract":"014607","county":"Orange","median_household_income":62991,"moe":15218,"population":5826,"school_age_population":1105}},{"type":"Feature","geometry":{"type":"Polygon","coordinates":[[[-81.473322,28.519768],[-81.471543,28.517713],[-81.465135,28.514192],[-81.459226,28.513886],[-81.459395,28.527986],[-81.467939,28.527846],[-81.471816,28.525937],[-81.471152,28.522679],[-81.473322,28.519768]]]},"properties":{"geoid":"12095014703","state_fips":"12","county_fips":"12095","tract":"014703","county":"Orange","median_household_income":54315,"moe":10124,"population":2484,"school_age_population":622}},{"type":"Feature","geometry":{"type":"Polygon","coordinates":[[[-81.459128,28.504661],[-81.459092,28.493911],[-81.452346,28.49436],[-81.446537,28.496928],[-81.442527,28.497186],[-81.438879,28.496541],[-81.433182,28.493254],[-81.422088,28.505888],[-81.418331,28.508497],[-81.419471,28.509897],[-81.423001,28.508812],[-81.439107,28.508604],[-81.445341,28.50484],[-81.459128,28.504661]]]},"properties":{"geoid":"12095014606","state_fips":"12","county_fips":"12095","tract":"014606","county":"Orange","median_household_income":56157,"moe":15041,"population":8636,"school_age_population":2208}},{"type":"Feature","geometry":{"type":"Polygon","coordinates":[[[-81.475899,28.552128],[-81.475828,28.539103],[-81.464988,28.537924],[-81.458577,28.537987],[-81.446923,28.542056],[-81.447584,28.543055],[-81.447529,28.552573],[-81.475899,28.552128]]]},"properties":{"geoid":"12095014701","state_fips":"12","county_fips":"12095","tract":"014701","county":"Orange","median_household_income":49322,"moe":12806,"population":5505,"school_age_population":1367}},{"type":"Feature","geometry":{"type":"Polygon","coordinates":[[[-81.476215,28.604183],[-81.476064,28.577651],[-81.467754,28.577775],[-81.467807,28.610952],[-81.470501,28.612391],[-81.476178,28.613729],[-81.476215,28.604183]]]},"properties":{"geoid":"12095012305","state_fips":"12","county_fips":"12095","tract":"012305","county":"Orange","median_household_income":53931,"moe":14865,"population":8103,"school_age_population":2134}},{"type":"Feature","geometry":{"type":"Polygon","coordinates":[[[-81.351601,28.513182],[-81.351481,28.498571],[-81.339109,28.498674],[-81.33919,28.513261],[-81.340139,28.513243],[-81.341526,28.51474],[-81.343362,28.514694],[-81.343554,28.513223],[-81.351601,28.513182]]]},"properties":{"geoid":"12095013802","state_fips":"12","county_fips":"12095","tract":"013802","county":"Orange","median_household_income":99261,"moe":21673,"population":2613,"school_age_population":398}},{"type":"Feature","geometry":{"type":"Polygon","coordinates":[[[-81.498259,28.384341],[-81.497847,28.383784],[-81.491529,28.383764],[-81.490676,28.383038],[-81.489976,28.380349],[-81.487315,28.380351],[-81.486626,28.370626],[-81.465459,28.390946],[-81.455901,28.401433],[-81.457706,28.401637],[-81.456357,28.404374],[-81.45602,28.40697],[-81.458977,28.406323],[-81.46511,28.406275],[-81.470986,28.408966],[-81.475217,28.410148],[-81.498259,28.384341]]]},"properties":{"geoid":"12095017022","state_fips":"12","county_fips":"12095","tract":"017022","county":"Orange","median_household_income":55627,"moe":4701,"population":8611,"school_age_population":2344}},{"type":"Feature","geometry":{"type":"Polygon","coordinates":[[[-81.496819,28.592137],[-81.496747,28.587134],[-81.496208,28.586019],[-81.496815,28.585245],[-81.496814,28.577523],[-81.476064,28.577651],[-81.47607,28.591096],[-81.47931,28.591916],[-81.481872,28.590981],[-81.483772,28.591727],[-81.486037,28.591057],[-81.488838,28.591221],[-81.489578,28.590679],[-81.492531,28.591694],[-81.492622,28.593399],[-81.496816,28.593364],[-81.496819,28.592137]]]},"properties":{"geoid":"12095012304","state_fips":"12","county_fips":"12095","tract":"012304","county":"Orange","median_household_income":56507,"moe":13244,"population":8879,"school_age_population":2343}},{"type":"Feature","geometry":{"type":"Polygon","coordinates":[[[-81.376526,28.531153],[-81.376315,28.512912],[-81.359852,28.513125],[-81.360008,28.525802],[-81.359443,28.529208],[-81.358418,28.530254],[-81.35877,28.531343],[-81.364852,28.531253],[-81.366753,28.529587],[-81.368149,28.530417],[-81.368658,28.531815],[-81.374694,28.531748],[-81.374774,28.531173],[-81.376526,28.531153]]]},"properties":{"geoid":"12095011300","state_fips":"12","county_fips":"12095","tract":"011300","county":"Orange","median_household_income":119219,"moe":58014,"population":5027,"school_age_population":1045}},{"type":"Feature","geometry":{"type":"Polygon","coordinates":[[[-81.483767,28.502818],[-81.483463,28.493701],[-81.475265,28.493659],[-81.475201,28.487813],[-81.476865,28.484083],[-81.474921,28.4786],[-81.474919,28.458667],[-81.477509,28.45551],[-81.477858,28.45],[-81.474211,28.450063],[-81.474051,28.455687],[-81.472122,28.459328],[-81.465122,28.465179],[-81.459122,28.468237],[-81.455243,28.473638],[-81.449115,28.478723],[-81.454891,28.486382],[-81.457666,28.488924],[-81.466266,28.49463],[-81.48016,28.500255],[-81.483767,28.502818]]]},"properties":{"geoid":"12095014812","state_fips":"12","county_fips":"12095","tract":"014812","county":"Orange","median_household_income":59315,"moe":12794,"population":6236,"school_age_population":1399}},{"type":"Feature","geometry":{"type":"Polygon","coordinates":[[[-81.498812,28.61414],[-81.498358,28.612483],[-81.494214,28.612405],[-81.48424,28.614041],[-81.476178,28.613729],[-81.476179,28.625725],[-81.447151,28.625554],[-81.45656,28.640193],[-81.457962,28.640197],[-81.45911,28.634601],[-81.47896,28.631769],[-81.485995,28.633392],[-81.489061,28.632574],[-81.492515,28.629095],[-81.493344,28.621542],[-81.495865,28.617946],[-81.497735,28.616486],[-81.498812,28.61414]]]},"properties":{"geoid":"12095015105","state_fips":"12","county_fips":"12095","tract":"015105","county":"Orange","median_household_income":86890,"moe":18416,"population":4270,"school_age_population":970}},{"type":"Feature","geometry":{"type":"Polygon","coordinates":[[[-81.533144,28.785477],[-81.532861,28.78429],[-81.530111,28.783537],[-81.528867,28.782442],[-81.526551,28.777658],[-81.52602,28.774246],[-81.517519,28.757811],[-81.516724,28.757352],[-81.508947,28.757418],[-81.50919,28.705877],[-81.481448,28.705732],[-81.478674,28.707046],[-81.467763,28.706837],[-81.467213,28.70948],[-81.459512,28.709398],[-81.459524,28.713264],[-81.457952,28.714317],[-81.450663,28.71433],[-81.448597,28.715328],[-81.447553,28.715184],[-81.446455,28.713713],[-81.444274,28.713894],[-81.440671,28.715818],[-81.439435,28.719086],[-81.431638,28.727046],[-81.43123,28.728587],[-81.426876,28.733747],[-81.425043,28.735241],[-81.423761,28.73534],[-81.42116,28.740535],[-81.421654,28.740949],[-81.421542,28.744546],[-81.418474,28.754632],[-81.416502,28.755325],[-81.415671,28.759748],[-81.415215,28.763672],[-81.415834,28.764468],[-81.415639,28.766502],[-81.41637,28.769519],[-81.415835,28.773384],[-81.414855,28.774868],[-81.415577,28.782483],[-81.414569,28.785564],[-81.477368,28.78619],[-81.533131,28.786068],[-81.533144,28.785477]]]},"properties":{"geoid":"12095017805","state_fips":"12","county_fips":"12095","tract":"017805","county":"Orange","median_household_income":104375,"moe":39718,"population":3279,"school_age_population":627}},{"type":"Feature","geometry":{"type":"Polygon","coordinates":[[[-81.339213,28.512261],[-81.339081,28.495222],[-81.33077,28.495064],[-81.330877,28.513311],[-81.33919,28.513261],[-81.339213,28.512261]]]},"properties":{"geoid":"12095013803","state_fips":"12","county_fips":"12095","tract":"013803","county":"Orange","median_household_income":75517,"moe":11460,"population":2878,"school_age_population":613}},{"type":"Feature","geometry":{"type":"Polygon","coordinates":[[[-81.333015,28.576997],[-81.331687,28.575248],[-81.324602,28.575318],[-81.324646,28.581783],[-81.315228,28.58183],[-81.315119,28.575308],[-81.310764,28.575484],[-81.307098,28.58332],[-81.30737,28.597174],[-81.314668,28.596964],[-81.315952,28.595605],[-81.316067,28.593488],[-81.323959,28.593506],[-81.324421,28.592656],[-81.327854,28.593],[-81.327638,28.579596],[-81.330642,28.57975],[-81.333023,28.578866],[-81.333015,28.576997]]]},"properties":{"geoid":"12095016200","state_fips":"12","county_fips":"12095","tract":"016200","county":"Orange","median_household_income":82500,"moe":22234,"population":6325,"school_age_population":1120}},{"type":"Feature","geometry":{"type":"Polygon","coordinates":[[[-81.460148,28.567455],[-81.459454,28.563691],[-81.459409,28.552327],[-81.447529,28.552573],[-81.447624,28.555488],[-81.449751,28.560053],[-81.449932,28.562937],[-81.452118,28.568577],[-81.451497,28.578029],[-81.460097,28.578029],[-81.460148,28.567455]]]},"properties":{"geoid":"12095012100","state_fips":"12","county_fips":"12095","tract":"012100","county":"Orange","median_household_income":43597,"moe":7757,"population":7789,"school_age_population":2182}},{"type":"Feature","geometry":{"type":"Polygon","coordinates":[[[-81.521652,28.679384],[-81.511936,28.673105],[-81.488729,28.673124],[-81.488669,28.683856],[-81.50941,28.683989],[-81.509409,28.687613],[-81.520518,28.687575],[-81.52062,28.680111],[-81.521625,28.680629],[-81.521652,28.679384]]]},"properties":{"geoid":"12095017703","state_fips":"12","county_fips":"12095","tract":"017703","county":"Orange","median_household_income":41905,"moe":16252,"population":4527,"school_age_population":1191}},{"type":"Feature","geometry":{"type":"Polygon","coordinates":[[[-81.370138,28.472823],[-81.367107,28.461595],[-81.366866,28.445807],[-81.360281,28.446041],[-81.349566,28.450719],[-81.338844,28.450635],[-81.338937,28.465344],[-81.338196,28.465868],[-81.330791,28.465902],[-81.33069,28.480564],[-81.344465,28.480501],[-81.346383,28.48148],[-81.348152,28.484053],[-81.35099,28.484725],[-81.35345,28.484387],[-81.354175,28.483906],[-81.355344,28.480698],[-81.360373,28.475793],[-81.361809,28.475301],[-81.370002,28.475197],[-81.369257,28.472851],[-81.370138,28.472823]]]},"properties":{"geoid":"12095014100","state_fips":"12","county_fips":"12095","tract":"014100","county":"Orange","median_household_income":97852,"moe":11345,"population":6015,"school_age_population":1317}},{"type":"Feature","geometry":{"type":"Polygon","coordinates":[[[-81.380537,28.512864],[-81.37609,28.494684],[-81.37495,28.494721],[-81.374537,28.493772],[-81.367538,28.494334],[-81.367972,28.498439],[-81.359735,28.498515],[-81.359852,28.513125],[-81.380537,28.512864]]]},"properties":{"geoid":"12095013900","state_fips":"12","county_fips":"12095","tract":"013900","county":"Orange","median_household_income":90705,"moe":15487,"population":4744,"school_age_population":729}},{"type":"Feature","geometry":{"type":"Polygon","coordinates":[[[-81.492841,28.670099],[-81.486709,28.666483],[-81.470871,28.655032],[-81.459689,28.644357],[-81.45968,28.673463],[-81.461439,28.672946],[-81.492788,28.673091],[-81.492841,28.670099]]]},"properties":{"geoid":"12095017503","state_fips":"12","county_fips":"12095","tract":"017503","county":"Orange","median_household_income":58578,"moe":31771,"population":6495,"school_age_population":1757}},{"type":"Feature","geometry":{"type":"Polygon","coordinates":[[[-81.351135,28.429415],[-81.35111,28.422719],[-81.350553,28.420703],[-81.345961,28.414446],[-81.335571,28.405018],[-81.333639,28.401645],[-81.332564,28.397477],[-81.323088,28.392495],[-81.309696,28.382542],[-81.309571,28.348051],[-81.232159,28.348151],[-81.242088,28.358035],[-81.244483,28.363434],[-81.244623,28.399681],[-81.243071,28.411796],[-81.24351,28.41808],[-81.245148,28.420083],[-81.255789,28.428667],[-81.256778,28.430899],[-81.257562,28.438162],[-81.264449,28.448669],[-81.281487,28.448686],[-81.301499,28.451344],[-81.349566,28.450719],[-81.350651,28.450405],[-81.349336,28.448934],[-81.349899,28.446231],[-81.347376,28.443496],[-81.346956,28.441989],[-81.348733,28.438001],[-81.348956,28.434361],[-81.350916,28.431206],[-81.351135,28.429415]]]},"properties":{"geoid":"12095016802","state_fips":"12","county_fips":"12095","tract":"016802","county":"Orange","median_household_income":113702,"moe":9998,"population":21155,"school_age_population":5959}},{"type":"Feature","geometry":{"type":"Polygon","coordinates":[[[-81.345546,28.627535],[-81.342824,28.624934],[-81.340447,28.624923],[-81.340472,28.625623],[-81.338849,28.627134],[-81.331258,28.632315],[-81.32899,28.632088],[-81.32917,28.631295],[-81.328304,28.631099],[-81.32848,28.639628],[-81.345395,28.639497],[-81.345381,28.637413],[-81.341699,28.637448],[-81.341683,28.635373],[-81.342282,28.63519],[-81.343212,28.63165],[-81.345391,28.631087],[-81.345546,28.627535]]]},"properties":{"geoid":"12095015602","state_fips":"12","county_fips":"12095","tract":"015602","county":"Orange","median_household_income":215625,"moe":33994,"population":2075,"school_age_population":617}},{"type":"Feature","geometry":{"type":"Polygon","coordinates":[[[-81.359905,28.517937],[-81.359852,28.513125],[-81.343554,28.513223],[-81.343362,28.514694],[-81.341526,28.51474],[-81.340139,28.513243],[-81.330877,28.513311],[-81.330919,28.519199],[-81.33487,28.518787],[-81.335216,28.519742],[-81.339266,28.51971],[-81.339245,28.516899],[-81.356033,28.516777],[-81.357145,28.517845],[-81.359905,28.517937]]]},"properties":{"geoid":"12095013701","state_fips":"12","county_fips":"12095","tract":"013701","county":"Orange","median_household_income":60529,"moe":8594,"population":4619,"school_age_population":870}},{"type":"Feature","geometry":{"type":"Polygon","coordinates":[[[-81.365615,28.618559],[-81.365463,28.611803],[-81.361274,28.61191],[-81.361471,28.618224],[-81.361021,28.618562],[-81.35566,28.619268],[-81.355174,28.6192],[-81.355544,28.617701],[-81.350195,28.617503],[-81.350375,28.619559],[-81.346464,28.619662],[-81.346049,28.621157],[-81.345442,28.621086],[-81.342628,28.624764],[-81.345895,28.627571],[-81.348032,28.628444],[-81.352849,28.627171],[-81.363599,28.627516],[-81.363662,28.623742],[-81.365615,28.618559]]]},"properties":{"geoid":"12095015701","state_fips":"12","county_fips":"12095","tract":"015701","county":"Orange","median_household_income":133000,"moe":21317,"population":2286,"school_age_population":303}},{"type":"Feature","geometry":{"type":"Polygon","coordinates":[[[-81.657393,28.553263],[-81.650855,28.552536],[-81.63625,28.548357],[-81.625775,28.548022],[-81.616387,28.545537],[-81.607975,28.54499],[-81.608007,28.551306],[-81.608906,28.553035],[-81.609108,28.560732],[-81.607431,28.561419],[-81.607666,28.565438],[-81.608518,28.567571],[-81.607783,28.568074],[-81.611959,28.571816],[-81.629063,28.566486],[-81.640908,28.565608],[-81.646902,28.568491],[-81.653753,28.568366],[-81.655465,28.563352],[-81.657247,28.563215],[-81.657393,28.553263]]]},"properties":{"geoid":"12095017200","state_fips":"12","county_fips":"12095","tract":"017200","county":"Orange","median_household_income":118194,"moe":21519,"population":5209,"school_age_population":1058}},{"type":"Feature","geometry":{"type":"Polygon","coordinates":[[[-81.359929,28.523086],[-81.359905,28.517937],[-81.357145,28.517845],[-81.356033,28.516777],[-81.339245,28.516899],[-81.339266,28.51971],[-81.335216,28.519742],[-81.33487,28.518787],[-81.330919,28.519199],[-81.33103,28.52425],[-81.359908,28.523977],[-81.359929,28.523086]]]},"properties":{"geoid":"12095013702","state_fips":"12","county_fips":"12095","tract":"013702","county":"Orange","median_household_income":56869,"moe":9602,"population":5416,"school_age_population":1329}},{"type":"Feature","geometry":{"type":"Polygon","coordinates":[[[-81.447584,28.545543],[-81.447561,28.542888],[-81.446923,28.542056],[-81.44315,28.544844],[-81.433835,28.547668],[-81.429675,28.545858],[-81.419246,28.545594],[-81.415839,28.544101],[-81.404875,28.535991],[-81.401835,28.535117],[-81.397253,28.535099],[-81.397369,28.549672],[-81.395652,28.552948],[-81.447529,28.552573],[-81.447584,28.545543]]]},"properties":{"geoid":"12095018300","state_fips":"12","county_fips":"12095","tract":"018300","county":"Orange","median_household_income":30538,"moe":4637,"population":2371,"school_age_population":298}},{"type":"Feature","geometry":{"type":"Polygon","coordinates":[[[-81.508915,28.538082],[-81.508821,28.530404],[-81.50725,28.529993],[-81.508789,28.527951],[-81.508256,28.522922],[-81.488135,28.522989],[-81.488286,28.540502],[-81.499668,28.541015],[-81.503636,28.54225],[-81.508861,28.542646],[-81.508915,28.538082]]]},"properties":{"geoid":"12095014806","state_fips":"12","county_fips":"12095","tract":"014806","county":"Orange","median_household_income":105208,"moe":18593,"population":4993,"school_age_population":634}},{"type":"Feature","geometry":{"type":"Polygon","coordinates":[[[-81.302104,28.520543],[-81.301963,28.511571],[-81.299381,28.51101],[-81.300565,28.508729],[-81.299052,28.505316],[-81.29669,28.503051],[-81.296666,28.499004],[-81.285334,28.498982],[-81.285659,28.506094],[-81.289213,28.511945],[-81.2898,28.515826],[-81.302104,28.520543]]]},"properties":{"geoid":"12095013505","state_fips":"12","county_fips":"12095","tract":"013505","county":"Orange","median_household_income":59133,"moe":13803,"population":5895,"school_age_population":1260}},{"type":"Feature","geometry":{"type":"Polygon","coordinates":[[[-81.343583,28.538195],[-81.343423,28.524164],[-81.33103,28.52425],[-81.331308,28.538171],[-81.343583,28.538195]]]},"properties":{"geoid":"12095011100","state_fips":"12","county_fips":"12095","tract":"011100","county":"Orange","median_household_income":83049,"moe":19727,"population":3631,"school_age_population":515}},{"type":"Feature","geometry":{"type":"Polygon","coordinates":[[[-81.459436,28.530408],[-81.459395,28.527986],[-81.456974,28.527679],[-81.434332,28.527855],[-81.434769,28.547312],[-81.44315,28.544844],[-81.447906,28.541409],[-81.45826,28.53803],[-81.459436,28.530408]]]},"properties":{"geoid":"12095014601","state_fips":"12","county_fips":"12095","tract":"014601","county":"Orange","median_household_income":45488,"moe":15543,"population":8356,"school_age_population":3119}},{"type":"Feature","geometry":{"type":"Polygon","coordinates":[[[-81.451576,28.582148],[-81.451497,28.578029],[-81.406945,28.578195],[-81.407552,28.580522],[-81.415965,28.596451],[-81.423386,28.596274],[-81.42368,28.592988],[-81.425027,28.591778],[-81.427234,28.59155],[-81.427423,28.589954],[-81.428166,28.589465],[-81.438189,28.589861],[-81.43855,28.592177],[-81.437798,28.593287],[-81.439823,28.595612],[-81.443698,28.596371],[-81.45141,28.596342],[-81.451576,28.582148]]]},"properties":{"geoid":"12095012403","state_fips":"12","county_fips":"12095","tract":"012403","county":"Orange","median_household_income":45431,"moe":12022,"population":6800,"school_age_population":2318}},{"type":"Feature","geometry":{"type":"Polygon","coordinates":[[[-81.62464,28.785932],[-81.624267,28.755616],[-81.623287,28.753104],[-81.617139,28.745448],[-81.614498,28.737663],[-81.608757,28.733404],[-81.584529,28.712478],[-81.576341,28.701158],[-81.573771,28.699794],[-81.562823,28.696381],[-81.556641,28.693311],[-81.557709,28.725436],[-81.559682,28.729131],[-81.559935,28.78607],[-81.62464,28.785932]]]},"properties":{"geoid":"12095017902","state_fips":"12","county_fips":"12095","tract":"017902","county":"Orange","median_household_income":72800,"moe":18245,"population":7448,"school_age_population":1206}},{"type":"Feature","geometry":{"type":"Polygon","coordinates":[[[-81.345361,28.621191],[-81.343886,28.619753],[-81.342077,28.619332],[-81.340685,28.619615],[-81.340287,28.621318],[-81.338526,28.620473],[-81.336125,28.620848],[-81.336114,28.618168],[-81.328011,28.617668],[-81.328304,28.631099],[-81.329955,28.632324],[-81.332781,28.631465],[-81.339011,28.626996],[-81.340472,28.625623],[-81.340447,28.624923],[-81.342824,28.624934],[-81.345361,28.621191]]]},"properties":{"geoid":"12095015702","state_fips":"12","county_fips":"12095","tract":"015702","county":"Orange","median_household_income":117237,"moe":38055,"population":1520,"school_age_population":396}},{"type":"Feature","geometry":{"type":"Polygon","coordinates":[[[-81.268475,28.559218],[-81.267149,28.55576],[-81.253848,28.543241],[-81.25153,28.539306],[-81.244211,28.539363],[-81.244857,28.569285],[-81.252044,28.568391],[-81.26636,28.568461],[-81.268475,28.559218]]]},"properties":{"geoid":"12095016713","state_fips":"12","county_fips":"12095","tract":"016713","county":"Orange","median_household_income":64174,"moe":5791,"population":9478,"school_age_population":1533}},{"type":"Feature","geometry":{"type":"Polygon","coordinates":[[[-81.509423,28.690771],[-81.50941,28.683989],[-81.488669,28.683856],[-81.488475,28.70604],[-81.50919,28.705877],[-81.509423,28.690771]]]},"properties":{"geoid":"12095017702","state_fips":"12","county_fips":"12095","tract":"017702","county":"Orange","median_household_income":107500,"moe":14535,"population":2648,"school_age_population":595}},{"type":"Feature","geometry":{"type":"Polygon","coordinates":[[[-81.426094,28.52697],[-81.425999,28.515877],[-81.419618,28.515911],[-81.40548,28.530608],[-81.405345,28.536229],[-81.413595,28.542383],[-81.413316,28.53896],[-81.41408,28.534501],[-81.417992,28.534581],[-81.417904,28.526859],[-81.426094,28.52697]]]},"properties":{"geoid":"12095011702","state_fips":"12","county_fips":"12095","tract":"011702","county":"Orange","median_household_income":34681,"moe":6268,"population":3547,"school_age_population":840}},{"type":"Feature","geometry":{"type":"Polygon","coordinates":[[[-81.492103,28.564482],[-81.491434,28.559275],[-81.483907,28.559203],[-81.481085,28.558804],[-81.479412,28.557823],[-81.477861,28.557884],[-81.477148,28.559186],[-81.475894,28.55935],[-81.476064,28.577651],[-81.491019,28.577437],[-81.49094,28.570117],[-81.492103,28.564482]]]},"properties":{"geoid":"12095014908","state_fips":"12","county_fips":"12095","tract":"014908","county":"Orange","median_household_income":58456,"moe":21215,"population":7983,"school_age_population":1536}},{"type":"Feature","geometry":{"type":"Polygon","coordinates":[[[-81.4593,28.520775],[-81.459128,28.504661],[-81.445341,28.50484],[-81.440099,28.508379],[-81.436152,28.508647],[-81.437875,28.513123],[-81.437959,28.515856],[-81.454706,28.515665],[-81.455241,28.521441],[-81.4593,28.520775]]]},"properties":{"geoid":"12095014609","state_fips":"12","county_fips":"12095","tract":"014609","county":"Orange","median_household_income":50484,"moe":10612,"population":5799,"school_age_population":1526}},{"type":"Feature","geometry":{"type":"Polygon","coordinates":[[[-81.203898,28.564783],[-81.203675,28.55773],[-81.200404,28.557001],[-81.197609,28.554407],[-81.194809,28.554318],[-81.194867,28.565494],[-81.203417,28.566446],[-81.203898,28.564783]]]},"properties":{"geoid":"12095016742","state_fips":"12","county_fips":"12095","tract":"016742","county":"Orange","median_household_income":62672,"moe":18316,"population":3770,"school_age_population":266}},{"type":"Feature","geometry":{"type":"Polygon","coordinates":[[[-81.409227,28.490319],[-81.409194,28.486951],[-81.407632,28.486781],[-81.404508,28.484976],[-81.396754,28.484224],[-81.396827,28.494456],[-81.400958,28.494417],[-81.401038,28.490802],[-81.409227,28.490319]]]},"properties":{"geoid":"12095016906","state_fips":"12","county_fips":"12095","tract":"016906","county":"Orange","median_household_income":31566,"moe":12041,"population":2699,"school_age_population":240}},{"type":"Feature","geometry":{"type":"Polygon","coordinates":[[[-81.504913,28.551963],[-81.50478,28.542263],[-81.499668,28.541015],[-81.493097,28.541022],[-81.475828,28.539103],[-81.475899,28.552128],[-81.504913,28.551963]]]},"properties":{"geoid":"12095014805","state_fips":"12","county_fips":"12095","tract":"014805","county":"Orange","median_household_income":64000,"moe":14602,"population":6417,"school_age_population":1466}},{"type":"Feature","geometry":{"type":"Polygon","coordinates":[[[-81.38943,28.368018],[-81.389162,28.365823],[-81.383864,28.365577],[-81.372645,28.361632],[-81.364994,28.361474],[-81.366894,28.365493],[-81.367023,28.368624],[-81.38943,28.368018]]]},"properties":{"geoid":"12095016813","state_fips":"12","county_fips":"12095","tract":"016813","county":"Orange","median_household_income":71038,"moe":8265,"population":2157,"school_age_population":351}},{"type":"Feature","geometry":{"type":"Polygon","coordinates":[[[-81.418143,28.508575],[-81.417477,28.50703],[-81.417217,28.49425],[-81.409266,28.494317],[-81.408284,28.498767],[-81.407512,28.499736],[-81.401022,28.500005],[-81.401135,28.509322],[-81.415646,28.509099],[-81.418143,28.508575]]]},"properties":{"geoid":"12095014503","state_fips":"12","county_fips":"12095","tract":"014503","county":"Orange","median_household_income":30664,"moe":8443,"population":5769,"school_age_population":461}},{"type":"Feature","geometry":{"type":"Polygon","coordinates":[[[-81.207891,28.537832],[-81.205131,28.528352],[-81.203347,28.525858],[-81.200247,28.524715],[-81.192492,28.524315],[-81.191392,28.527192],[-81.191204,28.530283],[-81.190124,28.532098],[-81.19248,28.534084],[-81.1941,28.536672],[-81.194692,28.543694],[-81.196956,28.544005],[-81.200589,28.546607],[-81.203811,28.546788],[-81.204032,28.544235],[-81.207256,28.539962],[-81.207891,28.537832]]]},"properties":{"geoid":"12095016728","state_fips":"12","county_fips":"12095","tract":"016728","county":"Orange","median_household_income":92870,"moe":14069,"population":5342,"school_age_population":1035}},{"type":"Feature","geometry":{"type":"Polygon","coordinates":[[[-81.310414,28.533166],[-81.310301,28.523574],[-81.302104,28.520543],[-81.302044,28.52455],[-81.297871,28.52453],[-81.29808,28.52857],[-81.294619,28.529069],[-81.29465,28.531911],[-81.301885,28.532332],[-81.301873,28.531715],[-81.30626,28.531737],[-81.306434,28.533164],[-81.310414,28.533166]]]},"properties":{"geoid":"12095013406","state_fips":"12","county_fips":"12095","tract":"013406","county":"Orange","median_household_income":67581,"moe":7826,"population":4454,"school_age_population":803}},{"type":"Feature","geometry":{"type":"Polygon","coordinates":[[[-81.310218,28.51711],[-81.310198,28.510204],[-81.307684,28.511088],[-81.305876,28.51099],[-81.304573,28.513856],[-81.302044,28.514012],[-81.302078,28.517251],[-81.310218,28.51711]]]},"properties":{"geoid":"12095013510","state_fips":"12","county_fips":"12095","tract":"013510","county":"Orange","median_household_income":47137,"moe":13699,"population":2509,"school_age_population":462}},{"type":"Feature","geometry":{"type":"Polygon","coordinates":[[[-81.31032,28.49328],[-81.31022,28.480612],[-81.297709,28.480676],[-81.297695,28.487952],[-81.304049,28.487913],[-81.304038,28.49895],[-81.310116,28.498886],[-81.31032,28.49328]]]},"properties":{"geoid":"12095013512","state_fips":"12","county_fips":"12095","tract":"013512","county":"Orange","median_household_income":38604,"moe":13290,"population":5373,"school_age_population":1186}},{"type":"Feature","geometry":{"type":"Polygon","coordinates":[[[-81.375815,28.410458],[-81.37514,28.401135],[-81.370119,28.39292],[-81.363252,28.392283],[-81.334548,28.393166],[-81.33434,28.396359],[-81.331607,28.396779],[-81.332963,28.398057],[-81.333639,28.401645],[-81.335571,28.405018],[-81.345961,28.414446],[-81.350873,28.421369],[-81.351104,28.430579],[-81.349028,28.434155],[-81.348733,28.438001],[-81.346947,28.442218],[-81.347376,28.443496],[-81.349798,28.44593],[-81.349336,28.448934],[-81.350188,28.45016],[-81.350651,28.450405],[-81.360281,28.446041],[-81.366866,28.445807],[-81.367291,28.439201],[-81.375815,28.410458]]]},"properties":{"geoid":"12095016804","state_fips":"12","county_fips":"12095","tract":"016804","county":"Orange","median_household_income":84968,"moe":10638,"population":6507,"school_age_population":1337}},{"type":"Feature","geometry":{"type":"Polygon","coordinates":[[[-81.389645,28.582015],[-81.389394,28.56797],[-81.384764,28.568038],[-81.383717,28.567023],[-81.384632,28.565428],[-81.384657,28.563752],[-81.382577,28.563078],[-81.383171,28.561548],[-81.382375,28.560382],[-81.380186,28.559802],[-81.375776,28.566648],[-81.375017,28.582248],[-81.389645,28.582015]]]},"properties":{"geoid":"12095012701","state_fips":"12","county_fips":"12095","tract":"012701","county":"Orange","median_household_income":109676,"moe":21330,"population":5603,"school_age_population":933}},{"type":"Feature","geometry":{"type":"Polygon","coordinates":[[[-81.33103,28.52425],[-81.330877,28.513311],[-81.328023,28.513549],[-81.325439,28.51628],[-81.324131,28.516475],[-81.32192,28.516245],[-81.319439,28.514792],[-81.310213,28.514603],[-81.310301,28.523574],[-81.313138,28.524403],[-81.33103,28.52425]]]},"properties":{"geoid":"12095013603","state_fips":"12","county_fips":"12095","tract":"013603","county":"Orange","median_household_income":48173,"moe":11548,"population":5433,"school_age_population":1140}},{"type":"Feature","geometry":{"type":"Polygon","coordinates":[[[-81.364328,28.545791],[-81.364139,28.542162],[-81.363182,28.542225],[-81.362817,28.540166],[-81.364213,28.539133],[-81.364218,28.537091],[-81.358348,28.538099],[-81.343583,28.538195],[-81.343707,28.546015],[-81.364328,28.545791]]]},"properties":{"geoid":"12095011000","state_fips":"12","county_fips":"12095","tract":"011000","county":"Orange","median_household_income":84627,"moe":42272,"population":3107,"school_age_population":381}},{"type":"Feature","geometry":{"type":"Polygon","coordinates":[[[-81.39696,28.465254],[-81.368082,28.465544],[-81.370138,28.472823],[-81.391223,28.472647],[-81.396656,28.47256],[-81.39696,28.465254]]]},"properties":{"geoid":"12095014302","state_fips":"12","county_fips":"12095","tract":"014302","county":"Orange","median_household_income":45255,"moe":11251,"population":5743,"school_age_population":1416}},{"type":"Feature","geometry":{"type":"Polygon","coordinates":[[[-81.45656,28.640193],[-81.443532,28.620429],[-81.432564,28.612786],[-81.4274,28.614054],[-81.427327,28.6402],[-81.45656,28.640193]]]},"properties":{"geoid":"12095015103","state_fips":"12","county_fips":"12095","tract":"015103","county":"Orange","median_household_income":84750,"moe":32664,"population":6971,"school_age_population":1066}},{"type":"Feature","geometry":{"type":"Polygon","coordinates":[[[-81.407146,28.603752],[-81.403274,28.601076],[-81.400417,28.597907],[-81.395555,28.59418],[-81.393947,28.589514],[-81.393548,28.585671],[-81.389645,28.582015],[-81.375228,28.582246],[-81.375331,28.585672],[-81.376123,28.587647],[-81.385707,28.596361],[-81.386285,28.598111],[-81.386553,28.606041],[-81.38883,28.607826],[-81.391859,28.608276],[-81.395621,28.605875],[-81.403882,28.605725],[-81.407146,28.603752]]]},"properties":{"geoid":"12095015300","state_fips":"12","county_fips":"12095","tract":"015300","county":"Orange","median_household_income":96089,"moe":23715,"population":3670,"school_age_population":473}},{"type":"Feature","geometry":{"type":"Polygon","coordinates":[[[-81.404835,28.428327],[-81.404637,28.372494],[-81.395434,28.369067],[-81.38943,28.368018],[-81.391047,28.383398],[-81.39192,28.417114],[-81.393823,28.421449],[-81.396985,28.425029],[-81.404813,28.430359],[-81.404835,28.428327]]]},"properties":{"geoid":"12095017011","state_fips":"12","county_fips":"12095","tract":"017011","county":"Orange","median_household_income":76378,"moe":10658,"population":4850,"school_age_population":951}},{"type":"Feature","geometry":{"type":"Polygon","coordinates":[[[-81.459395,28.527986],[-81.4593,28.520775],[-81.455241,28.521441],[-81.454706,28.515665],[-81.43849,28.515853],[-81.438063,28.523406],[-81.438345,28.52499],[-81.439741,28.524997],[-81.441037,28.526288],[-81.440522,28.527836],[-81.459395,28.527986]]]},"properties":{"geoid":"12095014608","state_fips":"12","county_fips":"12095","tract":"014608","county":"Orange","median_household_income":41990,"moe":28742,"population":4955,"school_age_population":1172}},{"type":"Feature","geometry":{"type":"Polygon","coordinates":[[[-81.269235,28.495302],[-81.269037,28.491692],[-81.243153,28.491638],[-81.243826,28.500262],[-81.248056,28.510085],[-81.268991,28.510007],[-81.269235,28.495302]]]},"properties":{"geoid":"12095016710","state_fips":"12","county_fips":"12095","tract":"016710","county":"Orange","median_household_income":80396,"moe":16424,"population":3916,"school_age_population":766}},{"type":"Feature","geometry":{"type":"Polygon","coordinates":[[[-81.409203,28.484995],[-81.409069,28.472411],[-81.396656,28.47256],[-81.396754,28.484224],[-81.404676,28.485013],[-81.408628,28.486966],[-81.409194,28.486951],[-81.409203,28.484995]]]},"properties":{"geoid":"12095016907","state_fips":"12","county_fips":"12095","tract":"016907","county":"Orange","median_household_income":46378,"moe":11917,"population":7429,"school_age_population":1632}},{"type":"Feature","geometry":{"type":"Polygon","coordinates":[[[-81.386736,28.621022],[-81.386553,28.606041],[-81.365284,28.606027],[-81.365463,28.611803],[-81.375359,28.611705],[-81.375674,28.620946],[-81.386736,28.621022]]]},"properties":{"geoid":"12095018000","state_fips":"12","county_fips":"12095","tract":"018000","county":"Orange","median_household_income":41302,"moe":11100,"population":3751,"school_age_population":553}},{"type":"Feature","geometry":{"type":"Polygon","coordinates":[[[-81.333521,28.560827],[-81.333471,28.557047],[-81.329672,28.557043],[-81.329685,28.557529],[-81.327498,28.557548],[-81.327024,28.559102],[-81.325193,28.559134],[-81.325197,28.560666],[-81.321137,28.560733],[-81.321228,28.564406],[-81.315032,28.56447],[-81.315228,28.58183],[-81.324646,28.581783],[-81.324602,28.575318],[-81.322068,28.571566],[-81.321157,28.567526],[-81.323746,28.567668],[-81.327713,28.563753],[-81.329447,28.565081],[-81.33125,28.561489],[-81.333521,28.560827]]]},"properties":{"geoid":"12095018202","state_fips":"12","county_fips":"12095","tract":"018202","county":"Orange","median_household_income":128086,"moe":12030,"population":4231,"school_age_population":701}},{"type":"Feature","geometry":{"type":"Polygon","coordinates":[[[-81.525869,28.693611],[-81.521711,28.691308],[-81.520469,28.691226],[-81.520518,28.687575],[-81.509409,28.687613],[-81.50919,28.705877],[-81.525414,28.706319],[-81.525869,28.693611]]]},"properties":{"geoid":"12095017701","state_fips":"12","county_fips":"12095","tract":"017701","county":"Orange","median_household_income":99722,"moe":27778,"population":6177,"school_age_population":1870}},{"type":"Feature","geometry":{"type":"Polygon","coordinates":[[[-81.42745,28.626898],[-81.4274,28.614054],[-81.425244,28.615088],[-81.420828,28.613836],[-81.415099,28.610173],[-81.415204,28.640057],[-81.427327,28.6402],[-81.42745,28.626898]]]},"properties":{"geoid":"12095015104","state_fips":"12","county_fips":"12095","tract":"015104","county":"Orange","median_household_income":60192,"moe":15274,"population":6314,"school_age_population":1920}},{"type":"Feature","geometry":{"type":"Polygon","coordinates":[[[-81.207683,28.577117],[-81.207661,28.566901],[-81.190993,28.565411],[-81.191208,28.568291],[-81.193336,28.57102],[-81.194156,28.573173],[-81.19566,28.573989],[-81.197642,28.573788],[-81.197158,28.577165],[-81.196264,28.578055],[-81.197339,28.580948],[-81.200999,28.581325],[-81.203259,28.583036],[-81.207621,28.583182],[-81.207683,28.577117]]]},"properties":{"geoid":"12095016512","state_fips":"12","county_fips":"12095","tract":"016512","county":"Orange","median_household_income":56914,"moe":18383,"population":5993,"school_age_population":314}},{"type":"Feature","geometry":{"type":"Polygon","coordinates":[[[-81.611845,28.507374],[-81.611613,28.481415],[-81.60761,28.481527],[-81.605952,28.482404],[-81.601009,28.479631],[-81.598051,28.476357],[-81.594988,28.471303],[-81.589565,28.465319],[-81.58541,28.467272],[-81.583588,28.469607],[-81.58277,28.473287],[-81.582857,28.492776],[-81.584208,28.492964],[-81.585559,28.492268],[-81.586705,28.49378],[-81.587055,28.505787],[-81.59843,28.505699],[-81.601862,28.503868],[-81.605033,28.507384],[-81.611845,28.507374]]]},"properties":{"geoid":"12095017114","state_fips":"12","county_fips":"12095","tract":"017114","county":"Orange","median_household_income":118370,"moe":12317,"population":10808,"school_age_population":3297}},{"type":"Feature","geometry":{"type":"Polygon","coordinates":[[[-81.244621,28.399389],[-81.244309,28.362604],[-81.24179,28.357676],[-81.232159,28.348151],[-81.1742,28.348182],[-81.174635,28.353767],[-81.173841,28.354377],[-81.175381,28.354385],[-81.178476,28.36455],[-81.178235,28.382587],[-81.188032,28.382679],[-81.189727,28.381943],[-81.190708,28.384454],[-81.206983,28.399937],[-81.20947,28.404195],[-81.208872,28.408862],[-81.21084,28.412],[-81.217888,28.412858],[-81.222197,28.414419],[-81.227873,28.414514],[-81.229497,28.410966],[-81.232014,28.407932],[-81.236714,28.404727],[-81.244414,28.401387],[-81.244621,28.399389]]]},"properties":{"geoid":"12095016736","state_fips":"12","county_fips":"12095","tract":"016736","county":"Orange","median_household_income":125536,"moe":46456,"population":12640,"school_age_population":3607}},{"type":"Feature","geometry":{"type":"Polygon","coordinates":[[[-81.425694,28.370174],[-81.425016,28.366484],[-81.41995,28.356909],[-81.419554,28.353029],[-81.414884,28.353089],[-81.4128,28.353941],[-81.406983,28.361235],[-81.404559,28.362005],[-81.404584,28.367693],[-81.399394,28.367017],[-81.399248,28.367971],[-81.39986,28.370672],[-81.406594,28.373193],[-81.407794,28.372505],[-81.407008,28.36778],[-81.414679,28.367682],[-81.418557,28.366521],[-81.422558,28.374122],[-81.425677,28.372633],[-81.425694,28.370174]]]},"properties":{"geoid":"12095017020","state_fips":"12","county_fips":"12095","tract":"017020","county":"Orange","median_household_income":78422,"moe":11705,"population":5654,"school_age_population":799}},{"type":"Feature","geometry":{"type":"Polygon","coordinates":[[[-81.477475,28.507786],[-81.477169,28.506416],[-81.471275,28.502956],[-81.459108,28.502613],[-81.459226,28.513886],[-81.465135,28.514192],[-81.472687,28.518863],[-81.473743,28.512],[-81.472983,28.511174],[-81.473326,28.509108],[-81.475985,28.508986],[-81.477475,28.507786]]]},"properties":{"geoid":"12095014705","state_fips":"12","county_fips":"12095","tract":"014705","county":"Orange","median_household_income":63965,"moe":28034,"population":8964,"school_age_population":2444}},{"type":"Feature","geometry":{"type":"Polygon","coordinates":[[[-81.339922,28.578793],[-81.339775,28.567874],[-81.333734,28.56791],[-81.333521,28.560827],[-81.33125,28.561489],[-81.329447,28.565081],[-81.327713,28.563753],[-81.323746,28.567668],[-81.321157,28.567526],[-81.322068,28.571566],[-81.324602,28.575318],[-81.331687,28.575248],[-81.333044,28.57653],[-81.333023,28.578866],[-81.339922,28.578793]]]},"properties":{"geoid":"12095018201","state_fips":"12","county_fips":"12095","tract":"018201","county":"Orange","median_household_income":136541,"moe":26998,"population":5165,"school_age_population":1107}},{"type":"Feature","geometry":{"type":"Polygon","coordinates":[[[-81.596258,28.457665],[-81.596113,28.449865],[-81.594934,28.448887],[-81.594661,28.442699],[-81.581946,28.434716],[-81.576189,28.429536],[-81.568582,28.429456],[-81.55971,28.434134],[-81.558305,28.435569],[-81.557755,28.446293],[-81.560252,28.447996],[-81.563299,28.455152],[-81.56166,28.460012],[-81.561297,28.468271],[-81.573495,28.477677],[-81.576618,28.478564],[-81.582779,28.478514],[-81.58277,28.473287],[-81.584061,28.468738],[-81.58541,28.467272],[-81.592371,28.464021],[-81.594903,28.461833],[-81.596258,28.457665]]]},"properties":{"geoid":"12095017112","state_fips":"12","county_fips":"12095","tract":"017112","county":"Orange","median_household_income":113654,"moe":15796,"population":16633,"school_age_population":4451}},{"type":"Feature","geometry":{"type":"Polygon","coordinates":[[[-81.504964,28.566331],[-81.504928,28.559227],[-81.491434,28.559275],[-81.492098,28.564708],[-81.49094,28.570117],[-81.491019,28.577437],[-81.499539,28.577619],[-81.499916,28.573096],[-81.499504,28.571535],[-81.501024,28.568072],[-81.502588,28.566667],[-81.504964,28.566331]]]},"properties":{"geoid":"12095014909","state_fips":"12","county_fips":"12095","tract":"014909","county":"Orange","median_household_income":103125,"moe":29269,"population":3879,"school_age_population":904}},{"type":"Feature","geometry":{"type":"Polygon","coordinates":[[[-81.383347,28.535293],[-81.380019,28.535235],[-81.372559,28.537006],[-81.373366,28.538435],[-81.372551,28.538441],[-81.372896,28.54225],[-81.375878,28.542182],[-81.376864,28.553124],[-81.382455,28.553136],[-81.382413,28.540247],[-81.383347,28.535293]]]},"properties":{"geoid":"12095018902","state_fips":"12","county_fips":"12095","tract":"018902","county":"Orange","median_household_income":90833,"moe":18254,"population":5408,"school_age_population":238}},{"type":"Feature","geometry":{"type":"Polygon","coordinates":[[[-81.486099,28.512934],[-81.48588,28.508231],[-81.484077,28.504988],[-81.483767,28.502818],[-81.48016,28.500255],[-81.467318,28.495183],[-81.459048,28.489853],[-81.459108,28.502613],[-81.471275,28.502956],[-81.477169,28.506416],[-81.477475,28.507786],[-81.476989,28.508633],[-81.473326,28.509108],[-81.472983,28.511174],[-81.473743,28.512],[-81.472687,28.518863],[-81.473347,28.519754],[-81.480044,28.518877],[-81.48263,28.517943],[-81.485309,28.515487],[-81.486099,28.512934]]]},"properties":{"geoid":"12095014706","state_fips":"12","county_fips":"12095","tract":"014706","county":"Orange","median_household_income":71750,"moe":19403,"population":5735,"school_age_population":833}},{"type":"Feature","geometry":{"type":"Polygon","coordinates":[[[-81.27784,28.568362],[-81.27747,28.545158],[-81.273306,28.547738],[-81.270933,28.550909],[-81.268444,28.558469],[-81.26636,28.568461],[-81.27784,28.568362]]]},"properties":{"geoid":"12095016739","state_fips":"12","county_fips":"12095","tract":"016739","county":"Orange","median_household_income":52620,"moe":5551,"population":6522,"school_age_population":2076}},{"type":"Feature","geometry":{"type":"Polygon","coordinates":[[[-81.488736,28.673893],[-81.488729,28.673124],[-81.468169,28.673001],[-81.46802,28.683805],[-81.488669,28.683856],[-81.488736,28.673893]]]},"properties":{"geoid":"12095017807","state_fips":"12","county_fips":"12095","tract":"017807","county":"Orange","median_household_income":61115,"moe":9928,"population":4506,"school_age_population":1381}},{"type":"Feature","geometry":{"type":"Polygon","coordinates":[[[-81.658466,28.676798],[-81.656926,28.607803],[-81.657199,28.592567],[-81.653457,28.590446],[-81.648104,28.58448],[-81.648865,28.582654],[-81.650635,28.58195],[-81.651876,28.580514],[-81.652058,28.577218],[-81.651404,28.575116],[-81.652665,28.571144],[-81.657205,28.569827],[-81.657247,28.563215],[-81.655465,28.563352],[-81.653753,28.568366],[-81.646902,28.568491],[-81.640908,28.565608],[-81.629063,28.566486],[-81.613649,28.570998],[-81.602517,28.576387],[-81.593954,28.577641],[-81.590243,28.581902],[-81.587246,28.586665],[-81.584677,28.602207],[-81.579967,28.603335],[-81.571965,28.606835],[-81.565539,28.618814],[-81.558256,28.622574],[-81.556685,28.632601],[-81.570252,28.638617],[-81.577964,28.643129],[-81.592958,28.647516],[-81.59967,28.653156],[-81.599813,28.666943],[-81.606239,28.671329],[-81.61695,28.673586],[-81.623805,28.670953],[-81.639085,28.671956],[-81.658466,28.676798]]]},"properties":{"geoid":"12095990000","state_fips":"12","county_fips":"12095","tract":"990000","county":"Orange","median_household_income":null,"moe":null,"population":0,"school_age_population":0}},{"type":"Feature","geometry":{"type":"Polygon","coordinates":[[[-81.415204,28.640057],[-81.415114,28.638233],[-81.410894,28.638197],[-81.410833,28.636382],[-81.408818,28.636408],[-81.408363,28.632766],[-81.400527,28.632813],[-81.398721,28.631388],[-81.398096,28.618526],[-81.386717,28.618348],[-81.387981,28.640229],[-81.415204,28.640057]]]},"properties":{"geoid":"12095015203","state_fips":"12","county_fips":"12095","tract":"015203","county":"Orange","median_household_income":66725,"moe":14370,"population":2948,"school_age_population":346}},{"type":"Feature","geometry":{"type":"Polygon","coordinates":[[[-81.419787,28.351635],[-81.419781,28.347923],[-81.382969,28.347886],[-81.388035,28.36035],[-81.38943,28.368018],[-81.394057,28.368701],[-81.39986,28.370672],[-81.399394,28.367017],[-81.404584,28.367693],[-81.404559,28.362005],[-81.4071,28.36112],[-81.412268,28.354397],[-81.414797,28.353102],[-81.419739,28.353008],[-81.419787,28.351635]]]},"properties":{"geoid":"12095017021","state_fips":"12","county_fips":"12095","tract":"017021","county":"Orange","median_household_income":94330,"moe":12925,"population":5392,"school_age_population":1369}},{"type":"Feature","geometry":{"type":"Polygon","coordinates":[[[-81.391167,28.391037],[-81.390888,28.380802],[-81.38943,28.368018],[-81.382047,28.36806],[-81.377725,28.373252],[-81.37514,28.388498],[-81.375135,28.392638],[-81.384267,28.393281],[-81.391167,28.391037]]]},"properties":{"geoid":"12095016808","state_fips":"12","county_fips":"12095","tract":"016808","county":"Orange","median_household_income":102423,"moe":17868,"population":2305,"school_age_population":292}},{"type":"Feature","geometry":{"type":"Polygon","coordinates":[[[-81.286208,28.56837],[-81.285887,28.540486],[-81.277465,28.544579],[-81.277481,28.546348],[-81.27784,28.568362],[-81.286208,28.56837]]]},"properties":{"geoid":"12095016738","state_fips":"12","county_fips":"12095","tract":"016738","county":"Orange","median_household_income":54363,"moe":3508,"population":4304,"school_age_population":817}},{"type":"Feature","geometry":{"type":"Polygon","coordinates":[[[-81.367023,28.368624],[-81.366894,28.365493],[-81.365069,28.361987],[-81.365092,28.357814],[-81.361355,28.353725],[-81.362831,28.347932],[-81.349892,28.347986],[-81.354212,28.354725],[-81.354301,28.359938],[-81.351381,28.360112],[-81.349213,28.361582],[-81.347752,28.368659],[-81.358649,28.369345],[-81.367023,28.368624]]]},"properties":{"geoid":"12095016812","state_fips":"12","county_fips":"12095","tract":"016812","county":"Orange","median_household_income":73178,"moe":6838,"population":6343,"school_age_population":1209}},{"type":"Feature","geometry":{"type":"Polygon","coordinates":[[[-81.386553,28.606041],[-81.386285,28.598111],[-81.385707,28.596361],[-81.376123,28.587647],[-81.375331,28.585672],[-81.375228,28.582246],[-81.364837,28.582253],[-81.365284,28.606027],[-81.386553,28.606041]]]},"properties":{"geoid":"12095019000","state_fips":"12","county_fips":"12095","tract":"019000","county":"Orange","median_household_income":67596,"moe":15325,"population":4236,"school_age_population":340}},{"type":"Feature","geometry":{"type":"Polygon","coordinates":[[[-81.310198,28.510204],[-81.310116,28.498886],[-81.296666,28.499004],[-81.29669,28.503051],[-81.299052,28.505316],[-81.300565,28.508729],[-81.299381,28.51101],[-81.301963,28.511571],[-81.302044,28.514012],[-81.304573,28.513856],[-81.305876,28.51099],[-81.307684,28.511088],[-81.310198,28.510204]]]},"properties":{"geoid":"12095013513","state_fips":"12","county_fips":"12095","tract":"013513","county":"Orange","median_household_income":45497,"moe":6560,"population":4666,"school_age_population":766}},{"type":"Feature","geometry":{"type":"Polygon","coordinates":[[[-81.443993,28.472068],[-81.423201,28.453261],[-81.408773,28.433452],[-81.404754,28.434483],[-81.40378,28.440181],[-81.397208,28.463349],[-81.396656,28.47256],[-81.443993,28.472068]]]},"properties":{"geoid":"12095016902","state_fips":"12","county_fips":"12095","tract":"016902","county":"Orange","median_household_income":50907,"moe":3817,"population":6117,"school_age_population":1607}},{"type":"Feature","geometry":{"type":"Polygon","coordinates":[[[-81.417456,28.482023],[-81.417352,28.47235],[-81.409069,28.472411],[-81.409194,28.486951],[-81.417417,28.48694],[-81.417456,28.482023]]]},"properties":{"geoid":"12095016904","state_fips":"12","county_fips":"12095","tract":"016904","county":"Orange","median_household_income":45188,"moe":15147,"population":3912,"school_age_population":1117}},{"type":"Feature","geometry":{"type":"Polygon","coordinates":[[[-81.475217,28.410148],[-81.464262,28.406197],[-81.458054,28.406428],[-81.440889,28.410103],[-81.433497,28.410297],[-81.432602,28.411427],[-81.43155,28.417155],[-81.428572,28.4213],[-81.46709,28.42104],[-81.474087,28.421999],[-81.474009,28.413809],[-81.475217,28.410148]]]},"properties":{"geoid":"12095017004","state_fips":"12","county_fips":"12095","tract":"017004","county":"Orange","median_household_income":59269,"moe":11911,"population":5047,"school_age_population":891}},{"type":"Feature","geometry":{"type":"Polygon","coordinates":[[[-81.563306,28.45555],[-81.560404,28.448297],[-81.559201,28.446907],[-81.543783,28.441788],[-81.535071,28.437001],[-81.533418,28.435071],[-81.532881,28.433043],[-81.532736,28.401572],[-81.532249,28.399817],[-81.530117,28.398648],[-81.520225,28.398427],[-81.519202,28.396651],[-81.520192,28.393125],[-81.519981,28.391695],[-81.516236,28.387032],[-81.514674,28.386292],[-81.506219,28.385777],[-81.505829,28.394191],[-81.503174,28.400059],[-81.503363,28.420711],[-81.507658,28.420754],[-81.509788,28.424224],[-81.510014,28.435385],[-81.519033,28.435351],[-81.523431,28.438852],[-81.522816,28.442811],[-81.523109,28.468229],[-81.521922,28.469113],[-81.524883,28.46927],[-81.526004,28.468605],[-81.526593,28.466896],[-81.527987,28.470942],[-81.528596,28.471618],[-81.53105,28.472033],[-81.530274,28.475077],[-81.528169,28.476463],[-81.529214,28.479979],[-81.532272,28.480315],[-81.536195,28.479623],[-81.538774,28.477978],[-81.541819,28.479189],[-81.543695,28.478234],[-81.544264,28.476633],[-81.541231,28.47199],[-81.541154,28.464517],[-81.561344,28.464267],[-81.561709,28.459749],[-81.563306,28.45555]]]},"properties":{"geoid":"12095017108","state_fips":"12","county_fips":"12095","tract":"017108","county":"Orange","median_household_income":108778,"moe":21019,"population":10366,"school_age_population":2947}},{"type":"Feature","geometry":{"type":"Polygon","coordinates":[[[-81.285557,28.48148],[-81.285387,28.477006],[-81.280759,28.472956],[-81.275747,28.465948],[-81.271017,28.46634],[-81.264542,28.470939],[-81.265733,28.473442],[-81.268602,28.473536],[-81.271293,28.476393],[-81.271492,28.478253],[-81.267937,28.479789],[-81.268783,28.481007],[-81.271554,28.481448],[-81.271756,28.484069],[-81.272673,28.485287],[-81.271882,28.486506],[-81.27268,28.487512],[-81.275549,28.487719],[-81.276529,28.487065],[-81.278004,28.4879],[-81.280928,28.487932],[-81.282734,28.486195],[-81.285293,28.486109],[-81.285557,28.48148]]]},"properties":{"geoid":"12095016733","state_fips":"12","county_fips":"12095","tract":"016733","county":"Orange","median_household_income":49348,"moe":13335,"population":5885,"school_age_population":923}},{"type":"Feature","geometry":{"type":"Polygon","coordinates":[[[-81.194898,28.564637],[-81.194692,28.543694],[-81.188484,28.543661],[-81.185267,28.542636],[-81.183533,28.543012],[-81.179725,28.54784],[-81.178124,28.54751],[-81.17818,28.565408],[-81.194867,28.565494],[-81.194898,28.564637]]]},"properties":{"geoid":"12095016743","state_fips":"12","county_fips":"12095","tract":"016743","county":"Orange","median_household_income":103555,"moe":38308,"population":7096,"school_age_population":1937}},{"type":"Feature","geometry":{"type":"Polygon","coordinates":[[[-81.28651,28.590155],[-81.286208,28.56837],[-81.26947,28.56845],[-81.269851,28.581473],[-81.270342,28.58157],[-81.270426,28.583219],[-81.271148,28.583288],[-81.271183,28.584769],[-81.272969,28.584951],[-81.273052,28.586123],[-81.273744,28.586568],[-81.278095,28.586529],[-81.27912,28.590188],[-81.28651,28.590155]]]},"properties":{"geoid":"12095016413","state_fips":"12","county_fips":"12095","tract":"016413","county":"Orange","median_household_income":54137,"moe":4133,"population":4323,"school_age_population":558}},{"type":"Feature","geometry":{"type":"Polygon","coordinates":[[[-81.591553,28.526843],[-81.590961,28.52179],[-81.589696,28.520762],[-81.58687,28.519968],[-81.586015,28.517797],[-81.573969,28.525981],[-81.561147,28.530657],[-81.55872,28.532907],[-81.557477,28.535765],[-81.557047,28.541079],[-81.557973,28.546529],[-81.569274,28.545291],[-81.587708,28.54509],[-81.587736,28.532616],[-81.591553,28.526843]]]},"properties":{"geoid":"12095017118","state_fips":"12","county_fips":"12095","tract":"017118","county":"Orange","median_household_income":129167,"moe":67206,"population":4655,"school_age_population":1059}},{"type":"Feature","geometry":{"type":"Polygon","coordinates":[[[-81.397377,28.549519],[-81.397246,28.540152],[-81.382417,28.540223],[-81.382713,28.551864],[-81.380186,28.559802],[-81.382375,28.560382],[-81.383171,28.561548],[-81.382577,28.563078],[-81.384657,28.563752],[-81.384632,28.565428],[-81.383717,28.567023],[-81.384845,28.568093],[-81.389394,28.56797],[-81.389302,28.560987],[-81.388142,28.559126],[-81.38847,28.556605],[-81.387681,28.555035],[-81.387655,28.552979],[-81.395652,28.552948],[-81.397377,28.549519]]]},"properties":{"geoid":"12095018901","state_fips":"12","county_fips":"12095","tract":"018901","county":"Orange","median_household_income":39873,"moe":17904,"population":3302,"school_age_population":339}},{"type":"Feature","geometry":{"type":"Polygon","coordinates":[[[-81.224638,28.597607],[-81.224388,28.592213],[-81.222518,28.591589],[-81.220454,28.588559],[-81.217746,28.586763],[-81.216813,28.583127],[-81.207621,28.583182],[-81.20778,28.586601],[-81.20899,28.590616],[-81.207637,28.597763],[-81.224638,28.597607]]]},"properties":{"geoid":"12095016510","state_fips":"12","county_fips":"12095","tract":"016510","county":"Orange","median_household_income":32799,"moe":11065,"population":5721,"school_age_population":561}},{"type":"Feature","geometry":{"type":"Polygon","coordinates":[[[-81.244857,28.569285],[-81.244462,28.549424],[-81.234625,28.549766],[-81.230857,28.549299],[-81.227903,28.550534],[-81.227982,28.555729],[-81.228607,28.555821],[-81.228623,28.55748],[-81.229472,28.557463],[-81.229186,28.56928],[-81.2358,28.569952],[-81.244857,28.569285]]]},"properties":{"geoid":"12095016723","state_fips":"12","county_fips":"12095","tract":"016723","county":"Orange","median_household_income":82500,"moe":16686,"population":5787,"school_age_population":1339}},{"type":"Feature","geometry":{"type":"Polygon","coordinates":[[[-81.376864,28.553124],[-81.375878,28.542182],[-81.36847,28.542267],[-81.368597,28.553189],[-81.376864,28.553124]]]},"properties":{"geoid":"12095010201","state_fips":"12","county_fips":"12095","tract":"010201","county":"Orange","median_household_income":87212,"moe":24014,"population":1833,"school_age_population":79}},{"type":"Feature","geometry":{"type":"Polygon","coordinates":[[[-81.230584,28.4515],[-81.230372,28.443457],[-81.22738,28.419709],[-81.227966,28.414411],[-81.222197,28.414419],[-81.217888,28.412858],[-81.21084,28.412],[-81.208872,28.408862],[-81.20947,28.404195],[-81.206983,28.399937],[-81.190708,28.384454],[-81.189727,28.381943],[-81.188032,28.382679],[-81.178235,28.382587],[-81.178476,28.36455],[-81.175381,28.354385],[-81.173841,28.354377],[-81.174635,28.353767],[-81.1742,28.348182],[-81.023184,28.347685],[-80.999783,28.348584],[-80.949071,28.347686],[-80.862908,28.347487],[-80.868652,28.352472],[-80.87358,28.36058],[-80.873821,28.364107],[-80.872392,28.367651],[-80.873101,28.370261],[-80.875577,28.373424],[-80.876687,28.373297],[-80.877833,28.372223],[-80.87929,28.372395],[-80.880299,28.37369],[-80.880138,28.375125],[-80.881925,28.374845],[-80.88186,28.375477],[-80.879519,28.377151],[-80.879604,28.380421],[-80.88144,28.380619],[-80.885899,28.385025],[-80.888478,28.385585],[-80.887846,28.388009],[-80.889618,28.393006],[-80.887494,28.393963],[-80.886789,28.396543],[-80.885126,28.395808],[-80.884507,28.396126],[-80.88451,28.398271],[-80.886651,28.399605],[-80.885504,28.402398],[-80.886494,28.404132],[-80.8849,28.406431],[-80.883199,28.406454],[-80.882912,28.407673],[-80.883243,28.408377],[-80.884755,28.408668],[-80.884904,28.410747],[-80.888074,28.413004],[-80.888021,28.415686],[-80.891073,28.41619],[-80.892185,28.418368],[-80.894159,28.41914],[-80.894707,28.419202],[-80.895067,28.417997],[-80.896373,28.418499],[-80.895894,28.419601],[-80.89642,28.420604],[-80.895547,28.420688],[-80.895759,28.423119],[-80.89687,28.423269],[-80.89638,28.42496],[-80.898698,28.426136],[-80.897057,28.426408],[-80.896773,28.427809],[-80.898448,28.431919],[-80.89915,28.430973],[-80.899263,28.432189],[-80.900339,28.431593],[-80.90118,28.433158],[-80.901257,28.433615],[-80.899565,28.433371],[-80.898933,28.434679],[-80.896797,28.435602],[-80.898225,28.436401],[-80.896991,28.436489],[-80.896715,28.437345],[-80.895151,28.436446],[-80.894258,28.437861],[-80.894683,28.438668],[-80.894055,28.440962],[-80.893079,28.441755],[-80.893993,28.442743],[-80.89389,28.443864],[-80.890121,28.445413],[-80.892493,28.449727],[-80.895724,28.451161],[-80.897279,28.452938],[-81.030229,28.452475],[-81.111255,28.451518],[-81.230584,28.4515]]]},"properties":{"geoid":"12095016737","state_fips":"12","county_fips":"12095","tract":"016737","county":"Orange","median_household_income":113434,"moe":22375,"population":10759,"school_age_population":2972}},{"type":"Feature","geometry":{"type":"Polygon","coordinates":[[[-81.12747,28.492616],[-81.126561,28.491097],[-81.124516,28.489798],[-81.123954,28.486871],[-81.120203,28.484033],[-81.119735,28.481612],[-81.117411,28.480606],[-81.11495,28.478417],[-81.113373,28.475837],[-81.114014,28.473817],[-81.113191,28.472161],[-81.114125,28.471715],[-81.113807,28.471187],[-81.116107,28.463438],[-81.114774,28.461738],[-81.113279,28.461563],[-81.109392,28.457679],[-81.109148,28.454664],[-81.108195,28.453206],[-81.108313,28.451549],[-81.061289,28.452136],[-81.061825,28.496146],[-81.095024,28.495974],[-81.095007,28.491274],[-81.102562,28.490863],[-81.11109,28.493452],[-81.116328,28.493208],[-81.120726,28.49396],[-81.12747,28.492616]]]},"properties":{"geoid":"12095016606","state_fips":"12","county_fips":"12095","tract":"016606","county":"Orange","median_household_income":159792,"moe":29566,"population":2964,"school_age_population":630}},{"type":"Feature","geometry":{"type":"Polygon","coordinates":[[[-81.657399,28.434142],[-81.657268,28.347098],[-81.533168,28.34729],[-81.529781,28.353197],[-81.529954,28.35798],[-81.537605,28.373759],[-81.538247,28.377255],[-81.541363,28.381732],[-81.543335,28.388758],[-81.543453,28.392346],[-81.546137,28.395969],[-81.547158,28.401413],[-81.548279,28.402535],[-81.551834,28.403664],[-81.553482,28.404916],[-81.554542,28.407032],[-81.554687,28.410112],[-81.5568,28.411722],[-81.557922,28.414196],[-81.564779,28.413742],[-81.572179,28.412272],[-81.576041,28.412875],[-81.57688,28.415746],[-81.575822,28.420655],[-81.579177,28.423844],[-81.579125,28.428243],[-81.576633,28.429865],[-81.581946,28.434716],[-81.594562,28.442588],[-81.594934,28.448887],[-81.596116,28.450085],[-81.598522,28.447942],[-81.601424,28.449108],[-81.611574,28.449139],[-81.611617,28.45197],[-81.613135,28.452763],[-81.623679,28.452638],[-81.624447,28.460448],[-81.626889,28.459877],[-81.636798,28.459856],[-81.636133,28.443384],[-81.636976,28.43796],[-81.645813,28.437941],[-81.650924,28.434323],[-81.657399,28.434142]]]},"properties":{"geoid":"12095017111","state_fips":"12","county_fips":"12095","tract":"017111","county":"Orange","median_household_income":130745,"moe":21574,"population":21231,"school_age_population":5777}},{"type":"Feature","geometry":{"type":"Polygon","coordinates":[[[-81.611959,28.571816],[-81.607783,28.568074],[-81.608518,28.567571],[-81.607666,28.565438],[-81.607431,28.561419],[-81.609099,28.5608],[-81.608927,28.554716],[-81.605595,28.55525],[-81.603988,28.55839],[-81.59185,28.558341],[-81.591945,28.572957],[-81.590538,28.574116],[-81.589963,28.573914],[-81.593708,28.577923],[-81.602517,28.576387],[-81.611959,28.571816]]]},"properties":{"geoid":"12095017301","state_fips":"12","county_fips":"12095","tract":"017301","county":"Orange","median_household_income":69779,"moe":63004,"population":2748,"school_age_population":664}},{"type":"Feature","geometry":{"type":"Polygon","coordinates":[[[-81.579181,28.428004],[-81.579177,28.423844],[-81.575792,28.420526],[-81.576864,28.416271],[-81.576041,28.412875],[-81.572179,28.412272],[-81.564779,28.413742],[-81.557922,28.414196],[-81.5568,28.411722],[-81.554687,28.410112],[-81.554542,28.407032],[-81.553482,28.404916],[-81.551834,28.403664],[-81.548279,28.402535],[-81.547063,28.401254],[-81.546137,28.395969],[-81.543453,28.392346],[-81.543335,28.388758],[-81.541363,28.381732],[-81.538247,28.377255],[-81.537605,28.373759],[-81.529954,28.35798],[-81.529781,28.353197],[-81.533168,28.34729],[-81.531528,28.347282],[-81.504632,28.377237],[-81.506219,28.385777],[-81.515283,28.386449],[-81.519712,28.391212],[-81.520192,28.393125],[-81.519202,28.396651],[-81.519996,28.398269],[-81.521355,28.398747],[-81.530316,28.398676],[-81.532513,28.400262],[-81.532881,28.433043],[-81.533565,28.435334],[-81.535552,28.437312],[-81.544345,28.442045],[-81.557755,28.446293],[-81.557857,28.436876],[-81.559136,28.434558],[-81.56874,28.429404],[-81.575433,28.429339],[-81.576633,28.429865],[-81.579181,28.428004]]]},"properties":{"geoid":"12095017110","state_fips":"12","county_fips":"12095","tract":"017110","county":"Orange","median_household_income":98102,"moe":29237,"population":7907,"school_age_population":1990}},{"type":"Feature","geometry":{"type":"Polygon","coordinates":[[[-81.620281,28.524668],[-81.620098,28.507326],[-81.605145,28.507409],[-81.601725,28.50387],[-81.59843,28.505699],[-81.587055,28.505787],[-81.586723,28.507895],[-81.584065,28.510696],[-81.584002,28.512246],[-81.58687,28.519968],[-81.58992,28.520868],[-81.591214,28.522284],[-81.591545,28.526954],[-81.590153,28.529281],[-81.603868,28.529135],[-81.60434,28.536595],[-81.60629,28.538186],[-81.607954,28.538287],[-81.608047,28.531216],[-81.611959,28.52731],[-81.612297,28.525645],[-81.61963,28.525365],[-81.620281,28.524668]]]},"properties":{"geoid":"12095017117","state_fips":"12","county_fips":"12095","tract":"017117","county":"Orange","median_household_income":120325,"moe":11023,"population":6553,"school_age_population":2065}}]}