{"type":"FeatureCollection","features":[{"type":"Feature","geometry":{"type":"Polygon","coordinates":[[[-80.3894,25.6899],[-80.3886,25.6711],[-80.3889,25.6649],[-80.3858,25.6435],[-80.3853,25.6341],[-80.384,25.6315],[-80.3804,25.6282],[-80.3793,25.6261],[-80.3782,25.604],[-80.3773,25.6007],[-80.3758,25.5984],[-80.3703,25.5933],[-80.3665,25.5824],[-80.3728,25.576],[-80.3723,25.57],[-80.3622,25.5684],[-80.3619,25.5657],[-80.3591,25.5593],[-80.3595,25.5574],[-80.3589,25.5556],[-80.3546,25.5549],[-80.3518,25.5535],[-80.3503,25.5507],[-80.3485,25.5492],[-80.3404,25.5443],[-80.3315,25.5436],[-80.3278,25.5402],[-80.3251,25.5356],[-80.3252,25.5347],[-80.3258,25.535],[-80.3251,25.5345],[-80.3167,25.5326],[-80.2366,25.5315],[-80.1755,25.5477],[-80.1206,25.5341],[-80.1196,25.5413],[-80.1159,25.5413],[-80.1117,25.5403],[-80.106,25.5536],[-80.1037,25.5649],[-80.1038,25.5739],[-80.1053,25.5812],[-80.1045,25.588],[-80.1048,25.5946],[-80.1057,25.5999],[-80.1078,25.6066],[-80.1037,25.6489],[-80.1004,25.6562],[-80.0979,25.6684],[-80.0978,25.6761],[-80.0989,25.6842],[-80.0956,25.6921],[-80.0939,25.6986],[-80.0918,25.7211],[-80.1325,25.7485],[-80.1322,25.7499],[-80.1488,25.7624],[-80.1491,25.7639],[-80.1386,25.7645],[-80.1376,25.7648],[-80.1382,25.7652],[-80.1369,25.7652],[-80.1691,25.7792],[-80.169,25.7797],[-80.1729,25.7817],[-80.1758,25.786],[-80.1774,25.7872],[-80.1855,25.7872],[-80.1913,25.7859],[-80.1943,25.7863],[-80.201,25.789],[-80.2066,25.789],[-80.2216,25.7829],[-80.2304,25.7825],[-80.2357,25.7844],[-80.2395,25.7849],[-80.2396,25.7869],[-80.2478,25.7866],[-80.2478,25.7879],[-80.2466,25.7879],[-80.2466,25.7891],[-80.2478,25.7891],[-80.2479,25.7918],[-80.25,25.7918],[-80.25,25.7933],[-80.2516,25.7932],[-80.2516,25.7925],[-80.2561,25.7924],[-80.2562,25.7944],[-80.2625,25.7939],[-80.2651,25.7932],[-80.2742,25.7837],[-80.2805,25.7855],[-80.2893,25.7842],[-80.3015,25.7845],[-80.3041,25.784],[-80.3122,25.7804],[-80.3144,25.7799],[-80.3253,25.7815],[-80.3531,25.7816],[-80.3537,25.7757],[-80.3524,25.7617],[-80.3684,25.7613],[-80.3677,25.7453],[-80.3687,25.7449],[-80.3688,25.7439],[-80.3698,25.7438],[-80.3697,25.7413],[-80.3708,25.7413],[-80.3708,25.7395],[-80.3697,25.7395],[-80.3698,25.7359],[-80.3718,25.7359],[-80.3718,25.7334],[-80.3737,25.7334],[-80.3737,25.7322],[-80.3844,25.732],[-80.3835,25.7095],[-80.3838,25.7009],[-80.3846,25.6983],[-80.3887,25.6922],[-80.3894,25.6899]]]},"properties":{"chamber":"CD","district_number":"27","geoid":"1227","name":"Congressional District 27","label":"Congressional District 27"}},{"type":"Feature","geometry":{"type":"Polygon","coordinates":[[[-81.7512,26.174],[-81.7508,26.1683],[-81.743,26.1683],[-81.7427,26.1662],[-81.7419,26.1093],[-81.7457,26.1049],[-81.72,26.0768],[-81.6991,26.0634],[-81.7023,25.9846],[-81.7097,25.9632],[-81.7028,25.9582],[-81.6939,25.9546],[-81.6842,25.9525],[-81.6816,25.9538],[-81.6782,25.9534],[-81.6698,25.9519],[-81.6661,25.9504],[-81.6632,25.9457],[-81.6543,25.943],[-81.6537,25.9345],[-81.6521,25.9325],[-81.6462,25.9287],[-81.6428,25.9251],[-81.6421,25.9199],[-81.6395,25.9147],[-81.6384,25.9094],[-81.6401,25.8971],[-81.6402,25.8754],[-81.6248,25.8754],[-81.6249,25.8025],[-81.4529,25.8037],[-81.3505,25.8032],[-81.2595,25.8042],[-81.1005,25.8033],[-80.9814,25.804],[-80.8731,25.8054],[-80.8295,25.763],[-80.8259,25.7618],[-80.6817,25.762],[-80.6755,25.7619],[-80.6722,25.761],[-80.4269,25.7609],[-80.417,25.7609],[-80.4172,25.7745],[-80.4195,25.7793],[-80.4188,25.7806],[-80.4154,25.783],[-80.4134,25.7836],[-80.3956,25.7834],[-80.3901,25.7821],[-80.3844,25.7818],[-80.3852,25.7971],[-80.3691,25.7971],[-80.369,25.7807],[-80.359,25.7817],[-80.3312,25.7817],[-80.3223,25.7813],[-80.3144,25.7799],[-80.3122,25.7804],[-80.3041,25.784],[-80.3015,25.7845],[-80.2893,25.7842],[-80.2805,25.7855],[-80.2742,25.7837],[-80.2651,25.7932],[-80.2625,25.7939],[-80.2562,25.7944],[-80.2561,25.7924],[-80.2516,25.7925],[-80.2516,25.7932],[-80.25,25.7933],[-80.25,25.7918],[-80.2479,25.7918],[-80.2478,25.7891],[-80.2466,25.7891],[-80.2466,25.7879],[-80.2478,25.7879],[-80.2478,25.7866],[-80.2396,25.7869],[-80.2395,25.7849],[-80.2357,25.7844],[-80.2312,25.7826],[-80.2234,25.7826],[-80.2141,25.7858],[-80.208,25.7887],[-80.2038,25.7891],[-80.2052,25.7922],[-80.2053,25.7952],[-80.1891,25.7962],[-80.1894,25.8054],[-80.1854,25.8054],[-80.1855,25.8115],[-80.2004,25.8115],[-80.2091,25.8126],[-80.2356,25.812],[-80.2424,25.8127],[-80.2425,25.8158],[-80.2465,25.8157],[-80.2466,25.8151],[-80.2486,25.8149],[-80.2488,25.82],[-80.2509,25.8199],[-80.2509,25.8207],[-80.2488,25.8207],[-80.2488,25.8214],[-80.2509,25.8214],[-80.251,25.8236],[-80.253,25.8236],[-80.2536,25.836],[-80.2496,25.8362],[-80.2499,25.8458],[-80.2417,25.8461],[-80.2426,25.8714],[-80.2591,25.8707],[-80.2594,25.8821],[-80.275,25.8816],[-80.2753,25.8896],[-80.2812,25.8952],[-80.2843,25.8965],[-80.2919,25.8963],[-80.2932,25.925],[-80.2767,25.9251],[-80.2788,25.971],[-80.2952,25.9706],[-80.295,25.9568],[-80.68,25.9569],[-80.68,25.9787],[-80.8729,25.9794],[-80.8726,26.0015],[-80.8794,26.1801],[-80.8797,26.2593],[-80.9766,26.2572],[-81.1229,26.2558],[-81.2682,26.2531],[-81.2708,26.3502],[-81.2719,26.4226],[-81.3015,26.4225],[-81.3202,26.4194],[-81.3363,26.4189],[-81.3854,26.4191],[-81.4091,26.4181],[-81.4119,26.4186],[-81.4208,26.4186],[-81.4207,26.4167],[-81.4234,26.4167],[-81.4235,26.4185],[-81.4335,26.4184],[-81.4337,26.4247],[-81.4357,26.4248],[-81.4337,26.425],[-81.4337,26.4257],[-81.4352,26.4257],[-81.4352,26.4284],[-81.4352,26.4293],[-81.4338,26.4293],[-81.4347,26.4855],[-81.5436,26.5133],[-81.5638,26.5133],[-81.5622,26.4226],[-81.6595,26.4211],[-81.6579,26.3176],[-81.7462,26.3169],[-81.7435,26.3101],[-81.7428,26.3064],[-81.7423,26.2628],[-81.7367,26.2446],[-81.7359,26.2116],[-81.7327,26.2116],[-81.7327,26.21],[-81.7179,26.2102],[-81.7178,26.2036],[-81.7194,26.2005],[-81.7194,26.1968],[-81.7173,26.1968],[-81.7172,26.1928],[-81.7192,26.1927],[-81.7192,26.1913],[-81.7186,26.1913],[-81.7184,26.1829],[-81.7189,26.1829],[-81.7183,26.1764],[-81.7188,26.1758],[-81.7188,26.1689],[-81.7314,26.1688],[-81.7348,26.1742],[-81.7512,26.174]]]},"properties":{"chamber":"CD","district_number":"26","geoid":"1226","name":"Congressional District 26","label":"Congressional District 26"}},{"type":"Feature","geometry":{"type":"Polygon","coordinates":[[[-82.3117,28.9604],[-82.3113,28.9584],[-82.3098,28.9576],[-82.3085,28.9553],[-82.3068,28.9545],[-82.3051,28.9525],[-82.3024,28.9523],[-82.2971,28.9484],[-82.2949,28.9427],[-82.2959,28.9384],[-82.2922,28.9372],[-82.29,28.9356],[-82.2886,28.9317],[-82.2883,28.9281],[-82.2844,28.9232],[-82.2841,28.9213],[-82.2819,28.9178],[-82.2822,28.9147],[-82.2804,28.9126],[-82.2773,28.9106],[-82.2762,28.9047],[-82.2747,28.9034],[-82.2762,28.9017],[-82.2743,28.8993],[-82.2736,28.8972],[-82.2701,28.8952],[-82.2657,28.8903],[-82.2613,28.8888],[-82.251,28.8812],[-82.2462,28.8794],[-82.2444,28.8771],[-82.2425,28.8768],[-82.2414,28.8733],[-82.2392,28.8703],[-82.2403,28.8677],[-82.2401,28.8668],[-82.237,28.8652],[-82.2362,28.8636],[-82.2367,28.8613],[-82.232,28.8566],[-82.2272,28.8551],[-82.2192,28.8508],[-82.2122,28.8427],[-82.2069,28.8405],[-82.2066,28.8378],[-82.205,28.8347],[-82.199,28.8308],[-82.1961,28.8302],[-82.1912,28.8268],[-82.1863,28.8261],[-82.1836,28.8236],[-82.1826,28.8218],[-82.1828,28.817],[-82.1815,28.8132],[-82.1812,28.8092],[-82.1795,28.8064],[-82.1793,28.8033],[-82.1695,28.7961],[-82.1695,28.7916],[-82.1712,28.79],[-82.176,28.7874],[-82.178,28.7873],[-82.1785,28.7859],[-82.1797,28.7849],[-82.1845,28.7831],[-82.1879,28.7778],[-82.1882,28.7717],[-82.1866,28.7704],[-82.184,28.7701],[-82.1822,28.7689],[-82.1832,28.7638],[-82.1848,28.7618],[-82.1887,28.7591],[-82.1951,28.7602],[-82.199,28.7573],[-82.2017,28.7578],[-82.2039,28.7566],[-82.2062,28.7572],[-82.2078,28.7566],[-82.2085,28.7552],[-82.2109,28.7538],[-82.2132,28.7477],[-82.2142,28.7474],[-82.2152,28.7482],[-82.2169,28.7481],[-82.2178,28.7448],[-82.2186,28.744],[-82.2244,28.7411],[-82.2279,28.7379],[-82.2314,28.7361],[-82.2327,28.7307],[-82.2365,28.7281],[-82.2384,28.7251],[-82.2428,28.7231],[-82.2463,28.7189],[-82.2491,28.7178],[-82.2493,28.7135],[-82.2511,28.7109],[-82.2509,28.7094],[-82.2489,28.7074],[-82.2512,28.7054],[-82.2491,28.7037],[-82.2485,28.7019],[-82.2501,28.6993],[-82.2508,28.6964],[-82.2535,28.6926],[-82.2537,28.6899],[-82.2571,28.6872],[-82.26,28.6827],[-82.2595,28.6793],[-82.26,28.6743],[-82.2616,28.6693],[-82.2678,28.6628],[-82.2665,28.6607],[-82.2684,28.66],[-82.2712,28.6614],[-82.2737,28.6609],[-82.2743,28.6603],[-82.2748,28.6562],[-82.2715,28.6512],[-82.2683,28.6486],[-82.2609,28.647],[-82.2587,28.6474],[-82.2585,28.6487],[-82.2568,28.6489],[-82.2569,28.6452],[-82.2599,28.6418],[-82.2597,28.6392],[-82.2608,28.6373],[-82.2602,28.635],[-82.2584,28.6335],[-82.2555,28.6327],[-82.2532,28.6296],[-82.2519,28.6291],[-82.2505,28.6301],[-82.2484,28.6299],[-82.2471,28.6272],[-82.2459,28.6268],[-82.2458,28.6247],[-82.2472,28.6238],[-82.2474,28.6225],[-82.2461,28.6199],[-82.2427,28.619],[-82.2425,28.6178],[-82.2434,28.6164],[-82.2416,28.6146],[-82.2422,28.6133],[-82.2411,28.6129],[-82.24,28.6135],[-82.2388,28.6129],[-82.2363,28.61],[-82.2342,28.6087],[-82.2346,28.6058],[-82.2328,28.6028],[-82.2334,28.6014],[-82.233,28.6005],[-82.2301,28.6001],[-82.2283,28.6005],[-82.2278,28.5999],[-82.2281,28.5992],[-82.227,28.5991],[-82.2276,28.5984],[-82.2249,28.5969],[-82.2241,28.5954],[-82.2218,28.5936],[-82.2223,28.5918],[-82.2213,28.5901],[-82.2193,28.5827],[-82.2153,28.5769],[-82.212,28.5741],[-82.207,28.5719],[-82.1989,28.573],[-82.1984,28.5742],[-82.1966,28.5757],[-82.1937,28.575],[-82.1938,28.5743],[-82.1929,28.5738],[-82.1917,28.5749],[-82.1903,28.5729],[-82.1894,28.5737],[-82.187,28.5727],[-82.1873,28.57],[-82.188,28.5695],[-82.1866,28.5686],[-82.1857,28.57],[-82.1848,28.5703],[-82.1832,28.5682],[-82.1815,28.568],[-82.1806,28.5689],[-82.179,28.5688],[-82.1746,28.5668],[-82.173,28.5671],[-82.1731,28.5662],[-82.1721,28.5658],[-82.1683,28.567],[-82.1676,28.5651],[-82.1663,28.5637],[-82.1652,28.5639],[-82.1643,28.566],[-82.1631,28.5666],[-82.1624,28.5687],[-82.1613,28.5685],[-82.1597,28.5695],[-82.1577,28.5697],[-82.1581,28.5718],[-82.1562,28.5733],[-82.1542,28.5718],[-82.1531,28.5719],[-82.1517,28.5706],[-82.1506,28.5712],[-82.1495,28.571],[-82.1462,28.5689],[-82.1439,28.566],[-82.1376,28.5653],[-82.1382,28.5635],[-82.1356,28.5608],[-82.1353,28.5563],[-82.1331,28.5522],[-82.132,28.5513],[-82.1308,28.5464],[-82.1298,28.5463],[-82.1286,28.5449],[-82.1263,28.5446],[-82.1187,28.5406],[-82.1166,28.5408],[-82.1151,28.5425],[-82.1122,28.5441],[-82.1092,28.5437],[-82.1069,28.5405],[-82.1047,28.5347],[-82.0992,28.5299],[-82.0971,28.5254],[-82.0954,28.5238],[-82.0919,28.5233],[-82.0871,28.5245],[-82.085,28.5278],[-82.0806,28.5281],[-82.0703,28.5319],[-82.0678,28.5314],[-82.0652,28.53],[-82.0584,28.5254],[-82.0545,28.5214],[-82.0558,28.3128],[-82.0555,28.248],[-82.049,28.2433],[-82.0081,28.2053],[-82.0056,28.2021],[-81.9953,28.183],[-81.9752,28.1656],[-81.9739,28.1618],[-81.9737,28.1281],[-81.9465,28.1283],[-81.9464,28.1467],[-81.9441,28.1442],[-81.9384,28.1442],[-81.9377,28.1457],[-81.9297,28.1514],[-81.9294,28.1504],[-81.9261,28.1511],[-81.9261,28.1525],[-81.9189,28.1541],[-81.9141,28.1574],[-81.9056,28.1574],[-81.9053,28.1711],[-81.9058,28.172],[-81.8811,28.1717],[-81.881,28.1611],[-81.8687,28.1611],[-81.8687,28.1551],[-81.8709,28.1545],[-81.8704,28.1528],[-81.8647,28.155],[-81.8604,28.1585],[-81.8604,28.1574],[-81.8544,28.1574],[-81.8545,28.1544],[-81.8534,28.1543],[-81.8545,28.1529],[-81.8542,28.1518],[-81.8453,28.1538],[-81.8468,28.1575],[-81.8432,28.1575],[-81.8419,28.1558],[-81.8388,28.1566],[-81.8388,28.1559],[-81.8372,28.1562],[-81.8372,28.1538],[-81.836,28.1538],[-81.8358,28.1647],[-81.8308,28.1646],[-81.8294,28.1652],[-81.8291,28.1674],[-81.8306,28.169],[-81.8307,28.1701],[-81.827,28.1702],[-81.8256,28.1572],[-81.8203,28.1565],[-81.8203,28.1597],[-81.8217,28.1599],[-81.8205,28.161],[-81.8217,28.1657],[-81.8214,28.1674],[-81.8224,28.1684],[-81.8224,28.172],[-81.8143,28.172],[-81.8154,28.1747],[-81.8161,28.1751],[-81.8161,28.1761],[-81.8135,28.1761],[-81.8092,28.172],[-81.8092,28.1741],[-81.8081,28.1741],[-81.8085,28.1752],[-81.81,28.1752],[-81.81,28.1793],[-81.8064,28.1793],[-81.8059,28.1786],[-81.8058,28.1752],[-81.8066,28.1752],[-81.8051,28.1747],[-81.8049,28.1752],[-81.8038,28.1752],[-81.8038,28.1735],[-81.8055,28.1735],[-81.8054,28.172],[-81.7976,28.1721],[-81.7976,28.1664],[-81.7935,28.1666],[-81.7938,28.1842],[-81.7965,28.1841],[-81.7963,28.1794],[-81.8012,28.1793],[-81.8014,28.184],[-81.8059,28.1839],[-81.8059,28.1864],[-81.7893,28.1865],[-81.7894,28.1721],[-81.7859,28.1721],[-81.7859,28.1689],[-81.7891,28.169],[-81.7891,28.1665],[-81.7808,28.1665],[-81.7773,28.1653],[-81.7691,28.1709],[-81.7607,28.1754],[-81.7231,28.1905],[-81.702,28.1998],[-81.6808,28.2102],[-81.6206,28.2543],[-81.6324,28.2573],[-81.6386,28.2577],[-81.6587,28.2543],[-81.6738,28.347],[-81.5319,28.3473],[-81.4752,28.4101],[-81.474,28.4138],[-81.4742,28.4501],[-81.4779,28.45],[-81.4776,28.4553],[-81.4762,28.4569],[-81.4772,28.4573],[-81.4773,28.4623],[-81.4809,28.4609],[-81.4998,28.4608],[-81.5008,28.4631],[-81.5065,28.4702],[-81.5082,28.4758],[-81.5087,28.4961],[-81.5077,28.5017],[-81.5086,28.5066],[-81.5087,28.5197],[-81.506,28.5236],[-81.5036,28.531],[-81.4997,28.5344],[-81.4981,28.5366],[-81.498,28.541],[-81.5048,28.5423],[-81.5049,28.552],[-81.4897,28.552],[-81.4897,28.556],[-81.4921,28.5614],[-81.4921,28.5653],[-81.4909,28.5701],[-81.491,28.5776],[-81.4928,28.5837],[-81.4961,28.5857],[-81.4967,28.5871],[-81.4968,28.6047],[-81.4963,28.6061],[-81.4969,28.6101],[-81.4982,28.6119],[-81.4992,28.6155],[-81.4994,28.6183],[-81.4981,28.6257],[-81.4929,28.6257],[-81.4923,28.6295],[-81.488,28.6331],[-81.4855,28.6333],[-81.4804,28.6319],[-81.48,28.6341],[-81.4594,28.6336],[-81.458,28.6395],[-81.458,28.6402],[-81.4597,28.6402],[-81.4595,28.7133],[-81.458,28.7143],[-81.4507,28.7143],[-81.4486,28.7153],[-81.4456,28.7136],[-81.4414,28.7151],[-81.4394,28.7191],[-81.4316,28.727],[-81.4312,28.7286],[-81.4269,28.7337],[-81.425,28.7352],[-81.4238,28.7353],[-81.4212,28.7405],[-81.4217,28.7409],[-81.4215,28.7445],[-81.4185,28.7546],[-81.4165,28.7553],[-81.4157,28.7597],[-81.4152,28.7637],[-81.4158,28.7645],[-81.4156,28.7665],[-81.4164,28.7695],[-81.4158,28.7734],[-81.4149,28.7749],[-81.4156,28.7825],[-81.4152,28.7844],[-81.4144,28.7851],[-81.4157,28.7861],[-81.4136,28.7918],[-81.4151,28.7971],[-81.4157,28.8026],[-81.4182,28.8065],[-81.418,28.8082],[-81.4196,28.8152],[-81.433,28.8155],[-81.4448,28.811],[-81.4627,28.811],[-81.4652,28.8119],[-81.4757,28.8184],[-81.4895,28.8186],[-81.5032,28.8129],[-81.5245,28.8125],[-81.5279,28.8116],[-81.5335,28.8082],[-81.56,28.8077],[-81.56,28.8059],[-81.5641,28.806],[-81.5641,28.8069],[-81.5708,28.8048],[-81.5762,28.8043],[-81.5761,28.799],[-81.5843,28.7989],[-81.5887,28.7977],[-81.5928,28.7976],[-81.593,28.786],[-81.6467,28.7859],[-81.6511,28.7931],[-81.6594,28.794],[-81.6645,28.7931],[-81.6783,28.7882],[-81.6874,28.7879],[-81.6872,28.8087],[-81.6856,28.8111],[-81.6856,28.815],[-81.6903,28.815],[-81.6897,28.8156],[-81.6902,28.8159],[-81.6882,28.8159],[-81.6877,28.8165],[-81.6882,28.8207],[-81.6906,28.8212],[-81.6915,28.8205],[-81.6912,28.8193],[-81.694,28.8196],[-81.6946,28.8209],[-81.6964,28.8203],[-81.6965,28.8218],[-81.7082,28.8217],[-81.7008,28.829],[-81.7001,28.8291],[-81.6925,28.8383],[-81.6993,28.8368],[-81.6995,28.8359],[-81.7005,28.8359],[-81.7006,28.8364],[-81.7006,28.8359],[-81.7015,28.8358],[-81.7019,28.8363],[-81.7023,28.8352],[-81.7013,28.8333],[-81.7033,28.8319],[-81.7033,28.8327],[-81.7041,28.8327],[-81.7041,28.834],[-81.707,28.8362],[-81.7078,28.8353],[-81.751,28.8352],[-81.7513,28.8385],[-81.7507,28.8421],[-81.752,28.8441],[-81.7541,28.8444],[-81.756,28.8505],[-81.7579,28.8524],[-81.7703,28.8572],[-81.7702,28.8595],[-81.7681,28.8611],[-81.7696,28.8644],[-81.7727,28.8667],[-81.7763,28.8665],[-81.7866,28.8722],[-81.7928,28.8762],[-81.7946,28.8789],[-81.7988,28.8811],[-81.8025,28.8806],[-81.8084,28.8817],[-81.8177,28.8864],[-81.8185,28.8871],[-81.8176,28.887],[-81.8181,28.8873],[-81.8207,28.8884],[-81.8218,28.8878],[-81.8288,28.8915],[-81.829,28.8907],[-81.8392,28.8947],[-81.8392,28.8931],[-81.8448,28.8903],[-81.8502,28.8815],[-81.8555,28.884],[-81.8576,28.8842],[-81.8586,28.8857],[-81.864,28.887],[-81.9061,28.8871],[-81.9055,28.8894],[-81.9065,28.8893],[-81.9064,28.8883],[-81.9117,28.8885],[-81.9122,28.887],[-81.9171,28.8869],[-81.9171,28.8834],[-81.9181,28.8834],[-81.9181,28.8867],[-81.9203,28.887],[-81.9535,28.887],[-81.9542,28.9601],[-82.3117,28.9604]]]},"properties":{"chamber":"CD","district_number":"11","geoid":"1211","name":"Congressional District 11","label":"Congressional District 11"}},{"type":"Feature","geometry":{"type":"Polygon","coordinates":[[[-81.6738,28.347],[-81.6586,28.2541],[-81.6399,28.2576],[-81.6329,28.2574],[-81.6216,28.2548],[-81.6134,28.2503],[-81.6004,28.2455],[-81.5949,28.246],[-81.5902,28.2449],[-81.5791,28.2448],[-81.5715,28.2433],[-81.567,28.2418],[-81.5641,28.2405],[-81.5524,28.2326],[-81.5395,28.2282],[-81.5241,28.201],[-81.5242,28.1428],[-81.5173,28.143],[-81.5173,28.1425],[-81.5218,28.1396],[-81.5266,28.1405],[-81.5307,28.1398],[-81.5386,28.1353],[-81.5407,28.1334],[-81.5392,28.1316],[-81.5386,28.129],[-81.5372,28.127],[-81.5373,28.1253],[-81.5352,28.1219],[-81.5329,28.1198],[-81.5289,28.1189],[-81.5277,28.118],[-81.5293,28.1166],[-81.5313,28.1161],[-81.5344,28.1165],[-81.5357,28.116],[-81.5375,28.1143],[-81.5382,28.1107],[-81.5393,28.109],[-81.5383,28.108],[-81.5381,28.1056],[-81.5311,28.101],[-81.5298,28.0977],[-81.528,28.0956],[-81.5275,28.093],[-81.5259,28.0915],[-81.525,28.0895],[-81.5238,28.0801],[-81.5211,28.0772],[-81.522,28.0726],[-81.5205,28.0706],[-81.5201,28.0673],[-81.5184,28.0671],[-81.5166,28.061],[-81.515,28.0585],[-81.5169,28.055],[-81.5187,28.0535],[-81.5203,28.0534],[-81.5211,28.0525],[-81.5278,28.0539],[-81.529,28.0536],[-81.5292,28.0343],[-81.5209,28.0312],[-81.515,28.0273],[-81.5128,28.0267],[-81.456,28.0274],[-81.4509,28.031],[-81.4517,28.0317],[-81.4532,28.0305],[-81.4523,28.0318],[-81.4532,28.0317],[-81.4532,28.0345],[-81.452,28.0332],[-81.4525,28.0323],[-81.4509,28.0338],[-81.4483,28.0323],[-81.4404,28.0339],[-81.439,28.0328],[-81.4386,28.0332],[-81.4347,28.0253],[-81.4325,28.0224],[-81.4292,28.021],[-81.4286,28.0188],[-81.4281,28.0208],[-81.4291,28.0217],[-81.4281,28.0215],[-81.4211,28.0034],[-81.4159,27.9982],[-81.4139,27.9991],[-81.4147,28],[-81.4143,28.0006],[-81.4086,28.0011],[-81.4037,28.0028],[-81.3982,28.003],[-81.3925,28.0046],[-81.3868,28.0035],[-81.3873,28.003],[-81.3861,28.0016],[-81.3858,27.9994],[-81.3845,27.9994],[-81.3836,27.9972],[-81.3826,27.9977],[-81.3785,27.989],[-81.3786,27.9884],[-81.3809,27.988],[-81.3819,27.985],[-81.381,27.9834],[-81.3801,27.983],[-81.3771,27.9841],[-81.3764,27.9819],[-81.3765,27.9783],[-81.375,27.9782],[-81.3732,27.977],[-81.3706,27.9779],[-81.3688,27.9754],[-81.3687,27.9738],[-81.3651,27.9729],[-81.3498,27.9638],[-81.348,27.9607],[-81.3485,27.9555],[-81.349,27.9543],[-81.3499,27.9551],[-81.3498,27.9539],[-81.3481,27.9531],[-81.3473,27.9535],[-81.3451,27.9523],[-81.3436,27.9523],[-81.344,27.9528],[-81.343,27.9531],[-81.3409,27.951],[-81.3382,27.951],[-81.3368,27.9499],[-81.3367,27.9453],[-81.3384,27.9405],[-81.3382,27.9392],[-81.3406,27.9407],[-81.3459,27.9415],[-81.3464,27.9411],[-81.3457,27.9409],[-81.3461,27.9402],[-81.3475,27.9392],[-81.3467,27.9368],[-81.3455,27.9357],[-81.344,27.9362],[-81.3416,27.9327],[-81.3387,27.9313],[-81.3383,27.9334],[-81.3334,27.9304],[-81.3213,27.9264],[-81.3178,27.9243],[-81.3171,27.9249],[-81.3188,27.9281],[-81.3179,27.9287],[-81.316,27.9285],[-81.3144,27.9258],[-81.3121,27.9251],[-81.3087,27.9219],[-81.3092,27.9153],[-81.3123,27.9102],[-81.3139,27.9047],[-81.3148,27.9038],[-81.3149,27.9012],[-81.3128,27.8956],[-81.308,27.8896],[-81.3061,27.8862],[-81.3045,27.8805],[-81.3059,27.8768],[-81.3044,27.8704],[-81.303,27.87],[-81.2973,27.8627],[-81.2975,27.8623],[-81.2989,27.8625],[-81.3015,27.8652],[-81.3023,27.8636],[-81.3019,27.8621],[-81.2988,27.8614],[-81.2971,27.8596],[-81.292,27.8576],[-81.2813,27.8575],[-81.2815,27.8558],[-81.2791,27.852],[-81.2773,27.8508],[-81.2729,27.8502],[-81.2632,27.8471],[-81.2608,27.847],[-81.2578,27.8481],[-81.2585,27.847],[-81.2599,27.8465],[-81.2591,27.846],[-81.2562,27.8472],[-81.2542,27.8488],[-81.2505,27.8489],[-81.2502,27.8484],[-81.2506,27.847],[-81.2512,27.8469],[-81.2515,27.845],[-81.2503,27.8436],[-81.2486,27.8453],[-81.248,27.8476],[-81.2463,27.8479],[-81.2465,27.8488],[-81.2417,27.8457],[-81.241,27.8465],[-81.2414,27.8472],[-81.2348,27.8437],[-81.2311,27.8428],[-81.2247,27.8369],[-81.2208,27.8349],[-81.2153,27.8297],[-81.2144,27.8285],[-81.2155,27.8266],[-81.214,27.8241],[-81.208,27.821],[-81.21,27.8192],[-81.2092,27.8176],[-81.2099,27.8172],[-81.2091,27.8153],[-81.2067,27.8133],[-81.2065,27.8124],[-81.2086,27.8122],[-81.2061,27.8117],[-81.2048,27.8101],[-81.2041,27.8106],[-81.2038,27.8088],[-81.2007,27.8037],[-81.2005,27.7974],[-81.2001,27.797],[-81.1996,27.7976],[-81.1986,27.7973],[-81.1963,27.7908],[-81.1943,27.7898],[-81.192,27.7869],[-81.1896,27.7853],[-81.1894,27.7823],[-81.186,27.779],[-81.1857,27.7782],[-81.1874,27.7765],[-81.1875,27.775],[-81.1847,27.7729],[-81.1825,27.7745],[-81.1811,27.7742],[-81.181,27.77],[-81.1786,27.7709],[-81.1782,27.7705],[-81.1791,27.7658],[-81.175,27.7644],[-81.1742,27.7622],[-81.173,27.7609],[-81.173,27.7595],[-81.1736,27.7587],[-81.1743,27.7594],[-81.178,27.7589],[-81.1791,27.7555],[-81.1787,27.7521],[-81.1755,27.7497],[-81.1759,27.748],[-81.1745,27.7456],[-81.174,27.7455],[-81.1729,27.7474],[-81.1712,27.7465],[-81.1706,27.7438],[-81.1718,27.7437],[-81.1718,27.7432],[-81.1681,27.7422],[-81.1676,27.7429],[-81.1664,27.743],[-81.165,27.7423],[-81.1645,27.7354],[-81.165,27.7345],[-81.1659,27.7349],[-81.1668,27.7342],[-81.1655,27.7321],[-81.1676,27.7329],[-81.1687,27.732],[-81.1683,27.7297],[-81.1669,27.7287],[-81.1685,27.7282],[-81.1688,27.7263],[-81.1671,27.7246],[-81.1674,27.7234],[-81.1668,27.7231],[-81.1653,27.7243],[-81.1613,27.7242],[-81.1608,27.7238],[-81.16,27.7193],[-81.159,27.7185],[-81.1531,27.7186],[-81.1523,27.718],[-81.1518,27.7162],[-81.1507,27.7176],[-81.1506,27.7155],[-81.149,27.7129],[-81.1458,27.7103],[-81.1468,27.709],[-81.146,27.7063],[-81.1475,27.7057],[-81.1474,27.7044],[-81.1493,27.703],[-81.148,27.6992],[-81.1498,27.7002],[-81.1502,27.6998],[-81.1473,27.6964],[-81.149,27.692],[-81.1466,27.6909],[-81.1477,27.689],[-81.1462,27.6865],[-81.1467,27.6858],[-81.1459,27.6851],[-81.1449,27.6822],[-81.1461,27.6825],[-81.1469,27.6819],[-81.1447,27.6795],[-81.1454,27.6776],[-81.1441,27.6761],[-81.1452,27.6738],[-81.1443,27.6697],[-81.1436,27.6691],[-81.1433,27.6707],[-81.1422,27.6706],[-81.1418,27.6685],[-81.14,27.6673],[-81.1384,27.665],[-81.1341,27.6621],[-81.1318,27.6615],[-81.131,27.6593],[-81.1325,27.6541],[-81.1312,27.6505],[-81.1325,27.6475],[-81.1339,27.6491],[-81.1346,27.6476],[-81.1338,27.6472],[-81.1339,27.6467],[-81.1376,27.6442],[-81.1382,27.6444],[-81.1373,27.6453],[-81.1373,27.647],[-81.14,27.6467],[-81.1422,27.6432],[-81.027,27.642],[-80.8731,27.6423],[-80.8738,27.7339],[-80.8801,27.7337],[-80.8816,27.8225],[-80.8689,27.8225],[-80.8694,27.9639],[-80.87,27.9826],[-80.8695,28.0485],[-80.8701,28.0571],[-80.8693,28.0651],[-80.8693,28.0847],[-80.8629,28.0847],[-80.8614,28.2523],[-80.8628,28.3471],[-80.8687,28.3525],[-80.8736,28.3606],[-80.8738,28.3641],[-80.8724,28.3677],[-80.8728,28.3696],[-80.8935,28.3708],[-80.8978,28.3717],[-80.9374,28.3895],[-80.941,28.3918],[-80.945,28.3965],[-80.9586,28.4262],[-80.9791,28.4527],[-81.1113,28.4515],[-81.2303,28.4515],[-81.2311,28.4583],[-81.2372,28.4701],[-81.2396,28.4775],[-81.2429,28.4917],[-81.2435,28.5001],[-81.2478,28.5101],[-81.2798,28.51],[-81.2907,28.5161],[-81.3032,28.5208],[-81.3036,28.5201],[-81.3021,28.5197],[-81.3021,28.5181],[-81.3062,28.5181],[-81.3062,28.5172],[-81.3082,28.5171],[-81.3082,28.5177],[-81.3089,28.5177],[-81.309,28.5171],[-81.3114,28.5171],[-81.3115,28.5146],[-81.3194,28.5148],[-81.3219,28.5162],[-81.3241,28.5165],[-81.3254,28.5163],[-81.3275,28.5139],[-81.3289,28.5133],[-81.3401,28.5132],[-81.3415,28.5147],[-81.3434,28.5147],[-81.3436,28.5132],[-81.3831,28.5129],[-81.3842,28.5131],[-81.3858,28.5146],[-81.39,28.5147],[-81.397,28.5101],[-81.3967,28.4678],[-81.3972,28.4633],[-81.4038,28.4402],[-81.4048,28.4345],[-81.409,28.4334],[-81.4138,28.431],[-81.4168,28.4283],[-81.4204,28.4235],[-81.4244,28.4216],[-81.4676,28.4211],[-81.4724,28.4196],[-81.4738,28.4177],[-81.4741,28.4127],[-81.4752,28.4101],[-81.5319,28.3473],[-81.6738,28.347]]]},"properties":{"chamber":"CD","district_number":"9","geoid":"1209","name":"Congressional District 9","label":"Congressional District 9"}},{"type":"Feature","geometry":{"type":"Polygon","coordinates":[[[-81.0952,28.5488],[-81.089,28.5442],[-81.0801,28.536],[-81.0659,28.518],[-81.071,28.518],[-81.071,28.5175],[-81.0684,28.5175],[-81.0684,28.5157],[-81.067,28.5157],[-81.0645,28.5124],[-81.0636,28.513],[-81.0627,28.5119],[-81.0631,28.4962],[-81.0618,28.4961],[-81.0613,28.4521],[-80.9791,28.4527],[-80.9578,28.4249],[-80.9452,28.3969],[-80.9421,28.3927],[-80.9374,28.3895],[-80.8985,28.3719],[-80.8935,28.3708],[-80.8728,28.3696],[-80.8724,28.3677],[-80.8738,28.3641],[-80.8736,28.3606],[-80.8687,28.3525],[-80.8628,28.3471],[-80.8614,28.2523],[-80.8629,28.0847],[-80.8693,28.0847],[-80.8693,28.0651],[-80.8701,28.0571],[-80.8695,28.0485],[-80.87,27.9826],[-80.8694,27.9639],[-80.8689,27.8225],[-80.8816,27.8225],[-80.8801,27.7337],[-80.8738,27.7339],[-80.8731,27.6423],[-80.778,27.6432],[-80.7772,27.5587],[-80.5257,27.5587],[-80.2635,27.5568],[-80.2685,27.5729],[-80.2748,27.5982],[-80.2814,27.6212],[-80.2949,27.6393],[-80.2965,27.6534],[-80.2989,27.6621],[-80.3012,27.6671],[-80.3094,27.6938],[-80.3281,27.7503],[-80.3325,27.7612],[-80.3419,27.777],[-80.3748,27.8406],[-80.3994,27.8915],[-80.406,27.9015],[-80.429,27.9415],[-80.4605,28.0003],[-80.4998,28.0772],[-80.5342,28.2342],[-80.544,28.2711],[-80.5342,28.3357],[-80.5194,28.3911],[-80.4998,28.4095],[-80.4936,28.4131],[-80.4877,28.4184],[-80.4812,28.4255],[-80.4762,28.4341],[-80.4723,28.4434],[-80.4694,28.4531],[-80.4686,28.4631],[-80.4706,28.4723],[-80.4781,28.4925],[-80.5036,28.5404],[-80.5088,28.5659],[-80.5113,28.5752],[-80.5151,28.5877],[-80.523,28.6082],[-80.5268,28.6145],[-80.5365,28.6253],[-80.6115,28.7194],[-80.6248,28.7353],[-80.6635,28.7906],[-80.8076,28.7914],[-80.9679,28.7902],[-80.9645,28.613],[-81.0677,28.6127],[-81.0693,28.6082],[-81.0743,28.6069],[-81.0745,28.6057],[-81.0736,28.6037],[-81.0746,28.5994],[-81.0759,28.5978],[-81.075,28.5967],[-81.075,28.5956],[-81.077,28.5931],[-81.0777,28.5906],[-81.077,28.5883],[-81.0774,28.5846],[-81.077,28.582],[-81.081,28.5763],[-81.0848,28.5773],[-81.0863,28.5767],[-81.0853,28.5741],[-81.0868,28.5717],[-81.0878,28.572],[-81.0894,28.5662],[-81.0911,28.5644],[-81.0952,28.5488]]]},"properties":{"chamber":"CD","district_number":"8","geoid":"1208","name":"Congressional District 8","label":"Congressional District 8"}},{"type":"Feature","geometry":{"type":"Polygon","coordinates":[[[-80.2932,25.925],[-80.2919,25.8963],[-80.2843,25.8965],[-80.2812,25.8952],[-80.2753,25.8896],[-80.275,25.8816],[-80.2594,25.8821],[-80.2591,25.8707],[-80.2426,25.8714],[-80.2417,25.8461],[-80.2499,25.8458],[-80.2496,25.8362],[-80.2536,25.836],[-80.253,25.8236],[-80.251,25.8236],[-80.2509,25.8214],[-80.2488,25.8214],[-80.2488,25.8207],[-80.2509,25.8207],[-80.2509,25.8199],[-80.2488,25.82],[-80.2486,25.8149],[-80.2466,25.8151],[-80.2465,25.8157],[-80.2425,25.8158],[-80.2424,25.8127],[-80.2356,25.812],[-80.2091,25.8126],[-80.2004,25.8115],[-80.1854,25.8115],[-80.1854,25.8054],[-80.1894,25.8054],[-80.1891,25.7962],[-80.2053,25.7952],[-80.2052,25.7922],[-80.2038,25.7891],[-80.2003,25.7888],[-80.1951,25.7865],[-80.1922,25.7859],[-80.1896,25.7859],[-80.1855,25.7872],[-80.1774,25.7872],[-80.1758,25.786],[-80.1729,25.7817],[-80.169,25.7797],[-80.1691,25.7792],[-80.1369,25.7652],[-80.1382,25.7652],[-80.1376,25.7648],[-80.1386,25.7645],[-80.1491,25.7639],[-80.1488,25.7624],[-80.1322,25.7499],[-80.1325,25.7485],[-80.0918,25.7211],[-80.0828,25.7286],[-80.0771,25.7357],[-80.0731,25.743],[-80.0706,25.7504],[-80.0693,25.7585],[-80.0698,25.7685],[-80.0726,25.7793],[-80.0716,25.7855],[-80.067,25.8024],[-80.065,25.8221],[-80.0643,25.8393],[-80.0629,25.8483],[-80.0629,25.8547],[-80.0657,25.8812],[-80.0656,25.8902],[-80.0638,25.9016],[-80.064,25.908],[-80.0654,25.9152],[-80.064,25.9204],[-80.063,25.9276],[-80.0632,25.9342],[-80.0642,25.9408],[-80.0631,25.9536],[-80.0628,25.968],[-80.0633,25.9744],[-80.0629,25.9768],[-80.1233,25.9751],[-80.1239,25.9745],[-80.1332,25.9741],[-80.1339,25.9741],[-80.134,25.9749],[-80.1657,25.9738],[-80.1659,25.979],[-80.1651,25.9843],[-80.1657,25.9893],[-80.1655,25.9962],[-80.2071,25.9953],[-80.207,25.9939],[-80.2093,25.9939],[-80.2093,25.9924],[-80.2151,25.9925],[-80.2151,25.9933],[-80.2193,25.9931],[-80.2192,25.9924],[-80.2204,25.9921],[-80.2212,25.9928],[-80.2212,25.9945],[-80.2232,25.9944],[-80.2232,25.9952],[-80.225,25.9951],[-80.2271,25.9924],[-80.2272,25.9951],[-80.2792,25.9938],[-80.2783,25.9565],[-80.2767,25.9251],[-80.2932,25.925]]]},"properties":{"chamber":"CD","district_number":"24","geoid":"1224","name":"Congressional District 24","label":"Congressional District 24"}},{"type":"Feature","geometry":{"type":"Polygon","coordinates":[[[-82.0576,27.1265],[-82.0575,27.0321],[-81.9925,27.0317],[-81.9832,27.0353],[-81.6619,27.0334],[-81.5626,27.0338],[-81.5666,26.713],[-81.5638,26.5133],[-81.5444,26.5135],[-81.4347,26.4855],[-81.4338,26.4293],[-81.4352,26.4293],[-81.4352,26.4284],[-81.4352,26.4257],[-81.4337,26.4257],[-81.4337,26.425],[-81.4357,26.4248],[-81.4337,26.4247],[-81.4335,26.4184],[-81.4235,26.4185],[-81.4234,26.4167],[-81.4207,26.4167],[-81.4208,26.4186],[-81.4119,26.4186],[-81.4091,26.4181],[-81.3854,26.4191],[-81.3363,26.4189],[-81.3202,26.4194],[-81.3015,26.4225],[-81.2719,26.4226],[-81.2708,26.3502],[-81.2682,26.2531],[-81.1229,26.2558],[-80.9766,26.2572],[-80.8797,26.2593],[-80.8819,26.3461],[-80.88,26.3461],[-80.8831,26.4475],[-80.8831,26.4782],[-80.8858,26.6092],[-80.8861,26.9492],[-80.8856,26.9589],[-80.8327,27.0004],[-80.7498,27.0633],[-80.6935,27.1081],[-80.6774,27.1216],[-80.6787,27.294],[-80.6777,27.2941],[-80.678,27.3754],[-80.68,27.526],[-80.6797,27.5587],[-80.7772,27.5587],[-80.778,27.6432],[-80.8638,27.6421],[-81.0229,27.642],[-81.1422,27.6432],[-81.14,27.6467],[-81.1373,27.647],[-81.1373,27.6453],[-81.1382,27.6444],[-81.1376,27.6442],[-81.1339,27.6467],[-81.1338,27.6472],[-81.1346,27.6476],[-81.1339,27.6491],[-81.1325,27.6475],[-81.1312,27.6505],[-81.1325,27.6541],[-81.131,27.6593],[-81.1318,27.6615],[-81.1341,27.6621],[-81.1384,27.665],[-81.14,27.6673],[-81.1418,27.6685],[-81.1422,27.6706],[-81.1433,27.6707],[-81.1436,27.6691],[-81.1443,27.6697],[-81.1452,27.6738],[-81.1441,27.6761],[-81.1454,27.6776],[-81.1447,27.6795],[-81.1469,27.6819],[-81.1461,27.6825],[-81.1449,27.6822],[-81.1459,27.6851],[-81.1467,27.6858],[-81.1462,27.6865],[-81.1477,27.689],[-81.1466,27.6909],[-81.149,27.692],[-81.1473,27.6964],[-81.1502,27.6998],[-81.1498,27.7002],[-81.148,27.6992],[-81.1493,27.703],[-81.1474,27.7044],[-81.1475,27.7057],[-81.146,27.7063],[-81.1468,27.709],[-81.1458,27.7103],[-81.149,27.7129],[-81.1506,27.7155],[-81.1507,27.7176],[-81.1518,27.7162],[-81.1523,27.718],[-81.1531,27.7186],[-81.159,27.7185],[-81.16,27.7193],[-81.1608,27.7238],[-81.1613,27.7242],[-81.1653,27.7243],[-81.1668,27.7231],[-81.1674,27.7234],[-81.1671,27.7246],[-81.1688,27.7263],[-81.1685,27.7282],[-81.1669,27.7287],[-81.1683,27.7297],[-81.1687,27.732],[-81.1676,27.7329],[-81.1655,27.7321],[-81.1668,27.7342],[-81.1659,27.7349],[-81.165,27.7345],[-81.1645,27.7354],[-81.165,27.7423],[-81.1664,27.743],[-81.1676,27.7429],[-81.1681,27.7422],[-81.1718,27.7432],[-81.1718,27.7437],[-81.1706,27.7438],[-81.1712,27.7465],[-81.1729,27.7474],[-81.174,27.7455],[-81.1745,27.7456],[-81.1759,27.748],[-81.1755,27.7497],[-81.1787,27.7521],[-81.1791,27.7555],[-81.178,27.7589],[-81.1743,27.7594],[-81.1736,27.7587],[-81.173,27.7595],[-81.173,27.7609],[-81.1742,27.7622],[-81.175,27.7644],[-81.1791,27.7658],[-81.1782,27.7705],[-81.1786,27.7709],[-81.181,27.77],[-81.1811,27.7742],[-81.1825,27.7745],[-81.1847,27.7729],[-81.1875,27.775],[-81.1874,27.7765],[-81.1857,27.7782],[-81.186,27.779],[-81.1894,27.7823],[-81.1896,27.7853],[-81.192,27.7869],[-81.1943,27.7898],[-81.1963,27.7908],[-81.1986,27.7973],[-81.1996,27.7976],[-81.2001,27.797],[-81.2005,27.7974],[-81.2007,27.8037],[-81.2038,27.8088],[-81.2041,27.8106],[-81.2048,27.8101],[-81.2061,27.8117],[-81.2086,27.8122],[-81.2065,27.8124],[-81.2067,27.8133],[-81.2091,27.8153],[-81.2099,27.8172],[-81.2092,27.8176],[-81.21,27.8192],[-81.208,27.821],[-81.214,27.8241],[-81.2155,27.8266],[-81.2144,27.8285],[-81.2153,27.8297],[-81.2208,27.8349],[-81.2247,27.8369],[-81.2311,27.8428],[-81.2348,27.8437],[-81.2414,27.8472],[-81.241,27.8465],[-81.2417,27.8457],[-81.2465,27.8488],[-81.2463,27.8479],[-81.248,27.8476],[-81.2486,27.8453],[-81.2503,27.8436],[-81.2515,27.845],[-81.2512,27.8469],[-81.2506,27.847],[-81.2502,27.8484],[-81.2505,27.8489],[-81.2542,27.8488],[-81.2562,27.8472],[-81.2591,27.846],[-81.2599,27.8465],[-81.2585,27.847],[-81.2578,27.8481],[-81.2608,27.847],[-81.2632,27.8471],[-81.2729,27.8502],[-81.2773,27.8508],[-81.2791,27.852],[-81.2815,27.8558],[-81.2813,27.8575],[-81.292,27.8576],[-81.2971,27.8596],[-81.2988,27.8614],[-81.3019,27.8621],[-81.3023,27.8636],[-81.3015,27.8652],[-81.2989,27.8625],[-81.2975,27.8623],[-81.2973,27.8627],[-81.303,27.87],[-81.3044,27.8704],[-81.3059,27.8768],[-81.3045,27.8805],[-81.3061,27.8862],[-81.308,27.8896],[-81.3128,27.8956],[-81.3149,27.9012],[-81.3148,27.9038],[-81.3139,27.9047],[-81.3123,27.9102],[-81.3092,27.9153],[-81.3087,27.9219],[-81.3121,27.9251],[-81.3144,27.9258],[-81.316,27.9285],[-81.3179,27.9287],[-81.3188,27.9281],[-81.3171,27.9249],[-81.3178,27.9243],[-81.3213,27.9264],[-81.3334,27.9304],[-81.3383,27.9334],[-81.3387,27.9313],[-81.3416,27.9327],[-81.344,27.9362],[-81.3455,27.9357],[-81.3467,27.9368],[-81.3475,27.9392],[-81.3461,27.9402],[-81.3457,27.9409],[-81.3464,27.9411],[-81.3459,27.9415],[-81.3406,27.9407],[-81.3382,27.9392],[-81.3384,27.9405],[-81.3367,27.9453],[-81.3368,27.9499],[-81.3382,27.951],[-81.3409,27.951],[-81.343,27.9531],[-81.344,27.9528],[-81.3436,27.9523],[-81.3451,27.9523],[-81.3473,27.9535],[-81.3481,27.9531],[-81.3498,27.9539],[-81.3499,27.9551],[-81.349,27.9543],[-81.3485,27.9555],[-81.348,27.9607],[-81.3498,27.9638],[-81.3651,27.9729],[-81.3687,27.9738],[-81.3688,27.9754],[-81.3706,27.9779],[-81.3732,27.977],[-81.375,27.9782],[-81.3765,27.9783],[-81.3764,27.9819],[-81.3771,27.9841],[-81.3801,27.983],[-81.381,27.9834],[-81.3819,27.985],[-81.3809,27.988],[-81.3786,27.9884],[-81.3785,27.989],[-81.3826,27.9977],[-81.3836,27.9972],[-81.3845,27.9994],[-81.3858,27.9994],[-81.3861,28.0016],[-81.3873,28.003],[-81.3868,28.0035],[-81.3925,28.0046],[-81.3982,28.003],[-81.4037,28.0028],[-81.4086,28.0011],[-81.4143,28.0006],[-81.4147,28],[-81.4139,27.9991],[-81.4159,27.9982],[-81.4211,28.0034],[-81.4281,28.0215],[-81.4291,28.0217],[-81.4281,28.0208],[-81.4286,28.0188],[-81.4292,28.021],[-81.4325,28.0224],[-81.4347,28.0253],[-81.4386,28.0332],[-81.439,28.0328],[-81.4404,28.0339],[-81.4483,28.0323],[-81.4509,28.0338],[-81.4525,28.0323],[-81.452,28.0332],[-81.4532,28.0345],[-81.4532,28.0317],[-81.4523,28.0318],[-81.4532,28.0305],[-81.4517,28.0317],[-81.4509,28.031],[-81.456,28.0274],[-81.5128,28.0267],[-81.515,28.0273],[-81.5209,28.0312],[-81.5292,28.0343],[-81.529,28.0536],[-81.5278,28.0539],[-81.5211,28.0525],[-81.5203,28.0534],[-81.5187,28.0535],[-81.5169,28.055],[-81.515,28.0585],[-81.5166,28.061],[-81.5184,28.0671],[-81.5201,28.0673],[-81.5205,28.0706],[-81.522,28.0726],[-81.5211,28.0772],[-81.5238,28.0801],[-81.525,28.0895],[-81.5259,28.0915],[-81.5275,28.093],[-81.528,28.0956],[-81.5298,28.0977],[-81.5311,28.101],[-81.5381,28.1056],[-81.5383,28.108],[-81.5393,28.109],[-81.5382,28.1107],[-81.5375,28.1143],[-81.5357,28.116],[-81.5344,28.1165],[-81.5313,28.1161],[-81.5293,28.1166],[-81.5277,28.118],[-81.5289,28.1189],[-81.5329,28.1198],[-81.5352,28.1219],[-81.5373,28.1253],[-81.5372,28.127],[-81.5386,28.129],[-81.5392,28.1316],[-81.5407,28.1334],[-81.5386,28.1353],[-81.5307,28.1398],[-81.5266,28.1405],[-81.5218,28.1396],[-81.5173,28.1425],[-81.5173,28.143],[-81.5242,28.1428],[-81.5241,28.201],[-81.5395,28.2282],[-81.5524,28.2326],[-81.5646,28.2408],[-81.5706,28.2431],[-81.5791,28.2448],[-81.5902,28.2449],[-81.5949,28.246],[-81.6004,28.2455],[-81.6134,28.2503],[-81.6206,28.2543],[-81.6808,28.2102],[-81.702,28.1998],[-81.7231,28.1905],[-81.7607,28.1754],[-81.7691,28.1709],[-81.7773,28.1653],[-81.7808,28.1665],[-81.7891,28.1665],[-81.7891,28.169],[-81.7859,28.1689],[-81.7859,28.1721],[-81.7894,28.1721],[-81.7893,28.1865],[-81.8059,28.1864],[-81.8059,28.1839],[-81.8014,28.184],[-81.8012,28.1793],[-81.7963,28.1794],[-81.7965,28.1841],[-81.7938,28.1842],[-81.7935,28.1666],[-81.7976,28.1664],[-81.7976,28.1721],[-81.8054,28.172],[-81.8055,28.1735],[-81.8038,28.1735],[-81.8038,28.1752],[-81.8049,28.1752],[-81.8051,28.1747],[-81.8066,28.1752],[-81.8058,28.1752],[-81.8059,28.1786],[-81.8064,28.1793],[-81.81,28.1793],[-81.81,28.1752],[-81.8085,28.1752],[-81.8081,28.1741],[-81.8092,28.1741],[-81.8092,28.172],[-81.8135,28.1761],[-81.8161,28.1761],[-81.8161,28.1751],[-81.8154,28.1747],[-81.8143,28.172],[-81.8224,28.172],[-81.8224,28.1684],[-81.8214,28.1674],[-81.8217,28.1657],[-81.8205,28.161],[-81.8217,28.1599],[-81.8203,28.1597],[-81.8203,28.1565],[-81.8256,28.1572],[-81.827,28.1702],[-81.8307,28.1701],[-81.8306,28.169],[-81.8291,28.1674],[-81.8294,28.1652],[-81.8308,28.1646],[-81.8358,28.1647],[-81.836,28.1538],[-81.8372,28.1538],[-81.8372,28.1562],[-81.8388,28.1559],[-81.8388,28.1566],[-81.8419,28.1558],[-81.8432,28.1575],[-81.8468,28.1575],[-81.8453,28.1538],[-81.8542,28.1518],[-81.8545,28.1529],[-81.8534,28.1543],[-81.8545,28.1544],[-81.8544,28.1574],[-81.8604,28.1574],[-81.8604,28.1585],[-81.8647,28.155],[-81.8704,28.1528],[-81.8709,28.1545],[-81.8687,28.1551],[-81.8687,28.1611],[-81.881,28.1611],[-81.8811,28.1717],[-81.9058,28.172],[-81.9053,28.1711],[-81.9056,28.1574],[-81.9141,28.1574],[-81.9189,28.1541],[-81.9261,28.1525],[-81.9261,28.1511],[-81.9294,28.1504],[-81.9297,28.1514],[-81.9377,28.1457],[-81.9384,28.1442],[-81.9441,28.1442],[-81.9464,28.1467],[-81.9465,28.1283],[-81.9737,28.1281],[-81.9736,28.0899],[-81.9718,28.0865],[-81.9597,28.0749],[-81.9583,28.0727],[-81.9574,28.0698],[-81.957,28.0135],[-81.9553,28.0135],[-81.9553,28.0127],[-81.957,28.0122],[-81.9569,27.982],[-81.9609,27.9821],[-81.9609,27.9749],[-81.9735,27.9749],[-81.9734,27.9676],[-81.9897,27.9676],[-81.9896,27.9531],[-82.0019,27.9528],[-82.0018,27.9385],[-82.0212,27.9383],[-82.0248,27.9349],[-82.0267,27.9287],[-82.0302,27.9236],[-82.0335,27.9261],[-82.0375,27.9274],[-82.0553,27.9273],[-82.0553,27.8682],[-82.054,27.8546],[-82.054,27.816],[-82.0549,27.7758],[-82.0542,27.6466],[-82.0565,27.2754],[-82.0561,27.2495],[-82.0576,27.1265]]]},"properties":{"chamber":"CD","district_number":"18","geoid":"1218","name":"Congressional District 18","label":"Congressional District 18"}},{"type":"Feature","geometry":{"type":"Polygon","coordinates":[[[-80.4497,26.1418],[-80.4433,26.1129],[-80.442,26.0442],[-80.4394,25.9569],[-80.295,25.9568],[-80.2952,25.9706],[-80.2788,25.971],[-80.2792,25.9938],[-80.2272,25.9951],[-80.2271,25.9924],[-80.225,25.9951],[-80.2232,25.9952],[-80.2232,25.9944],[-80.2212,25.9945],[-80.2212,25.9928],[-80.2204,25.9921],[-80.2192,25.9924],[-80.2193,25.9931],[-80.2151,25.9933],[-80.2151,25.9925],[-80.2093,25.9924],[-80.2093,25.9939],[-80.207,25.9939],[-80.2071,25.9953],[-80.1655,25.9962],[-80.1657,25.9893],[-80.1651,25.9843],[-80.1659,25.979],[-80.1657,25.9738],[-80.134,25.9749],[-80.1339,25.9741],[-80.1332,25.9741],[-80.1239,25.9745],[-80.1233,25.9751],[-80.0629,25.9768],[-80.0611,25.9885],[-80.0602,26.0061],[-80.0545,26.0731],[-80.0508,26.0832],[-80.0493,26.0928],[-80.1243,26.0931],[-80.1243,26.0968],[-80.1327,26.0966],[-80.1327,26.0976],[-80.1345,26.0975],[-80.1344,26.0985],[-80.1387,26.0983],[-80.1387,26.0993],[-80.1406,26.0994],[-80.1404,26.0982],[-80.1423,26.0979],[-80.142,26.0964],[-80.153,26.0963],[-80.153,26.0972],[-80.155,26.0971],[-80.155,26.0963],[-80.161,26.0962],[-80.1612,26.0991],[-80.1589,26.1072],[-80.1754,26.1067],[-80.1933,26.1047],[-80.1934,26.1062],[-80.1954,26.106],[-80.1954,26.1065],[-80.2014,26.1059],[-80.2014,26.1045],[-80.2046,26.1039],[-80.2061,26.1042],[-80.209,26.1062],[-80.2337,26.1058],[-80.2342,26.1208],[-80.2524,26.1207],[-80.2564,26.1263],[-80.2597,26.1268],[-80.2599,26.1306],[-80.2612,26.133],[-80.2646,26.1306],[-80.2701,26.1356],[-80.2874,26.1355],[-80.2869,26.1386],[-80.2872,26.1474],[-80.2864,26.1489],[-80.284,26.1501],[-80.2978,26.15],[-80.2978,26.1604],[-80.314,26.1607],[-80.314,26.1229],[-80.3153,26.1229],[-80.3153,26.1281],[-80.3166,26.1297],[-80.3197,26.1301],[-80.3214,26.1288],[-80.3214,26.1312],[-80.3269,26.1313],[-80.3302,26.1312],[-80.3302,26.1192],[-80.3463,26.1231],[-80.3463,26.1167],[-80.3503,26.1167],[-80.3503,26.1149],[-80.3464,26.1149],[-80.3463,26.1023],[-80.3626,26.1023],[-80.3626,26.1273],[-80.4403,26.1456],[-80.4471,26.1461],[-80.4479,26.1446],[-80.4496,26.1446],[-80.4497,26.1418]]]},"properties":{"chamber":"CD","district_number":"25","geoid":"1225","name":"Congressional District 25","label":"Congressional District 25"}},{"type":"Feature","geometry":{"type":"MultiPolygon","coordinates":[[[[-82.3251,24.5901],[-82.3265,24.5837],[-82.2154,24.5838],[-82.2202,24.5733],[-82.2216,24.5677],[-82.2223,24.5602],[-82.222,24.5538],[-82.2203,24.5436],[-82.2173,24.5342],[-82.2113,24.5226],[-82.2032,24.5134],[-82.1923,24.5054],[-82.1854,24.5021],[-82.1786,24.4999],[-82.1661,24.497],[-82.1557,24.4961],[-82.1473,24.4967],[-82.1404,24.498],[-82.1318,24.4972],[-82.1203,24.4973],[-82.1118,24.4985],[-82.1049,24.5004],[-82.1003,24.5],[-82.0876,24.5061],[-82.0793,24.5116],[-82.0723,24.5177],[-82.0672,24.5237],[-82.0582,24.5144],[-82.0541,24.5036],[-82.0518,24.5],[-82.0533,24.5],[-82.0511,24.4968],[-82.0446,24.4898],[-82.0343,24.4825],[-82.0235,24.4779],[-82.0138,24.4761],[-82.001,24.4755],[-81.9992,24.4766],[-81.9937,24.4746],[-81.9824,24.4732],[-81.9744,24.4712],[-81.9767,24.468],[-81.9809,24.457],[-81.9821,24.4454],[-81.9798,24.4317],[-81.9745,24.4208],[-81.9673,24.412],[-81.9584,24.4052],[-81.9464,24.3993],[-81.9348,24.3969],[-81.9206,24.3963],[-81.9111,24.3978],[-81.903,24.4009],[-81.8943,24.4057],[-81.8827,24.4037],[-81.8748,24.4031],[-81.8669,24.4036],[-81.8621,24.4051],[-81.8593,24.4047],[-81.841,24.4076],[-81.8255,24.4125],[-81.8135,24.4176],[-81.8007,24.4271],[-81.789,24.4395],[-81.7818,24.4609],[-81.7833,24.4787],[-81.7883,24.4913],[-81.7924,24.4956],[-81.7793,24.4948],[-81.7708,24.4969],[-81.7725,24.4925],[-81.7737,24.4866],[-81.7744,24.4793],[-81.7737,24.4727],[-81.7702,24.4632],[-81.7629,24.4496],[-81.7556,24.4428],[-81.7498,24.4385],[-81.7407,24.434],[-81.7301,24.4307],[-81.7118,24.4297],[-81.6972,24.4323],[-81.6819,24.437],[-81.6774,24.4391],[-81.6663,24.4401],[-81.6601,24.4413],[-81.6557,24.4434],[-81.644,24.4458],[-81.6372,24.4481],[-81.6324,24.4511],[-81.6253,24.4512],[-81.6103,24.4543],[-81.5968,24.4611],[-81.5893,24.4668],[-81.5858,24.4711],[-81.5753,24.471],[-81.565,24.4728],[-81.5514,24.478],[-81.5399,24.486],[-81.5306,24.4966],[-81.5286,24.5004],[-81.5257,24.5004],[-81.5218,24.5074],[-81.5199,24.5126],[-81.5191,24.5172],[-81.5189,24.5265],[-81.5194,24.5306],[-81.5205,24.5358],[-81.5239,24.5454],[-81.5279,24.5533],[-81.5164,24.5624],[-81.5146,24.5648],[-81.4998,24.5616],[-81.4946,24.5625],[-81.4889,24.5578],[-81.4834,24.5555],[-81.4747,24.5535],[-81.4651,24.5529],[-81.4516,24.5555],[-81.4372,24.5609],[-81.4206,24.5706],[-81.4115,24.5696],[-81.3917,24.5697],[-81.3854,24.5699],[-81.3748,24.5715],[-81.3645,24.5745],[-81.3558,24.5797],[-81.3462,24.5807],[-81.3399,24.5829],[-81.3376,24.5848],[-81.3044,24.5926],[-81.2935,24.5967],[-81.2874,24.5959],[-81.2779,24.5964],[-81.2717,24.5971],[-81.2646,24.5992],[-81.2545,24.6036],[-81.2498,24.6066],[-81.2453,24.6105],[-81.2399,24.6171],[-81.2341,24.6175],[-81.2207,24.6215],[-81.2126,24.6254],[-81.2043,24.6312],[-81.1938,24.6307],[-81.184,24.6312],[-81.1787,24.6319],[-81.1694,24.6346],[-81.1583,24.6402],[-81.1519,24.6449],[-81.1477,24.6491],[-81.1409,24.6431],[-81.1248,24.6366],[-81.0972,24.633],[-81.0762,24.6334],[-81.0597,24.6359],[-81.0476,24.6402],[-81.0386,24.6465],[-81.0301,24.6546],[-81.0253,24.6603],[-81.0226,24.6653],[-81.0118,24.6669],[-81.0032,24.6689],[-80.9998,24.6704],[-80.9998,24.6689],[-80.9892,24.6738],[-80.9765,24.6824],[-80.9674,24.6859],[-80.9591,24.691],[-80.9571,24.6928],[-80.9453,24.6962],[-80.9339,24.7022],[-80.9238,24.709],[-80.9189,24.7131],[-80.9056,24.7135],[-80.8933,24.7165],[-80.887,24.7197],[-80.8786,24.7252],[-80.8685,24.7359],[-80.8614,24.7397],[-80.8522,24.7489],[-80.8453,24.7485],[-80.837,24.75],[-80.8202,24.7568],[-80.8125,24.7612],[-80.8014,24.7593],[-80.793,24.7597],[-80.7834,24.7613],[-80.7711,24.766],[-80.7565,24.7762],[-80.7479,24.7849],[-80.7451,24.7889],[-80.7397,24.7907],[-80.7312,24.7949],[-80.7281,24.7972],[-80.7195,24.7997],[-80.7088,24.8047],[-80.6964,24.8126],[-80.689,24.8157],[-80.6809,24.8208],[-80.6748,24.8256],[-80.6695,24.826],[-80.6523,24.8314],[-80.6404,24.8384],[-80.6323,24.8457],[-80.6284,24.8479],[-80.6199,24.8546],[-80.6146,24.8601],[-80.6113,24.8652],[-80.6062,24.8683],[-80.5982,24.875],[-80.5968,24.875],[-80.5855,24.8893],[-80.5815,24.8903],[-80.5748,24.8939],[-80.5669,24.9006],[-80.5591,24.9023],[-80.5498,24.9062],[-80.5382,24.9127],[-80.5253,24.9235],[-80.5183,24.9334],[-80.5143,24.9406],[-80.5,24.9429],[-80.4781,24.9484],[-80.4695,24.9518],[-80.4629,24.9559],[-80.4534,24.9637],[-80.4455,24.9734],[-80.4402,24.9857],[-80.4391,24.998],[-80.4337,25],[-80.4351,25],[-80.4241,25.0036],[-80.4125,25.0102],[-80.406,25.0157],[-80.3965,25.0282],[-80.3928,25.0354],[-80.3916,25.0394],[-80.3906,25.0484],[-80.3904,25.0572],[-80.3841,25.0588],[-80.3763,25.0622],[-80.3578,25.0729],[-80.3527,25.0768],[-80.3419,25.0884],[-80.3333,25.0992],[-80.3203,25.1192],[-80.3152,25.1254],[-80.3164,25.1254],[-80.3029,25.1449],[-80.3001,25.1508],[-80.2972,25.1622],[-80.2953,25.1621],[-80.2948,25.1717],[-80.2859,25.1874],[-80.28,25.1956],[-80.2767,25.2026],[-80.2712,25.2088],[-80.2673,25.2144],[-80.2597,25.2306],[-80.2554,25.2369],[-80.249,25.2428],[-80.2389,25.2555],[-80.2336,25.2669],[-80.2276,25.2773],[-80.2249,25.2843],[-80.2198,25.2896],[-80.212,25.2994],[-80.2037,25.3075],[-80.1975,25.3169],[-80.191,25.3253],[-80.187,25.3334],[-80.1846,25.3419],[-80.1837,25.3495],[-80.1766,25.3669],[-80.1624,25.3799],[-80.1544,25.3919],[-80.1498,25.4029],[-80.1481,25.4134],[-80.1408,25.4278],[-80.1391,25.4331],[-80.1274,25.4364],[-80.1171,25.4418],[-80.1089,25.4483],[-80.1054,25.4521],[-80.1006,25.4588],[-80.0984,25.4631],[-80.0955,25.471],[-80.0941,25.4792],[-80.0943,25.4891],[-80.0969,25.4996],[-80.1008,25.5076],[-80.108,25.5168],[-80.1151,25.5229],[-80.1156,25.5267],[-80.1117,25.5403],[-80.1159,25.5413],[-80.1196,25.5413],[-80.1206,25.5341],[-80.1755,25.5477],[-80.2366,25.5315],[-80.3167,25.5326],[-80.3258,25.535],[-80.3252,25.5347],[-80.3251,25.5356],[-80.3278,25.5402],[-80.3317,25.5437],[-80.3404,25.5443],[-80.3485,25.5492],[-80.3503,25.5507],[-80.3518,25.5535],[-80.3546,25.5549],[-80.3589,25.5556],[-80.3595,25.5574],[-80.3591,25.5593],[-80.3619,25.5657],[-80.3622,25.5684],[-80.3723,25.57],[-80.3728,25.576],[-80.3665,25.5824],[-80.3703,25.5933],[-80.3758,25.5984],[-80.378,25.6027],[-80.3792,25.6254],[-80.3801,25.6279],[-80.384,25.6315],[-80.3853,25.6341],[-80.3858,25.6435],[-80.3889,25.6649],[-80.3886,25.6711],[-80.3894,25.6899],[-80.3887,25.6922],[-80.3846,25.6983],[-80.3838,25.7009],[-80.3835,25.7095],[-80.3844,25.732],[-80.3737,25.7322],[-80.3737,25.7334],[-80.3718,25.7334],[-80.3718,25.7359],[-80.3698,25.7359],[-80.3697,25.7395],[-80.3708,25.7395],[-80.3708,25.7413],[-80.3697,25.7413],[-80.3698,25.7438],[-80.3688,25.7439],[-80.3687,25.7449],[-80.3677,25.7453],[-80.3684,25.7613],[-80.3524,25.7617],[-80.3537,25.7757],[-80.3531,25.7816],[-80.3631,25.7815],[-80.369,25.7807],[-80.3691,25.7971],[-80.3852,25.7971],[-80.3844,25.7818],[-80.3893,25.782],[-80.3953,25.7834],[-80.398,25.7835],[-80.4134,25.7836],[-80.417,25.7821],[-80.4191,25.7803],[-80.4195,25.7789],[-80.4172,25.7745],[-80.417,25.7609],[-80.6491,25.7609],[-80.6722,25.761],[-80.6763,25.762],[-80.8274,25.762],[-80.8295,25.763],[-80.8731,25.8054],[-80.9814,25.804],[-81.1005,25.8033],[-81.2595,25.8042],[-81.3505,25.8032],[-81.4555,25.8037],[-81.8482,25.8008],[-81.8456,25.7975],[-81.842,25.7945],[-81.8291,25.7721],[-81.8244,25.7621],[-81.8189,25.7524],[-81.8126,25.743],[-81.8057,25.7341],[-81.7961,25.7236],[-81.7855,25.7139],[-81.774,25.7051],[-81.7617,25.6972],[-81.7406,25.6867],[-81.721,25.6797],[-81.7006,25.675],[-81.6797,25.6726],[-81.6375,25.6724],[-81.6202,25.6736],[-81.5983,25.678],[-81.5865,25.6818],[-81.5762,25.686],[-81.5627,25.6774],[-81.5486,25.6696],[-81.534,25.6628],[-81.519,25.6569],[-81.5147,25.6388],[-81.5087,25.6236],[-81.4994,25.6072],[-81.4876,25.5921],[-81.4755,25.5801],[-81.4598,25.5683],[-81.4425,25.5585],[-81.4254,25.5516],[-81.4179,25.5383],[-81.407,25.5223],[-81.3972,25.5102],[-81.3848,25.497],[-81.3813,25.4849],[-81.3689,25.4496],[-81.364,25.4384],[-81.358,25.4275],[-81.351,25.4172],[-81.3431,25.4076],[-81.3342,25.3984],[-81.3252,25.3906],[-81.3206,25.3697],[-81.3149,25.3516],[-81.3309,25.2923],[-81.3364,25.2784],[-81.3402,25.264],[-81.3428,25.2445],[-81.3423,25.2248],[-81.341,25.2161],[-81.3385,25.2056],[-81.3285,25.1764],[-81.319,25.1552],[-81.3124,25.1436],[-81.3048,25.1324],[-81.3011,25.1149],[-81.2951,25.0979],[-81.2881,25.084],[-81.2811,25.073],[-81.2731,25.0625],[-81.2622,25.0509],[-81.2501,25.0403],[-81.2391,25.0325],[-81.2274,25.0255],[-81.2143,25.0192],[-81.2091,25.0123],[-81.2031,25.006],[-81.1965,25.0003],[-81.1886,24.9948],[-81.1834,24.9862],[-81.1738,24.9749],[-81.1713,24.9692],[-81.1703,24.9621],[-81.1819,24.9687],[-81.1916,24.9732],[-81.212,24.9803],[-81.2332,24.9848],[-81.2549,24.9866],[-81.2712,24.9861],[-81.2874,24.984],[-81.3058,24.9797],[-81.3235,24.9734],[-81.3353,24.9727],[-81.3504,24.9705],[-81.3631,24.9741],[-81.3762,24.9766],[-81.3895,24.9781],[-81.4055,24.9785],[-81.4267,24.9767],[-81.443,24.9733],[-81.4587,24.9716],[-81.4885,24.9664],[-81.5076,24.9598],[-81.5156,24.9563],[-81.5355,24.946],[-81.5489,24.9396],[-81.5556,24.9371],[-81.5813,24.9238],[-81.6083,24.907],[-81.6216,24.8972],[-81.6338,24.8943],[-81.6481,24.8896],[-81.6601,24.8833],[-81.6651,24.8807],[-81.6916,24.8629],[-81.7008,24.8578],[-81.7147,24.8516],[-81.7275,24.847],[-81.7465,24.8375],[-81.7619,24.8287],[-81.7782,24.8154],[-81.791,24.8137],[-81.8142,24.8064],[-81.8744,24.7761],[-81.8862,24.7691],[-81.8862,24.7677],[-81.8943,24.7636],[-81.9085,24.7631],[-81.9227,24.7615],[-81.9503,24.7569],[-81.9675,24.7528],[-81.9876,24.746],[-82.0006,24.7405],[-82.013,24.7342],[-82.0269,24.7257],[-82.0458,24.7333],[-82.0653,24.7394],[-82.0853,24.7439],[-82.1098,24.7471],[-82.1303,24.748],[-82.155,24.7469],[-82.1805,24.7435],[-82.2007,24.7382],[-82.2129,24.7335],[-82.2268,24.7267],[-82.2439,24.7156],[-82.2538,24.7076],[-82.2628,24.6989],[-82.2824,24.6762],[-82.2964,24.6573],[-82.3081,24.637],[-82.3144,24.6233],[-82.3187,24.6122],[-82.3251,24.5901]]],[[[-83.1087,24.6295],[-83.1089,24.6111],[-83.1075,24.598],[-83.1035,24.58],[-83.0982,24.565],[-83.0937,24.5553],[-83.0826,24.5369],[-83.0742,24.5262],[-83.0649,24.5162],[-83.0525,24.5052],[-83.0436,24.4986],[-83.0293,24.4897],[-83.014,24.4823],[-82.9999,24.477],[-82.9997,24.5839],[-82.982,24.5838],[-82.9772,24.5798],[-82.9709,24.5758],[-82.9603,24.5715],[-82.9433,24.5689],[-82.9326,24.5698],[-82.9231,24.5723],[-82.9141,24.576],[-82.8959,24.5667],[-82.8851,24.5634],[-82.8721,24.5622],[-82.8636,24.563],[-82.8485,24.5676],[-82.8373,24.5745],[-82.8282,24.5838],[-82.6567,24.5837],[-82.652,24.5933],[-82.6471,24.6057],[-82.6441,24.6158],[-82.6415,24.6287],[-82.6401,24.6418],[-82.6399,24.6549],[-82.6414,24.6706],[-82.6453,24.6886],[-82.6551,24.7133],[-82.6662,24.7317],[-82.68,24.7485],[-82.6962,24.7634],[-82.7098,24.7731],[-82.7219,24.7802],[-82.7399,24.7884],[-82.7561,24.7938],[-82.7757,24.7982],[-82.7899,24.7999],[-82.8014,24.8005],[-82.8101,24.8004],[-82.8378,24.7982],[-82.8503,24.7988],[-82.8689,24.7981],[-82.8934,24.7944],[-82.9202,24.7877],[-82.9329,24.7867],[-82.9455,24.785],[-82.961,24.7816],[-82.9791,24.7761],[-82.9907,24.7714],[-83.0048,24.7645],[-83.0207,24.7548],[-83.0316,24.7468],[-83.0411,24.7409],[-83.0524,24.7327],[-83.0668,24.7198],[-83.0788,24.7061],[-83.0885,24.6921],[-83.0937,24.6827],[-83.0992,24.6705],[-83.1035,24.658],[-83.1071,24.6426],[-83.1087,24.6295]]]]},"properties":{"chamber":"CD","district_number":"28","geoid":"1228","name":"Congressional District 28","label":"Congressional District 28"}},{"type":"Feature","geometry":{"type":"Polygon","coordinates":[[[-81.5087,28.5191],[-81.5086,28.5066],[-81.5077,28.5017],[-81.5087,28.4961],[-81.5086,28.481],[-81.5074,28.4724],[-81.5056,28.4689],[-81.5007,28.4629],[-81.4998,28.4608],[-81.4809,28.4609],[-81.4773,28.4623],[-81.4772,28.4573],[-81.4762,28.4569],[-81.4776,28.4553],[-81.4779,28.45],[-81.4742,28.4501],[-81.474,28.4161],[-81.4737,28.418],[-81.4727,28.4195],[-81.4676,28.4211],[-81.4244,28.4216],[-81.4204,28.4235],[-81.4168,28.4283],[-81.4138,28.431],[-81.409,28.4334],[-81.4048,28.4345],[-81.4038,28.4402],[-81.3972,28.4633],[-81.3967,28.4678],[-81.397,28.5101],[-81.39,28.5147],[-81.3858,28.5146],[-81.3842,28.5131],[-81.3831,28.5129],[-81.3436,28.5132],[-81.3434,28.5147],[-81.3415,28.5147],[-81.3401,28.5132],[-81.3289,28.5133],[-81.3275,28.5139],[-81.3254,28.5163],[-81.3241,28.5165],[-81.3219,28.5162],[-81.3194,28.5148],[-81.3115,28.5146],[-81.3114,28.5171],[-81.309,28.5171],[-81.3089,28.5177],[-81.3082,28.5177],[-81.3082,28.5171],[-81.3062,28.5172],[-81.3062,28.5181],[-81.3021,28.5181],[-81.3021,28.5197],[-81.3036,28.5201],[-81.3032,28.5208],[-81.2907,28.5161],[-81.2798,28.51],[-81.2478,28.5101],[-81.2435,28.5001],[-81.2429,28.4917],[-81.2396,28.4775],[-81.2372,28.4701],[-81.2311,28.4583],[-81.2303,28.4515],[-81.1113,28.4515],[-81.0613,28.4521],[-81.0618,28.4961],[-81.0631,28.4962],[-81.0627,28.5119],[-81.0636,28.513],[-81.0645,28.5124],[-81.067,28.5157],[-81.0684,28.5157],[-81.0684,28.5175],[-81.071,28.5175],[-81.071,28.518],[-81.0659,28.518],[-81.0804,28.5364],[-81.0905,28.5454],[-81.0953,28.5487],[-81.0911,28.5644],[-81.0894,28.5662],[-81.0878,28.572],[-81.0868,28.5717],[-81.0853,28.5741],[-81.0863,28.5767],[-81.0848,28.5773],[-81.081,28.5763],[-81.077,28.582],[-81.0774,28.5846],[-81.077,28.5883],[-81.0777,28.5906],[-81.077,28.5931],[-81.075,28.5956],[-81.075,28.5967],[-81.0759,28.5978],[-81.0746,28.5994],[-81.0736,28.6037],[-81.0745,28.6057],[-81.0743,28.6069],[-81.0693,28.6082],[-81.0677,28.6127],[-81.2262,28.6118],[-81.3279,28.6105],[-81.3285,28.6396],[-81.3616,28.6393],[-81.3619,28.6404],[-81.458,28.6402],[-81.4594,28.6336],[-81.48,28.6341],[-81.4804,28.6319],[-81.4873,28.6333],[-81.4892,28.6325],[-81.4922,28.6296],[-81.4929,28.628],[-81.4929,28.6257],[-81.4981,28.6257],[-81.4994,28.6169],[-81.4982,28.6119],[-81.4969,28.6101],[-81.4963,28.6061],[-81.4968,28.6047],[-81.4967,28.5871],[-81.4961,28.5857],[-81.493,28.5839],[-81.4913,28.5793],[-81.4909,28.5701],[-81.4921,28.5653],[-81.4921,28.5614],[-81.4897,28.556],[-81.4897,28.552],[-81.5049,28.552],[-81.5048,28.5423],[-81.498,28.541],[-81.4981,28.5366],[-81.4997,28.5344],[-81.5037,28.5309],[-81.506,28.5236],[-81.5087,28.5191]]]},"properties":{"chamber":"CD","district_number":"10","geoid":"1210","name":"Congressional District 10","label":"Congressional District 10"}},{"type":"Feature","geometry":{"type":"Polygon","coordinates":[[[-81.4597,28.6426],[-81.4597,28.6402],[-81.3619,28.6404],[-81.3616,28.6393],[-81.3285,28.6396],[-81.3279,28.6105],[-81.0981,28.6127],[-80.9645,28.613],[-80.9679,28.7902],[-80.8076,28.7914],[-80.6635,28.7906],[-80.7218,28.875],[-80.7636,28.9373],[-80.8454,29.0627],[-80.8748,29.106],[-80.9068,29.1447],[-80.921,29.1713],[-80.9402,29.2117],[-80.9464,29.2272],[-80.9877,29.2099],[-80.9963,29.2056],[-80.9982,29.2055],[-80.997,29.2023],[-80.9975,29.2026],[-80.9973,29.202],[-80.9966,29.202],[-80.9962,29.2012],[-80.9967,29.201],[-80.9955,29.1999],[-80.996,29.1996],[-80.9956,29.1988],[-80.9963,29.1986],[-80.9942,29.195],[-80.993,29.1947],[-80.9935,29.194],[-80.9925,29.194],[-80.9923,29.1924],[-80.9913,29.1919],[-80.9876,29.1838],[-80.9885,29.1838],[-80.9883,29.1827],[-80.9889,29.1833],[-80.9889,29.1826],[-80.9897,29.1826],[-80.9892,29.1817],[-80.9918,29.1816],[-80.9899,29.1799],[-80.9849,29.1799],[-80.9831,29.1762],[-80.9908,29.1731],[-80.9792,29.1549],[-80.9936,29.1494],[-80.9936,29.1505],[-81.0036,29.1505],[-81.003,29.1494],[-81.0048,29.1485],[-81.0075,29.1532],[-81.0094,29.1525],[-81.0103,29.1542],[-81.0122,29.1535],[-81.0108,29.1508],[-81.0122,29.1503],[-81.0114,29.1478],[-81.0133,29.147],[-81.0142,29.1486],[-81.0162,29.1478],[-81.0185,29.1519],[-81.0202,29.1512],[-81.0215,29.1537],[-81.024,29.1526],[-81.0269,29.1578],[-81.0269,29.1557],[-81.031,29.1557],[-81.031,29.1531],[-81.0323,29.1528],[-81.0359,29.1529],[-81.0367,29.1542],[-81.0355,29.1542],[-81.0355,29.1549],[-81.0449,29.1549],[-81.045,29.1417],[-81.0532,29.1417],[-81.0567,29.1398],[-81.049,29.1336],[-81.0471,29.1307],[-81.0466,29.1275],[-81.0484,29.1201],[-81.0528,29.1175],[-81.0565,29.1209],[-81.0608,29.1176],[-81.0623,29.12],[-81.0655,29.1226],[-81.0661,29.1248],[-81.0725,29.1248],[-81.0711,29.1208],[-81.0688,29.1044],[-81.0853,29.1041],[-81.0853,29.1059],[-81.0877,29.1059],[-81.0887,29.1042],[-81.0875,29.1026],[-81.0852,29.0816],[-81.084,29.0379],[-81.084,29.0121],[-81.1185,29.0237],[-81.1247,29.0249],[-81.1244,29.0254],[-81.1475,29.0263],[-81.156,29.0288],[-81.1674,29.0301],[-81.1793,29.0299],[-81.1865,29.0273],[-81.1952,29.0256],[-81.2043,29.0214],[-81.2102,29.0198],[-81.2316,29.0176],[-81.2402,29.0081],[-81.2435,28.9993],[-81.2489,28.9994],[-81.2486,28.9873],[-81.2515,28.9884],[-81.2528,28.9884],[-81.2535,28.9876],[-81.2523,28.9865],[-81.2523,28.9848],[-81.2486,28.9846],[-81.2486,28.9834],[-81.2578,28.9555],[-81.28,28.9693],[-81.2802,28.9647],[-81.2822,28.9647],[-81.2823,28.9698],[-81.2916,28.9698],[-81.2917,28.9732],[-81.2989,28.9741],[-81.2996,28.9821],[-81.3005,28.9821],[-81.3005,28.9829],[-81.3023,28.9828],[-81.3023,28.9844],[-81.3137,28.9842],[-81.3136,28.9786],[-81.3151,28.9786],[-81.3156,28.9749],[-81.3218,28.9748],[-81.3218,28.9725],[-81.327,28.9723],[-81.327,28.9748],[-81.3322,28.9748],[-81.3329,28.9196],[-81.3445,28.9195],[-81.3446,28.9231],[-81.3528,28.9231],[-81.352,28.9207],[-81.3541,28.9209],[-81.3595,28.914],[-81.3592,28.9129],[-81.3567,28.9111],[-81.357,28.91],[-81.359,28.9087],[-81.3602,28.9067],[-81.3575,28.9037],[-81.3576,28.8996],[-81.3565,28.8988],[-81.3541,28.8985],[-81.3526,28.8971],[-81.3534,28.8965],[-81.3552,28.8973],[-81.3558,28.8966],[-81.3546,28.8941],[-81.3566,28.8876],[-81.358,28.8869],[-81.3589,28.8873],[-81.3626,28.8904],[-81.3636,28.8905],[-81.3651,28.8896],[-81.3661,28.8878],[-81.366,28.8847],[-81.363,28.8792],[-81.3665,28.8799],[-81.3671,28.8783],[-81.3663,28.8736],[-81.3691,28.8725],[-81.3697,28.8705],[-81.3716,28.8701],[-81.372,28.869],[-81.3729,28.8691],[-81.3735,28.8702],[-81.3741,28.8698],[-81.3752,28.8682],[-81.3749,28.8667],[-81.376,28.8659],[-81.3749,28.8624],[-81.3768,28.8613],[-81.3771,28.8599],[-81.3783,28.8598],[-81.3798,28.8583],[-81.38,28.8565],[-81.383,28.852],[-81.3869,28.8492],[-81.3877,28.8499],[-81.3901,28.849],[-81.3899,28.8483],[-81.3926,28.8458],[-81.3941,28.8426],[-81.3956,28.8418],[-81.3962,28.8423],[-81.3968,28.8417],[-81.3984,28.8419],[-81.3986,28.8405],[-81.403,28.8372],[-81.4039,28.8348],[-81.4073,28.8348],[-81.4083,28.8341],[-81.4092,28.8332],[-81.4093,28.8323],[-81.412,28.8306],[-81.4158,28.8264],[-81.4176,28.8227],[-81.4197,28.8155],[-81.418,28.8082],[-81.4182,28.8065],[-81.4157,28.8026],[-81.4151,28.7971],[-81.4136,28.7918],[-81.4157,28.7861],[-81.4144,28.7851],[-81.4152,28.7844],[-81.4156,28.7825],[-81.4147,28.7768],[-81.4164,28.7695],[-81.4156,28.7665],[-81.4158,28.7645],[-81.4152,28.7635],[-81.4165,28.7554],[-81.4185,28.7546],[-81.4215,28.7445],[-81.4217,28.7409],[-81.4212,28.7405],[-81.4228,28.7369],[-81.4238,28.7353],[-81.425,28.7352],[-81.4269,28.7337],[-81.4312,28.7286],[-81.4316,28.727],[-81.4362,28.7218],[-81.4382,28.7206],[-81.4394,28.7191],[-81.4407,28.7158],[-81.4456,28.7136],[-81.4486,28.7153],[-81.4507,28.7143],[-81.458,28.7143],[-81.4595,28.7133],[-81.4597,28.6426]]]},"properties":{"chamber":"CD","district_number":"7","geoid":"1207","name":"Congressional District 7","label":"Congressional District 7"}},{"type":"Feature","geometry":{"type":"Polygon","coordinates":[[[-80.2974,26.2361],[-80.2975,26.2295],[-80.1925,26.2306],[-80.1923,26.2143],[-80.1708,26.2392],[-80.1674,26.2453],[-80.1563,26.2452],[-80.1515,26.2436],[-80.1518,26.2603],[-80.1374,26.2605],[-80.1308,26.2905],[-80.1282,26.2898],[-80.124,26.2898],[-80.1167,26.3152],[-80.1164,26.3191],[-80.117,26.3278],[-80.099,26.3275],[-80.0983,26.326],[-80.0991,26.3238],[-80.0988,26.3228],[-80.1014,26.319],[-80.1272,26.2267],[-80.1363,26.2267],[-80.1362,26.2146],[-80.1369,26.2113],[-80.139,26.2081],[-80.1484,26.1991],[-80.1505,26.196],[-80.1515,26.1925],[-80.1524,26.1827],[-80.1607,26.1645],[-80.1545,26.1559],[-80.152,26.154],[-80.1506,26.154],[-80.1486,26.1528],[-80.148,26.15],[-80.1452,26.15],[-80.1446,26.1474],[-80.1442,26.1368],[-80.1451,26.1367],[-80.145,26.1332],[-80.1441,26.1333],[-80.1439,26.1315],[-80.145,26.1297],[-80.1447,26.1278],[-80.1454,26.1278],[-80.1454,26.126],[-80.1486,26.1259],[-80.1486,26.1222],[-80.1686,26.1216],[-80.1685,26.1068],[-80.1589,26.1072],[-80.1612,26.0991],[-80.161,26.0962],[-80.155,26.0963],[-80.155,26.0971],[-80.153,26.0972],[-80.153,26.0963],[-80.142,26.0964],[-80.1423,26.0979],[-80.1404,26.0982],[-80.1406,26.0994],[-80.1387,26.0993],[-80.1387,26.0983],[-80.1344,26.0985],[-80.1345,26.0975],[-80.1327,26.0976],[-80.1327,26.0966],[-80.1243,26.0968],[-80.1243,26.0931],[-80.0493,26.0928],[-80.0497,26.1011],[-80.0487,26.1076],[-80.0472,26.1329],[-80.0428,26.1587],[-80.0414,26.1708],[-80.0394,26.1762],[-80.0379,26.1833],[-80.0375,26.1892],[-80.0381,26.1967],[-80.0342,26.2167],[-80.0313,26.2257],[-80.0304,26.2325],[-80.0272,26.2396],[-80.0254,26.246],[-80.0221,26.2888],[-80.0153,26.321],[-80.0144,26.3622],[-80.0069,26.4265],[-80.0623,26.4264],[-80.0614,26.4321],[-80.0647,26.4321],[-80.0648,26.4252],[-80.0655,26.4205],[-80.0714,26.4207],[-80.0733,26.4221],[-80.0771,26.4228],[-80.0793,26.4245],[-80.0994,26.4246],[-80.0994,26.4153],[-80.1017,26.4131],[-80.1025,26.4097],[-80.1297,26.4095],[-80.1298,26.4171],[-80.1371,26.4172],[-80.1464,26.4168],[-80.1463,26.4095],[-80.1713,26.4093],[-80.1713,26.3939],[-80.2037,26.3942],[-80.2036,26.3827],[-80.207,26.3822],[-80.211,26.3827],[-80.2139,26.3821],[-80.2187,26.3836],[-80.2369,26.3837],[-80.2517,26.365],[-80.2513,26.3422],[-80.2498,26.3414],[-80.297,26.3555],[-80.2974,26.2413],[-80.297,26.2361],[-80.2974,26.2361]]]},"properties":{"chamber":"CD","district_number":"23","geoid":"1223","name":"Congressional District 23","label":"Congressional District 23"}},{"type":"Feature","geometry":{"type":"Polygon","coordinates":[[[-80.8861,26.9492],[-80.8858,26.6092],[-80.8831,26.4782],[-80.8831,26.4475],[-80.88,26.3461],[-80.8819,26.3461],[-80.8797,26.2593],[-80.8794,26.1801],[-80.8726,26.0015],[-80.8729,25.9794],[-80.68,25.9787],[-80.68,25.9569],[-80.4394,25.9569],[-80.442,26.0442],[-80.4433,26.1129],[-80.4498,26.1407],[-80.4496,26.1446],[-80.4479,26.1446],[-80.4471,26.1461],[-80.4403,26.1456],[-80.3626,26.1273],[-80.3626,26.1023],[-80.3463,26.1023],[-80.3464,26.1149],[-80.3503,26.1149],[-80.3503,26.1167],[-80.3463,26.1167],[-80.3463,26.1231],[-80.3302,26.1192],[-80.3302,26.1312],[-80.3214,26.1312],[-80.3214,26.1288],[-80.3197,26.1301],[-80.3169,26.1299],[-80.3153,26.1281],[-80.3153,26.1229],[-80.314,26.1229],[-80.3139,26.1608],[-80.2978,26.1604],[-80.2978,26.15],[-80.284,26.1501],[-80.2864,26.1489],[-80.2872,26.1474],[-80.2869,26.1386],[-80.2874,26.1355],[-80.2701,26.1356],[-80.2646,26.1306],[-80.2612,26.133],[-80.2599,26.1306],[-80.2597,26.1268],[-80.2564,26.1263],[-80.2524,26.1207],[-80.234,26.1207],[-80.2337,26.1058],[-80.209,26.1062],[-80.2061,26.1042],[-80.2047,26.1039],[-80.2014,26.1045],[-80.2014,26.1059],[-80.1954,26.1065],[-80.1954,26.106],[-80.1934,26.1062],[-80.1933,26.1047],[-80.1754,26.1067],[-80.1685,26.1068],[-80.1686,26.1216],[-80.1486,26.1222],[-80.1486,26.1259],[-80.1454,26.126],[-80.1454,26.1278],[-80.1447,26.1278],[-80.145,26.1297],[-80.1439,26.1315],[-80.1441,26.1333],[-80.145,26.1332],[-80.1451,26.1367],[-80.1442,26.1368],[-80.1449,26.149],[-80.1452,26.15],[-80.148,26.15],[-80.1486,26.1528],[-80.1506,26.154],[-80.152,26.154],[-80.1548,26.1562],[-80.1607,26.1645],[-80.1524,26.1827],[-80.1515,26.1925],[-80.1505,26.196],[-80.1484,26.1991],[-80.139,26.2081],[-80.1369,26.2113],[-80.1362,26.2146],[-80.1363,26.2267],[-80.1272,26.2267],[-80.1014,26.319],[-80.0988,26.3228],[-80.0984,26.3267],[-80.0998,26.3278],[-80.117,26.3278],[-80.1164,26.3191],[-80.1167,26.3152],[-80.124,26.2898],[-80.1282,26.2898],[-80.1308,26.2905],[-80.1374,26.2605],[-80.1518,26.2603],[-80.1515,26.2436],[-80.1563,26.2452],[-80.1674,26.2453],[-80.1708,26.2392],[-80.1923,26.2143],[-80.1925,26.2306],[-80.2975,26.2295],[-80.2974,26.2361],[-80.297,26.2361],[-80.2974,26.2413],[-80.297,26.3555],[-80.2498,26.3414],[-80.2513,26.3422],[-80.2517,26.365],[-80.2358,26.3853],[-80.2357,26.4089],[-80.2224,26.4637],[-80.2208,26.4683],[-80.221,26.4832],[-80.222,26.4832],[-80.2223,26.5127],[-80.2333,26.5425],[-80.2498,26.5655],[-80.2498,26.5669],[-80.2789,26.6028],[-80.3327,26.6346],[-80.3478,26.6493],[-80.3635,26.6799],[-80.3638,26.6846],[-80.2195,26.6808],[-80.2182,26.6804],[-80.2188,26.6677],[-80.2105,26.6674],[-80.2106,26.6658],[-80.2024,26.6655],[-80.2023,26.6665],[-80.2005,26.6666],[-80.2005,26.6693],[-80.1974,26.6693],[-80.1974,26.6714],[-80.202,26.6713],[-80.2021,26.6802],[-80.1493,26.6786],[-80.1108,26.6782],[-80.0696,26.6763],[-80.0693,26.6831],[-80.0669,26.6884],[-80.0666,26.6908],[-80.0712,26.6994],[-80.0677,26.703],[-80.0646,26.7077],[-80.0643,26.7109],[-80.0658,26.7139],[-80.0637,26.7146],[-80.057,26.7145],[-80.0569,26.7199],[-80.0558,26.7198],[-80.0565,26.7245],[-80.0554,26.7245],[-80.0554,26.7235],[-80.0532,26.7235],[-80.0528,26.7356],[-80.0548,26.7356],[-80.0548,26.7363],[-80.0528,26.7362],[-80.0525,26.7579],[-80.0509,26.7579],[-80.0508,26.7595],[-80.0489,26.7594],[-80.0499,26.7703],[-80.0493,26.7736],[-80.0445,26.7808],[-80.0446,26.7831],[-80.0467,26.7831],[-80.0475,26.7951],[-80.0465,26.7992],[-80.0434,26.8045],[-80.0543,26.8036],[-80.0576,26.8039],[-80.0576,26.8073],[-80.0779,26.8081],[-80.0779,26.8091],[-80.0788,26.8091],[-80.0785,26.8082],[-80.082,26.8083],[-80.082,26.8061],[-80.0846,26.8061],[-80.0853,26.8082],[-80.0906,26.7938],[-80.0916,26.7938],[-80.0918,26.7702],[-80.096,26.7718],[-80.1316,26.7957],[-80.1343,26.7517],[-80.1184,26.7511],[-80.1177,26.7505],[-80.1184,26.7326],[-80.1141,26.7318],[-80.1124,26.7325],[-80.1099,26.7324],[-80.1098,26.736],[-80.1021,26.7359],[-80.1026,26.731],[-80.1018,26.7304],[-80.1021,26.7174],[-80.1006,26.715],[-80.096,26.7117],[-80.1004,26.7067],[-80.2009,26.7093],[-80.2006,26.7163],[-80.201,26.7172],[-80.2162,26.7245],[-80.2158,26.7357],[-80.2319,26.7364],[-80.2642,26.7354],[-80.2638,26.7427],[-80.2958,26.7435],[-80.2958,26.745],[-80.3,26.7451],[-80.3006,26.7375],[-80.308,26.7377],[-80.3083,26.7298],[-80.3105,26.7299],[-80.311,26.7159],[-80.3088,26.7158],[-80.3089,26.7131],[-80.3111,26.7131],[-80.3112,26.7089],[-80.309,26.7088],[-80.3091,26.7071],[-80.3296,26.7086],[-80.3308,26.7096],[-80.3633,26.7104],[-80.3627,26.7411],[-80.3863,26.7686],[-80.3948,26.7781],[-80.4116,26.7947],[-80.4662,26.8415],[-80.5632,26.9282],[-80.564,26.9288],[-80.5801,26.9289],[-80.5802,26.9579],[-80.6297,26.9578],[-80.7498,26.959],[-80.8856,26.9589],[-80.8861,26.9492]]]},"properties":{"chamber":"CD","district_number":"20","geoid":"1220","name":"Congressional District 20","label":"Congressional District 20"}},{"type":"Feature","geometry":{"type":"Polygon","coordinates":[[[-80.4903,25.5388],[-80.4897,25.489],[-80.4856,25.489],[-80.4856,25.4917],[-80.4835,25.4917],[-80.4836,25.4899],[-80.4816,25.4899],[-80.4806,25.4899],[-80.4803,25.4918],[-80.4796,25.4918],[-80.4795,25.4899],[-80.4776,25.4899],[-80.4776,25.489],[-80.4761,25.489],[-80.476,25.4881],[-80.4733,25.4881],[-80.4733,25.4836],[-80.4723,25.4836],[-80.4722,25.4827],[-80.4712,25.4827],[-80.4712,25.4809],[-80.4651,25.4818],[-80.4651,25.4846],[-80.459,25.4846],[-80.4589,25.481],[-80.4569,25.481],[-80.4569,25.4828],[-80.4549,25.4828],[-80.4549,25.481],[-80.4339,25.4808],[-80.4284,25.4843],[-80.4193,25.4923],[-80.4177,25.4954],[-80.4172,25.4995],[-80.4123,25.4996],[-80.4121,25.4803],[-80.4049,25.4804],[-80.4048,25.4778],[-80.4039,25.4778],[-80.4038,25.4722],[-80.4001,25.4738],[-80.3939,25.4739],[-80.3911,25.473],[-80.3866,25.473],[-80.3845,25.4714],[-80.3726,25.4704],[-80.3404,25.4706],[-80.3403,25.4699],[-80.3385,25.4699],[-80.3368,25.465],[-80.3342,25.465],[-80.3341,25.4632],[-80.246,25.4646],[-80.2366,25.5315],[-80.1755,25.5477],[-80.1206,25.5341],[-80.1196,25.5413],[-80.1159,25.5413],[-80.1117,25.5403],[-80.106,25.5536],[-80.1037,25.5649],[-80.1038,25.5739],[-80.1053,25.5812],[-80.1045,25.588],[-80.1048,25.5946],[-80.1057,25.5999],[-80.1078,25.6066],[-80.1037,25.6489],[-80.1004,25.6562],[-80.0979,25.6684],[-80.0978,25.6761],[-80.0989,25.6842],[-80.0956,25.6921],[-80.0939,25.6986],[-80.0918,25.7211],[-80.0845,25.7269],[-80.0787,25.7334],[-80.0739,25.7414],[-80.0706,25.7504],[-80.1099,25.7504],[-80.11,25.7533],[-80.1249,25.76],[-80.1355,25.7404],[-80.1391,25.7379],[-80.1427,25.7367],[-80.1552,25.7303],[-80.1587,25.7333],[-80.1608,25.7322],[-80.1755,25.7454],[-80.179,25.7465],[-80.1784,25.7468],[-80.1813,25.7513],[-80.1962,25.7599],[-80.201,25.7556],[-80.2091,25.75],[-80.2508,25.7352],[-80.3186,25.733],[-80.3194,25.7368],[-80.3234,25.7369],[-80.3234,25.7387],[-80.3276,25.7388],[-80.3276,25.7406],[-80.3637,25.7397],[-80.3638,25.7324],[-80.3757,25.7322],[-80.3749,25.7151],[-80.3837,25.7151],[-80.3839,25.7002],[-80.3846,25.6983],[-80.3887,25.6922],[-80.3894,25.6893],[-80.3886,25.6711],[-80.3889,25.6649],[-80.3865,25.6489],[-80.4478,25.5804],[-80.4888,25.5425],[-80.4899,25.5408],[-80.4903,25.5388]]]},"properties":{"chamber":"SLDU","district_number":"38","geoid":"12038","name":"State Senate District 38","label":"State Senate District 38"}},{"type":"Feature","geometry":{"type":"Polygon","coordinates":[[[-80.3696,25.7756],[-80.3684,25.7613],[-80.3677,25.7396],[-80.3276,25.7406],[-80.3276,25.7388],[-80.3234,25.7387],[-80.3234,25.7369],[-80.3194,25.7368],[-80.3186,25.733],[-80.2508,25.7352],[-80.2091,25.75],[-80.201,25.7556],[-80.1962,25.7599],[-80.1813,25.7513],[-80.1784,25.7468],[-80.179,25.7465],[-80.1755,25.7454],[-80.1608,25.7322],[-80.1587,25.7333],[-80.1552,25.7303],[-80.1427,25.7367],[-80.1391,25.7379],[-80.1355,25.7404],[-80.1237,25.7624],[-80.126,25.7705],[-80.1243,25.7802],[-80.1239,25.7867],[-80.1216,25.7961],[-80.1166,25.8123],[-80.1269,25.8137],[-80.1329,25.8139],[-80.1411,25.8108],[-80.1439,25.8103],[-80.1812,25.8106],[-80.1867,25.8115],[-80.1894,25.8114],[-80.1894,25.8106],[-80.2042,25.8102],[-80.2061,25.8095],[-80.2076,25.81],[-80.2402,25.8091],[-80.2398,25.7943],[-80.2421,25.7942],[-80.2442,25.7953],[-80.2645,25.7935],[-80.269,25.7895],[-80.2742,25.7837],[-80.2805,25.7855],[-80.2893,25.7842],[-80.3015,25.7845],[-80.3041,25.784],[-80.3122,25.7804],[-80.3144,25.7799],[-80.3253,25.7815],[-80.3631,25.7815],[-80.369,25.7807],[-80.3696,25.7756]]]},"properties":{"chamber":"SLDU","district_number":"36","geoid":"12036","name":"State Senate District 36","label":"State Senate District 36"}},{"type":"Feature","geometry":{"type":"Polygon","coordinates":[[[-81.9576,28.348],[-81.9576,28.3452],[-81.8752,28.3454],[-81.8575,28.346],[-81.8576,28.3619],[-81.7909,28.3618],[-81.7907,28.3464],[-81.5315,28.3473],[-81.4757,28.4095],[-81.4744,28.4119],[-81.4742,28.4501],[-81.488,28.4499],[-81.4882,28.454],[-81.4915,28.4566],[-81.4916,28.4791],[-81.4927,28.4822],[-81.4917,28.4852],[-81.4909,28.4937],[-81.4835,28.4937],[-81.4838,28.5028],[-81.4935,28.51],[-81.5009,28.5144],[-81.5062,28.5196],[-81.5162,28.5271],[-81.53,28.535],[-81.5379,28.5436],[-81.542,28.5458],[-81.5468,28.5466],[-81.5607,28.5465],[-81.5689,28.5453],[-81.5834,28.5451],[-81.6108,28.545],[-81.6189,28.5461],[-81.6191,28.5453],[-81.6208,28.5445],[-81.6224,28.5445],[-81.6224,28.5438],[-81.6245,28.5438],[-81.6245,28.54],[-81.6439,28.5399],[-81.6485,28.5409],[-81.6492,28.5415],[-81.6498,28.546],[-81.6573,28.5461],[-81.6572,28.5698],[-81.6527,28.5711],[-81.6514,28.5751],[-81.6521,28.5772],[-81.6519,28.5805],[-81.6506,28.5819],[-81.6489,28.5827],[-81.6481,28.5845],[-81.6535,28.5904],[-81.6572,28.5926],[-81.6569,28.6078],[-81.6585,28.6796],[-81.6586,28.7664],[-81.6564,28.7698],[-81.654,28.7675],[-81.6537,28.7663],[-81.6512,28.7659],[-81.649,28.7669],[-81.6465,28.7699],[-81.6452,28.7727],[-81.6447,28.776],[-81.646,28.7818],[-81.6478,28.7841],[-81.6465,28.7859],[-81.4774,28.7862],[-81.4147,28.7856],[-81.4157,28.7861],[-81.414,28.7898],[-81.4138,28.7928],[-81.4151,28.7971],[-81.4157,28.8026],[-81.4182,28.8065],[-81.418,28.8082],[-81.4197,28.8155],[-81.4191,28.8185],[-81.4163,28.8256],[-81.412,28.8306],[-81.4093,28.8323],[-81.4092,28.8332],[-81.4083,28.8341],[-81.4073,28.8348],[-81.4039,28.8348],[-81.403,28.8372],[-81.3986,28.8405],[-81.3984,28.8419],[-81.3947,28.8421],[-81.3913,28.8475],[-81.3899,28.8483],[-81.3901,28.849],[-81.3877,28.8499],[-81.3869,28.8492],[-81.383,28.852],[-81.38,28.8565],[-81.3798,28.8583],[-81.3783,28.8598],[-81.3771,28.8599],[-81.3768,28.8613],[-81.3749,28.8624],[-81.376,28.8659],[-81.3749,28.8667],[-81.3752,28.8682],[-81.3741,28.8698],[-81.3735,28.8702],[-81.3729,28.8691],[-81.372,28.869],[-81.3716,28.8701],[-81.3697,28.8705],[-81.3691,28.8725],[-81.3663,28.8736],[-81.3671,28.8783],[-81.3665,28.8799],[-81.363,28.8792],[-81.366,28.8847],[-81.3661,28.8878],[-81.3656,28.889],[-81.3645,28.8903],[-81.3626,28.8904],[-81.3589,28.8873],[-81.3572,28.8871],[-81.3548,28.8926],[-81.3548,28.8951],[-81.3556,28.897],[-81.3534,28.8965],[-81.3526,28.8971],[-81.3541,28.8985],[-81.3565,28.8988],[-81.3576,28.8996],[-81.3575,28.9037],[-81.3602,28.9067],[-81.359,28.9087],[-81.3567,28.9105],[-81.357,28.9115],[-81.3595,28.9132],[-81.3592,28.9146],[-81.3541,28.9209],[-81.3519,28.9207],[-81.3533,28.9264],[-81.3551,28.9284],[-81.3554,28.9299],[-81.3544,28.9315],[-81.3523,28.932],[-81.3514,28.9328],[-81.3515,28.9341],[-81.3535,28.9368],[-81.3528,28.9377],[-81.35,28.9387],[-81.3497,28.9396],[-81.3532,28.9391],[-81.3553,28.9403],[-81.3552,28.9425],[-81.3532,28.9453],[-81.353,28.9464],[-81.3537,28.9471],[-81.3551,28.9471],[-81.3583,28.9444],[-81.3594,28.9448],[-81.3592,28.9458],[-81.3546,28.9484],[-81.354,28.9496],[-81.355,28.9509],[-81.3596,28.9511],[-81.3604,28.9517],[-81.3603,28.9536],[-81.3588,28.9544],[-81.3589,28.9559],[-81.3617,28.9571],[-81.3636,28.9558],[-81.3679,28.9553],[-81.3709,28.9583],[-81.3706,28.9589],[-81.3669,28.9598],[-81.3673,28.9585],[-81.3658,28.9609],[-81.3661,28.9623],[-81.3694,28.9674],[-81.3696,28.9689],[-81.367,28.968],[-81.3642,28.9686],[-81.362,28.9756],[-81.3569,28.9799],[-81.3546,28.9844],[-81.3559,28.987],[-81.3577,28.9888],[-81.3644,28.9927],[-81.373,28.9931],[-81.3757,28.994],[-81.3759,28.995],[-81.3723,28.9971],[-81.3722,28.9985],[-81.3735,28.9994],[-81.3769,28.9986],[-81.3782,28.9989],[-81.3808,29.0074],[-81.3882,29.0107],[-81.3887,29.012],[-81.3875,29.0156],[-81.3899,29.0188],[-81.3922,29.02],[-81.3952,29.0187],[-81.3958,29.0191],[-81.395,29.0212],[-81.3948,29.0241],[-81.4029,29.0325],[-81.406,29.0327],[-81.4088,29.031],[-81.4099,29.0313],[-81.4109,29.0324],[-81.4115,29.035],[-81.4132,29.0372],[-81.4154,29.0384],[-81.4181,29.0379],[-81.4196,29.0384],[-81.4231,29.0427],[-81.4258,29.0448],[-81.4283,29.0456],[-81.4306,29.0442],[-81.4322,29.0444],[-81.4363,29.048],[-81.4461,29.0621],[-81.4523,29.0616],[-81.4553,29.0631],[-81.456,29.0659],[-81.4553,29.0686],[-81.4558,29.0715],[-81.4604,29.074],[-81.4609,29.0758],[-81.4605,29.0783],[-81.4597,29.0792],[-81.4582,29.0802],[-81.4553,29.0808],[-81.4544,29.082],[-81.4568,29.0875],[-81.4573,29.0916],[-81.4585,29.0938],[-81.4664,29.0967],[-81.4687,29.097],[-81.4703,29.0968],[-81.4741,29.0947],[-81.487,29.0929],[-81.4888,29.0932],[-81.492,29.0955],[-81.4975,29.0957],[-81.501,29.0968],[-81.5021,29.0978],[-81.5005,29.1013],[-81.5006,29.1035],[-81.5067,29.1122],[-81.5063,29.1178],[-81.5045,29.1237],[-81.51,29.1328],[-81.5131,29.1357],[-81.5146,29.1423],[-81.5169,29.1476],[-81.5231,29.1569],[-81.5236,29.161],[-81.5218,29.1653],[-81.5226,29.1677],[-81.5257,29.1702],[-81.5307,29.1712],[-81.5316,29.173],[-81.5311,29.1759],[-81.5317,29.1772],[-81.5402,29.1792],[-81.5435,29.1806],[-81.5462,29.1842],[-81.5474,29.185],[-81.554,29.1846],[-81.5545,29.1861],[-81.5536,29.1884],[-81.5571,29.1939],[-81.5581,29.1974],[-81.5609,29.2002],[-81.5706,29.202],[-81.5721,29.2034],[-81.5763,29.2028],[-81.5826,29.2003],[-81.5939,29.199],[-81.6063,29.2009],[-81.6098,29.2025],[-81.6123,29.2028],[-81.6124,29.2046],[-81.6149,29.2063],[-81.6146,29.2076],[-81.6168,29.2105],[-81.6173,29.2129],[-81.6164,29.2151],[-81.6153,29.2162],[-81.6158,29.2178],[-81.615,29.2174],[-81.6162,29.221],[-81.6157,29.2211],[-81.6192,29.2285],[-81.6218,29.2303],[-81.6227,29.2322],[-81.634,29.2448],[-81.6348,29.2473],[-81.6337,29.2501],[-81.6342,29.2517],[-81.6339,29.2543],[-81.6399,29.2726],[-81.6419,29.2768],[-81.6405,29.1265],[-81.6387,29.0478],[-81.6592,29.0478],[-81.6587,28.9603],[-81.6961,28.9601],[-81.729,28.9612],[-81.8422,28.961],[-81.8423,28.9599],[-81.8548,28.9598],[-81.8748,28.9603],[-81.9542,28.9601],[-81.9533,28.8753],[-81.9537,28.7553],[-81.9549,28.6424],[-81.9542,28.5561],[-81.9554,28.5003],[-81.9561,28.4142],[-81.9575,28.3753],[-81.9576,28.348]]]},"properties":{"chamber":"SLDU","district_number":"13","geoid":"12013","name":"State Senate District 13","label":"State Senate District 13"}},{"type":"Feature","geometry":{"type":"Polygon","coordinates":[[[-80.886,26.6546],[-80.8831,26.4475],[-80.88,26.3461],[-80.8819,26.3461],[-80.8818,26.3338],[-80.5399,26.3347],[-80.297,26.3344],[-80.2971,26.3553],[-80.2975,26.356],[-80.284,26.3643],[-80.2533,26.3644],[-80.2517,26.365],[-80.2516,26.3577],[-80.2509,26.3578],[-80.2488,26.3602],[-80.2421,26.3629],[-80.2336,26.3633],[-80.2265,26.3669],[-80.2206,26.3674],[-80.2143,26.3694],[-80.2066,26.3679],[-80.1695,26.3679],[-80.1652,26.3687],[-80.1429,26.3689],[-80.1175,26.3682],[-80.1097,26.3658],[-80.1023,26.3653],[-80.0975,26.3625],[-80.0935,26.3615],[-80.0823,26.3618],[-80.0799,26.365],[-80.0778,26.3647],[-80.0778,26.3666],[-80.0682,26.366],[-80.0686,26.3607],[-80.0643,26.3607],[-80.066,26.336],[-80.0685,26.321],[-80.0153,26.321],[-80.0144,26.3622],[-80.0061,26.4328],[-79.9998,26.4711],[-79.9969,26.4837],[-79.9965,26.493],[-79.9942,26.5003],[-79.9913,26.523],[-79.9885,26.5273],[-79.9863,26.537],[-79.9853,26.545],[-80.0304,26.5439],[-80.0501,26.5465],[-80.049,26.5538],[-80.0604,26.5539],[-80.0605,26.5576],[-80.0629,26.5576],[-80.0625,26.5631],[-80.0635,26.5631],[-80.0634,26.5649],[-80.0693,26.5652],[-80.0693,26.5668],[-80.0699,26.5668],[-80.0696,26.5722],[-80.1731,26.5723],[-80.1742,26.6627],[-80.1728,26.6691],[-80.1664,26.6792],[-80.3834,26.6859],[-80.3877,26.6871],[-80.3929,26.6899],[-80.4356,26.7222],[-80.4398,26.7244],[-80.4441,26.7253],[-80.6355,26.7262],[-80.6839,26.7257],[-80.6841,26.7427],[-80.6818,26.7495],[-80.689,26.7674],[-80.6897,26.788],[-80.6939,26.7952],[-80.6942,26.7982],[-80.706,26.7987],[-80.8504,26.7504],[-80.8839,26.7503],[-80.8845,26.7466],[-80.886,26.7462],[-80.886,26.6546]]]},"properties":{"chamber":"SLDU","district_number":"26","geoid":"12026","name":"State Senate District 26","label":"State Senate District 26"}},{"type":"Feature","geometry":{"type":"Polygon","coordinates":[[[-80.8812,26.3338],[-80.8797,26.2593],[-80.8794,26.1801],[-80.8726,26.0015],[-80.8729,25.9794],[-80.68,25.9787],[-80.68,25.9569],[-80.295,25.9568],[-80.2952,25.9706],[-80.2298,25.9722],[-80.2302,25.9819],[-80.2286,25.9889],[-80.2245,25.9952],[-80.2232,25.9952],[-80.2232,25.9944],[-80.2193,25.9945],[-80.2193,25.9953],[-80.2203,25.9953],[-80.2204,25.9992],[-80.2153,26.0051],[-80.2129,26.012],[-80.2136,26.0345],[-80.2148,26.0475],[-80.2168,26.091],[-80.3302,26.1185],[-80.3301,26.1459],[-80.3271,26.1459],[-80.3218,26.1446],[-80.3171,26.1458],[-80.3139,26.1459],[-80.314,26.1649],[-80.3128,26.168],[-80.3173,26.1702],[-80.2981,26.189],[-80.2974,26.2361],[-80.297,26.2361],[-80.2974,26.2413],[-80.297,26.3344],[-80.5399,26.3347],[-80.8812,26.3338]]]},"properties":{"chamber":"SLDU","district_number":"35","geoid":"12035","name":"State Senate District 35","label":"State Senate District 35"}},{"type":"Feature","geometry":{"type":"Polygon","coordinates":[[[-80.2302,25.9813],[-80.2298,25.9722],[-80.1657,25.9738],[-80.1654,25.9652],[-80.1671,25.9611],[-80.1767,25.9544],[-80.1851,25.9474],[-80.1805,25.9439],[-80.1783,25.9455],[-80.1724,25.9448],[-80.1685,25.9458],[-80.1588,25.9462],[-80.1569,25.9472],[-80.147,25.9474],[-80.1537,25.9261],[-80.1397,25.9265],[-80.1332,25.9295],[-80.1305,25.9298],[-80.1299,25.9229],[-80.1286,25.921],[-80.1186,25.9214],[-80.1181,25.9301],[-80.1161,25.9301],[-80.1146,25.9431],[-80.1138,25.9754],[-80.0629,25.9768],[-80.0611,25.9885],[-80.0602,26.0061],[-80.0545,26.0731],[-80.0513,26.0816],[-80.0495,26.0901],[-80.0497,26.1011],[-80.0487,26.1076],[-80.0485,26.117],[-80.0465,26.1385],[-80.0428,26.1587],[-80.0414,26.1708],[-80.0394,26.1762],[-80.0379,26.1833],[-80.0375,26.1892],[-80.0381,26.1967],[-80.0356,26.2095],[-80.0342,26.2167],[-80.0313,26.2257],[-80.0304,26.2325],[-80.0272,26.2396],[-80.025,26.2479],[-80.0221,26.2888],[-80.0153,26.321],[-80.0879,26.3208],[-80.0889,26.3224],[-80.0893,26.3248],[-80.0922,26.3264],[-80.0949,26.325],[-80.0964,26.3224],[-80.0989,26.3228],[-80.1009,26.3204],[-80.1263,26.2315],[-80.1363,26.2314],[-80.1362,26.214],[-80.1382,26.209],[-80.135,26.2062],[-80.1324,26.206],[-80.1319,26.1926],[-80.1298,26.1927],[-80.1298,26.19],[-80.1267,26.1901],[-80.1267,26.189],[-80.1246,26.189],[-80.1246,26.1873],[-80.1225,26.1873],[-80.1224,26.1834],[-80.1189,26.1835],[-80.1197,26.1811],[-80.1194,26.1718],[-80.1188,26.1697],[-80.117,26.1673],[-80.1219,26.1671],[-80.1219,26.1646],[-80.1245,26.1651],[-80.1256,26.1637],[-80.1272,26.1637],[-80.1277,26.1648],[-80.1287,26.165],[-80.1304,26.1641],[-80.1292,26.163],[-80.1295,26.1626],[-80.1339,26.1638],[-80.1383,26.1638],[-80.1384,26.1667],[-80.1575,26.1662],[-80.1593,26.1657],[-80.1605,26.1644],[-80.1548,26.1562],[-80.152,26.154],[-80.1506,26.154],[-80.1487,26.1529],[-80.1467,26.1512],[-80.1421,26.1509],[-80.1364,26.1514],[-80.1322,26.1538],[-80.131,26.1529],[-80.1309,26.1473],[-80.1315,26.145],[-80.1386,26.1369],[-80.1362,26.137],[-80.1378,26.1352],[-80.1371,26.1077],[-80.1749,26.1067],[-80.1905,26.1048],[-80.1986,26.1045],[-80.202,26.1046],[-80.2026,26.1049],[-80.2022,26.1063],[-80.2146,26.1061],[-80.2174,26.0971],[-80.2162,26.0847],[-80.2129,26.012],[-80.2153,26.0051],[-80.2204,25.9992],[-80.2203,25.9953],[-80.2193,25.9953],[-80.2193,25.9945],[-80.2232,25.9944],[-80.2232,25.9952],[-80.2245,25.9952],[-80.2253,25.9942],[-80.2286,25.9889],[-80.2302,25.9813]]]},"properties":{"chamber":"SLDU","district_number":"37","geoid":"12037","name":"State Senate District 37","label":"State Senate District 37"}},{"type":"Feature","geometry":{"type":"Polygon","coordinates":[[[-81.6586,28.7428],[-81.6585,28.6796],[-81.6569,28.6078],[-81.6572,28.5926],[-81.6535,28.5904],[-81.6481,28.5845],[-81.6489,28.5827],[-81.6506,28.5819],[-81.6519,28.5805],[-81.6521,28.5772],[-81.6514,28.5751],[-81.6527,28.5711],[-81.6572,28.5698],[-81.6573,28.5461],[-81.6498,28.546],[-81.6492,28.5415],[-81.6485,28.5409],[-81.6439,28.5399],[-81.6245,28.54],[-81.6245,28.5438],[-81.6224,28.5438],[-81.6224,28.5445],[-81.6208,28.5445],[-81.6191,28.5453],[-81.6189,28.5461],[-81.6108,28.545],[-81.5834,28.5451],[-81.5689,28.5453],[-81.5607,28.5465],[-81.5468,28.5466],[-81.5431,28.5461],[-81.5396,28.5447],[-81.5365,28.5424],[-81.53,28.535],[-81.5162,28.5271],[-81.5062,28.5196],[-81.5009,28.5144],[-81.4935,28.51],[-81.4838,28.5028],[-81.4835,28.4937],[-81.4909,28.4937],[-81.4917,28.4852],[-81.4927,28.4824],[-81.4916,28.4791],[-81.4915,28.4566],[-81.4882,28.454],[-81.488,28.4499],[-81.4,28.4502],[-81.3669,28.451],[-81.3672,28.4621],[-81.3747,28.4889],[-81.3808,28.5138],[-81.3826,28.5351],[-81.3835,28.5351],[-81.3824,28.5402],[-81.3826,28.5524],[-81.3806,28.5592],[-81.376,28.5668],[-81.3753,28.5848],[-81.3756,28.5865],[-81.3768,28.5885],[-81.3851,28.5955],[-81.3862,28.5973],[-81.3867,28.6115],[-81.3865,28.611],[-81.3847,28.611],[-81.385,28.6076],[-81.3828,28.6076],[-81.3817,28.6092],[-81.3821,28.6116],[-81.3754,28.6117],[-81.3757,28.6209],[-81.3785,28.6206],[-81.3943,28.6213],[-81.3943,28.6222],[-81.3963,28.622],[-81.3962,28.6203],[-81.3981,28.6203],[-81.4002,28.6213],[-81.4003,28.6221],[-81.4065,28.622],[-81.4065,28.6208],[-81.4071,28.6208],[-81.407,28.6185],[-81.4149,28.6184],[-81.4152,28.6401],[-81.4597,28.6402],[-81.4595,28.7133],[-81.458,28.7143],[-81.4507,28.7143],[-81.4486,28.7153],[-81.4456,28.7136],[-81.4414,28.7151],[-81.4382,28.7206],[-81.4362,28.7218],[-81.4316,28.727],[-81.4312,28.7286],[-81.4269,28.7337],[-81.425,28.7352],[-81.4238,28.7353],[-81.4228,28.7369],[-81.4212,28.7405],[-81.4217,28.7409],[-81.4215,28.7445],[-81.4185,28.7546],[-81.4165,28.7553],[-81.4157,28.7597],[-81.4152,28.7637],[-81.4158,28.7645],[-81.4156,28.7665],[-81.4164,28.7695],[-81.4158,28.7734],[-81.4149,28.7749],[-81.4156,28.7825],[-81.4146,28.7856],[-81.4774,28.7862],[-81.6465,28.7859],[-81.6478,28.7841],[-81.646,28.7818],[-81.6447,28.776],[-81.6452,28.7727],[-81.6465,28.7699],[-81.649,28.7669],[-81.6512,28.7659],[-81.6537,28.7663],[-81.654,28.7675],[-81.6564,28.7698],[-81.6586,28.7664],[-81.6586,28.7428]]]},"properties":{"chamber":"SLDU","district_number":"15","geoid":"12015","name":"State Senate District 15","label":"State Senate District 15"}},{"type":"Feature","geometry":{"type":"Polygon","coordinates":[[[-81.6573,28.3471],[-81.6572,28.2592],[-81.5575,28.2594],[-81.5241,28.201],[-81.5242,28.1428],[-81.4562,28.1432],[-81.4558,28.0849],[-81.3464,28.0847],[-81.3478,28.0841],[-81.3488,28.0818],[-81.3482,28.0801],[-81.3472,28.0802],[-81.3465,28.0693],[-81.347,28.0697],[-81.3486,28.0678],[-81.3505,28.0686],[-81.3534,28.0676],[-81.3532,28.0671],[-81.3545,28.0675],[-81.3552,28.0669],[-81.3554,28.0674],[-81.3583,28.0679],[-81.3584,28.0684],[-81.3604,28.0684],[-81.3624,28.07],[-81.3655,28.0679],[-81.3657,28.0661],[-81.3651,28.0646],[-81.3663,28.0636],[-81.3668,28.0617],[-81.3655,28.0607],[-81.3654,28.0596],[-81.3643,28.0581],[-81.3641,28.0569],[-81.3651,28.0552],[-81.3642,28.0529],[-81.3638,28.0497],[-81.3645,28.0471],[-81.3619,28.0437],[-81.3629,28.0425],[-81.3626,28.0406],[-81.3634,28.04],[-81.3637,28.0378],[-81.3649,28.0378],[-81.3674,28.0363],[-81.3674,28.0346],[-81.3721,28.0323],[-81.3724,28.0311],[-81.3758,28.0295],[-81.376,28.0287],[-81.3751,28.0273],[-81.3759,28.0249],[-81.379,28.022],[-81.3792,28.0212],[-81.3783,28.018],[-81.3765,28.0158],[-81.3774,28.0137],[-81.378,28.014],[-81.3785,28.0134],[-81.3783,28.0124],[-81.3788,28.0117],[-81.3815,28.013],[-81.3825,28.0124],[-81.3857,28.0172],[-81.3907,28.0197],[-81.3912,28.0193],[-81.3922,28.0198],[-81.3926,28.0242],[-81.3935,28.0247],[-81.3939,28.0278],[-81.3946,28.0284],[-81.3972,28.0294],[-81.4065,28.0291],[-81.4099,28.0319],[-81.4111,28.0339],[-81.4158,28.0371],[-81.4184,28.0381],[-81.4232,28.0386],[-81.4241,28.0405],[-81.4255,28.0394],[-81.428,28.0393],[-81.4283,28.0406],[-81.4277,28.0414],[-81.4297,28.0425],[-81.4313,28.0422],[-81.4337,28.0454],[-81.4349,28.0515],[-81.4361,28.0542],[-81.4385,28.057],[-81.4411,28.0587],[-81.4434,28.0592],[-81.445,28.0585],[-81.4459,28.059],[-81.4463,28.0581],[-81.4504,28.0566],[-81.4538,28.0576],[-81.4574,28.0551],[-81.4586,28.053],[-81.4582,28.0517],[-81.4597,28.0518],[-81.4584,28.0509],[-81.4602,28.0502],[-81.4593,28.0497],[-81.46,28.0472],[-81.4598,28.045],[-81.4585,28.0418],[-81.4588,28.0398],[-81.4557,28.0388],[-81.4516,28.0342],[-81.4486,28.0323],[-81.4407,28.0339],[-81.439,28.0328],[-81.4386,28.0332],[-81.4349,28.0256],[-81.4325,28.0224],[-81.4293,28.021],[-81.4286,28.0188],[-81.4281,28.0208],[-81.4291,28.0217],[-81.4278,28.0211],[-81.4268,28.0171],[-81.4249,28.0139],[-81.4242,28.0107],[-81.4224,28.0078],[-81.4211,28.0034],[-81.4159,27.9982],[-81.4139,27.9991],[-81.4147,28],[-81.4143,28.0006],[-81.4086,28.0011],[-81.4037,28.0028],[-81.3982,28.003],[-81.3925,28.0046],[-81.3869,28.0035],[-81.3873,28.003],[-81.3861,28.0016],[-81.3858,27.9994],[-81.3845,27.9994],[-81.3836,27.9972],[-81.3826,27.9977],[-81.3785,27.989],[-81.3786,27.9884],[-81.3809,27.988],[-81.3819,27.985],[-81.381,27.9834],[-81.3801,27.983],[-81.3771,27.9841],[-81.3764,27.9819],[-81.3765,27.9783],[-81.375,27.9782],[-81.3732,27.977],[-81.3706,27.9779],[-81.3688,27.9754],[-81.3687,27.9738],[-81.3651,27.9729],[-81.3498,27.9638],[-81.348,27.9607],[-81.3485,27.9555],[-81.349,27.9543],[-81.3499,27.9551],[-81.3498,27.9539],[-81.3481,27.9531],[-81.3473,27.9535],[-81.3451,27.9523],[-81.3436,27.9523],[-81.344,27.9528],[-81.343,27.9531],[-81.3409,27.951],[-81.3382,27.951],[-81.3368,27.9499],[-81.3367,27.9453],[-81.3384,27.9405],[-81.3382,27.9392],[-81.3406,27.9407],[-81.3459,27.9415],[-81.3464,27.9411],[-81.3457,27.9409],[-81.3461,27.9402],[-81.3475,27.9392],[-81.3467,27.9368],[-81.3455,27.9357],[-81.344,27.9362],[-81.3416,27.9327],[-81.3387,27.9313],[-81.3383,27.9334],[-81.3334,27.9304],[-81.3213,27.9264],[-81.3178,27.9243],[-81.3171,27.9249],[-81.3188,27.9281],[-81.3179,27.9287],[-81.316,27.9285],[-81.3144,27.9258],[-81.3121,27.9251],[-81.3089,27.9221],[-81.3084,27.9208],[-81.3092,27.9153],[-81.3121,27.9106],[-81.3139,27.9047],[-81.3148,27.9038],[-81.3148,27.9006],[-81.3128,27.8956],[-81.308,27.8896],[-81.3061,27.8862],[-81.3045,27.8805],[-81.3059,27.8768],[-81.3044,27.8704],[-81.303,27.87],[-81.2973,27.8627],[-81.2975,27.8623],[-81.2989,27.8625],[-81.3015,27.8652],[-81.3023,27.8636],[-81.3019,27.8621],[-81.2988,27.8614],[-81.2971,27.8596],[-81.292,27.8576],[-81.2813,27.8575],[-81.2815,27.8558],[-81.2791,27.852],[-81.2773,27.8508],[-81.2729,27.8502],[-81.2632,27.8471],[-81.2608,27.847],[-81.2578,27.8481],[-81.2585,27.847],[-81.2599,27.8465],[-81.2591,27.846],[-81.2562,27.8472],[-81.2542,27.8488],[-81.2505,27.8489],[-81.2502,27.8484],[-81.2506,27.847],[-81.2512,27.8469],[-81.2515,27.845],[-81.2503,27.8436],[-81.2486,27.8453],[-81.248,27.8476],[-81.2463,27.8479],[-81.2465,27.8488],[-81.2417,27.8457],[-81.241,27.8465],[-81.2414,27.8472],[-81.2348,27.8437],[-81.2311,27.8428],[-81.2247,27.8369],[-81.2208,27.8349],[-81.2153,27.8297],[-81.2144,27.8285],[-81.2155,27.8266],[-81.214,27.8241],[-81.208,27.821],[-81.21,27.8192],[-81.2092,27.8176],[-81.2099,27.8172],[-81.2091,27.8153],[-81.2067,27.8133],[-81.2065,27.8124],[-81.2086,27.8122],[-81.2061,27.8117],[-81.2048,27.8101],[-81.2041,27.8106],[-81.2038,27.8088],[-81.2007,27.8037],[-81.2005,27.7974],[-81.2001,27.797],[-81.1996,27.7976],[-81.1986,27.7973],[-81.1963,27.7908],[-81.1943,27.7898],[-81.192,27.7869],[-81.1896,27.7853],[-81.1894,27.7823],[-81.186,27.779],[-81.1857,27.7782],[-81.1874,27.7765],[-81.1875,27.775],[-81.1847,27.7729],[-81.1825,27.7745],[-81.1811,27.7742],[-81.181,27.77],[-81.1786,27.7709],[-81.1782,27.7705],[-81.1791,27.7658],[-81.175,27.7644],[-81.1742,27.7622],[-81.173,27.7609],[-81.173,27.7595],[-81.1736,27.7587],[-81.1743,27.7594],[-81.178,27.7589],[-81.1791,27.7555],[-81.1787,27.7521],[-81.1755,27.7497],[-81.1759,27.748],[-81.1745,27.7456],[-81.174,27.7455],[-81.1729,27.7474],[-81.1712,27.7465],[-81.1706,27.7438],[-81.1718,27.7437],[-81.1718,27.7432],[-81.1681,27.7422],[-81.1676,27.7429],[-81.1664,27.743],[-81.165,27.7423],[-81.1645,27.7354],[-81.165,27.7345],[-81.1659,27.7349],[-81.1668,27.7342],[-81.1655,27.7321],[-81.1676,27.7329],[-81.1687,27.732],[-81.1683,27.7297],[-81.1669,27.7287],[-81.1685,27.7282],[-81.1688,27.7263],[-81.1671,27.7246],[-81.1674,27.7234],[-81.1668,27.7231],[-81.1653,27.7243],[-81.1613,27.7242],[-81.1608,27.7238],[-81.16,27.7193],[-81.159,27.7185],[-81.1531,27.7186],[-81.1523,27.718],[-81.1518,27.7162],[-81.1507,27.7176],[-81.1506,27.7155],[-81.149,27.7129],[-81.1458,27.7103],[-81.1468,27.709],[-81.146,27.7063],[-81.1475,27.7057],[-81.1474,27.7044],[-81.1493,27.703],[-81.148,27.6992],[-81.1498,27.7002],[-81.1502,27.6998],[-81.1473,27.6964],[-81.149,27.692],[-81.1466,27.6909],[-81.1477,27.689],[-81.1462,27.6865],[-81.1467,27.6858],[-81.1459,27.6851],[-81.1449,27.6822],[-81.1461,27.6825],[-81.1469,27.6819],[-81.1447,27.6795],[-81.1454,27.6776],[-81.1441,27.6761],[-81.1452,27.6738],[-81.1443,27.6697],[-81.1436,27.6691],[-81.1433,27.6707],[-81.1422,27.6706],[-81.1418,27.6685],[-81.14,27.6673],[-81.1384,27.665],[-81.1341,27.6621],[-81.1318,27.6615],[-81.131,27.6593],[-81.1325,27.6541],[-81.1312,27.6505],[-81.1325,27.6475],[-81.1339,27.6491],[-81.1346,27.6476],[-81.1338,27.6472],[-81.1339,27.6467],[-81.1376,27.6442],[-81.1382,27.6444],[-81.1373,27.6453],[-81.1373,27.647],[-81.14,27.6467],[-81.1422,27.6432],[-81.027,27.642],[-80.8731,27.6423],[-80.8738,27.7339],[-80.8801,27.7337],[-80.8816,27.8225],[-80.8689,27.8225],[-80.8694,27.9639],[-80.87,27.9826],[-80.8695,28.0485],[-80.8701,28.0571],[-80.8693,28.0651],[-80.8693,28.0847],[-80.8629,28.0847],[-80.8614,28.2523],[-80.8629,28.3475],[-80.9491,28.3477],[-80.9998,28.3486],[-81.0232,28.3477],[-81.3096,28.3481],[-81.3097,28.3825],[-81.3231,28.3925],[-81.3285,28.3958],[-81.3322,28.3972],[-81.3331,28.3985],[-81.3337,28.4018],[-81.3356,28.405],[-81.3433,28.4122],[-81.3403,28.4159],[-81.336,28.4169],[-81.3346,28.4186],[-81.3348,28.4413],[-81.3337,28.4436],[-81.3334,28.4511],[-81.3496,28.4507],[-81.3591,28.4464],[-81.3633,28.4458],[-81.3669,28.4458],[-81.3669,28.451],[-81.4,28.4502],[-81.4742,28.4498],[-81.474,28.4138],[-81.4752,28.4101],[-81.5315,28.3473],[-81.6573,28.3471]]]},"properties":{"chamber":"SLDU","district_number":"25","geoid":"12025","name":"State Senate District 25","label":"State Senate District 25"}},{"type":"Feature","geometry":{"type":"Polygon","coordinates":[[[-81.3833,28.5353],[-81.3826,28.5351],[-81.3808,28.5138],[-81.3747,28.4889],[-81.3672,28.4621],[-81.3669,28.4458],[-81.3591,28.4464],[-81.3496,28.4507],[-81.3334,28.4511],[-81.3337,28.4436],[-81.3348,28.4413],[-81.3346,28.4186],[-81.336,28.4169],[-81.3403,28.4159],[-81.3433,28.4122],[-81.3356,28.405],[-81.3337,28.4018],[-81.3331,28.3985],[-81.3322,28.3972],[-81.3285,28.3958],[-81.3231,28.3925],[-81.3097,28.3825],[-81.3096,28.3481],[-81.0232,28.3477],[-80.9998,28.3486],[-80.9491,28.3477],[-80.8629,28.3475],[-80.8687,28.3525],[-80.8736,28.3606],[-80.8738,28.3641],[-80.8724,28.3677],[-80.8731,28.3703],[-80.8756,28.3734],[-80.8767,28.3733],[-80.8778,28.3722],[-80.8793,28.3724],[-80.8803,28.3737],[-80.8801,28.3751],[-80.8819,28.3748],[-80.8819,28.3755],[-80.8795,28.3772],[-80.8796,28.3804],[-80.8814,28.3806],[-80.8859,28.385],[-80.8885,28.3856],[-80.8878,28.388],[-80.8896,28.393],[-80.8875,28.394],[-80.8868,28.3965],[-80.8851,28.3958],[-80.8845,28.3961],[-80.8845,28.3983],[-80.8867,28.3996],[-80.8855,28.4024],[-80.8865,28.4041],[-80.8849,28.4064],[-80.8832,28.4065],[-80.883,28.4082],[-80.8848,28.4087],[-80.8849,28.4107],[-80.8881,28.413],[-80.888,28.4157],[-80.8911,28.4162],[-80.8922,28.4184],[-80.8942,28.4191],[-80.8947,28.4192],[-80.8951,28.418],[-80.8964,28.4185],[-80.8959,28.4196],[-80.8964,28.4206],[-80.8955,28.4207],[-80.8958,28.4231],[-80.8969,28.4233],[-80.8964,28.425],[-80.8987,28.4261],[-80.8971,28.4264],[-80.8968,28.4278],[-80.8984,28.4319],[-80.899,28.4309],[-80.8993,28.4322],[-80.9003,28.4316],[-80.9013,28.4335],[-80.8996,28.4334],[-80.8989,28.4347],[-80.8969,28.4355],[-80.8982,28.4364],[-80.897,28.4365],[-80.8967,28.4373],[-80.8952,28.4364],[-80.8943,28.4379],[-80.8947,28.4387],[-80.8941,28.441],[-80.8931,28.4418],[-80.894,28.4427],[-80.8939,28.4439],[-80.8901,28.4454],[-80.892,28.4492],[-80.8939,28.4508],[-80.8959,28.4513],[-80.8973,28.453],[-80.897,28.4547],[-80.8983,28.4551],[-80.8976,28.4578],[-80.8966,28.4566],[-80.8958,28.458],[-80.8941,28.458],[-80.8934,28.459],[-80.8933,28.46],[-80.8944,28.4598],[-80.895,28.4604],[-80.8948,28.462],[-80.8958,28.4632],[-80.8954,28.4637],[-80.8938,28.4632],[-80.8929,28.464],[-80.8929,28.465],[-80.8941,28.4646],[-80.8946,28.4653],[-80.8945,28.467],[-80.8908,28.4684],[-80.8909,28.4669],[-80.8898,28.4665],[-80.8867,28.4696],[-80.8847,28.4687],[-80.8842,28.4695],[-80.8823,28.4696],[-80.8817,28.4704],[-80.8808,28.4683],[-80.8797,28.4683],[-80.8794,28.4697],[-80.876,28.4709],[-80.8755,28.4699],[-80.8764,28.4694],[-80.8751,28.4688],[-80.8728,28.4711],[-80.8713,28.4708],[-80.8708,28.4714],[-80.8742,28.4763],[-80.8741,28.4779],[-80.8731,28.4785],[-80.8739,28.4802],[-80.8733,28.4821],[-80.8753,28.4835],[-80.8756,28.4858],[-80.8781,28.4867],[-80.8773,28.488],[-80.8753,28.4887],[-80.8754,28.4897],[-80.879,28.4898],[-80.8803,28.4911],[-80.8826,28.4915],[-80.8841,28.4949],[-80.8837,28.496],[-80.881,28.4966],[-80.8799,28.4976],[-80.8799,28.5],[-80.8809,28.5035],[-80.8833,28.5043],[-80.8852,28.5096],[-80.8865,28.5107],[-80.8927,28.5121],[-80.895,28.5098],[-80.8964,28.5094],[-80.8989,28.5098],[-80.9001,28.5116],[-80.9014,28.5104],[-80.9036,28.5111],[-80.9043,28.5104],[-80.9065,28.5115],[-80.9056,28.5128],[-80.907,28.5136],[-80.9071,28.5145],[-80.9054,28.5166],[-80.9059,28.518],[-80.908,28.518],[-80.907,28.5204],[-80.9101,28.5219],[-80.911,28.5213],[-80.912,28.5216],[-80.9125,28.5232],[-80.9106,28.5233],[-80.9117,28.5247],[-80.9164,28.5228],[-80.9195,28.5242],[-80.9207,28.5253],[-80.9211,28.5288],[-80.9234,28.5327],[-80.9251,28.5332],[-80.9282,28.5327],[-80.9322,28.5355],[-80.9329,28.5338],[-80.9341,28.5334],[-80.9352,28.5341],[-80.9356,28.5363],[-80.9363,28.5368],[-80.9372,28.5364],[-80.9378,28.5347],[-80.9393,28.535],[-80.939,28.5395],[-80.9397,28.5407],[-80.9392,28.5418],[-80.9358,28.5418],[-80.9342,28.5405],[-80.9321,28.5424],[-80.9343,28.5452],[-80.9341,28.5477],[-80.9326,28.5516],[-80.9337,28.5519],[-80.9333,28.5526],[-80.9342,28.5544],[-80.9317,28.5559],[-80.9317,28.557],[-80.9343,28.559],[-80.9317,28.5598],[-80.9322,28.5618],[-80.93,28.5632],[-80.9319,28.5646],[-80.9319,28.5664],[-80.9331,28.5663],[-80.9328,28.5673],[-80.9341,28.5679],[-80.9344,28.5694],[-80.9357,28.5705],[-80.9359,28.5713],[-80.9375,28.5709],[-80.9383,28.5722],[-80.9393,28.5725],[-80.9403,28.5745],[-80.9391,28.5752],[-80.9403,28.5759],[-80.9404,28.5781],[-80.9415,28.5781],[-80.9426,28.5799],[-80.9442,28.5801],[-80.9439,28.582],[-80.9459,28.5827],[-80.9448,28.584],[-80.9472,28.5849],[-80.9463,28.5861],[-80.9471,28.5874],[-80.9464,28.5876],[-80.9454,28.5865],[-80.9456,28.5879],[-80.9451,28.5889],[-80.9443,28.589],[-80.9447,28.5899],[-80.9438,28.591],[-80.9447,28.5913],[-80.9451,28.5924],[-80.9446,28.593],[-80.9438,28.5926],[-80.9433,28.5937],[-80.9464,28.5957],[-80.9479,28.5956],[-80.9473,28.5967],[-80.9464,28.5969],[-80.9488,28.5979],[-80.9485,28.5988],[-80.9495,28.5985],[-80.9493,28.6004],[-80.9507,28.5996],[-80.9512,28.6005],[-80.9523,28.6001],[-80.953,28.6007],[-80.9519,28.6022],[-80.9525,28.6027],[-80.9519,28.6042],[-80.9541,28.605],[-80.9552,28.6036],[-80.9565,28.6038],[-80.9564,28.6021],[-80.9571,28.6019],[-80.96,28.6029],[-80.9604,28.605],[-80.9613,28.6054],[-80.9652,28.6044],[-80.9676,28.6052],[-80.9679,28.6043],[-80.9685,28.6043],[-80.9695,28.6052],[-80.9692,28.6079],[-80.9706,28.6086],[-80.971,28.6112],[-80.9731,28.6114],[-80.9757,28.6078],[-80.978,28.6091],[-80.9805,28.6095],[-80.9811,28.6112],[-80.9833,28.6097],[-80.9845,28.6129],[-80.9851,28.6126],[-80.9853,28.6114],[-80.9872,28.613],[-80.9954,28.6132],[-81.2038,28.612],[-81.309,28.6107],[-81.3076,28.6068],[-81.307,28.5844],[-81.3076,28.5816],[-81.3109,28.5752],[-81.3151,28.5752],[-81.3152,28.5818],[-81.3246,28.5818],[-81.3246,28.5753],[-81.3317,28.5753],[-81.3319,28.5769],[-81.333,28.5771],[-81.333,28.5789],[-81.3401,28.5788],[-81.3399,28.5683],[-81.3549,28.5677],[-81.3556,28.5641],[-81.3729,28.5641],[-81.3728,28.5653],[-81.3752,28.566],[-81.3745,28.5677],[-81.3759,28.5677],[-81.3765,28.5653],[-81.3806,28.5592],[-81.3826,28.5524],[-81.3824,28.5402],[-81.3833,28.5353]]]},"properties":{"chamber":"SLDU","district_number":"17","geoid":"12017","name":"State Senate District 17","label":"State Senate District 17"}},{"type":"Feature","geometry":{"type":"Polygon","coordinates":[[[-80.3302,26.1185],[-80.2168,26.091],[-80.2174,26.0971],[-80.2146,26.1061],[-80.2022,26.1063],[-80.2026,26.1049],[-80.202,26.1046],[-80.1986,26.1045],[-80.1905,26.1048],[-80.1749,26.1067],[-80.1371,26.1077],[-80.1378,26.1352],[-80.1362,26.137],[-80.1386,26.1369],[-80.1315,26.145],[-80.1309,26.1473],[-80.131,26.1529],[-80.1322,26.1538],[-80.1364,26.1514],[-80.1421,26.1509],[-80.1467,26.1512],[-80.1487,26.1529],[-80.1506,26.154],[-80.152,26.154],[-80.1548,26.1562],[-80.1605,26.1644],[-80.1593,26.1657],[-80.1575,26.1662],[-80.1408,26.1667],[-80.1384,26.1667],[-80.1383,26.1638],[-80.1339,26.1638],[-80.1303,26.1627],[-80.1292,26.1629],[-80.1303,26.1642],[-80.1284,26.165],[-80.127,26.1637],[-80.1254,26.1637],[-80.1245,26.1651],[-80.1219,26.1646],[-80.1219,26.1671],[-80.117,26.1673],[-80.1188,26.1697],[-80.1194,26.1718],[-80.1197,26.1811],[-80.1189,26.1835],[-80.1224,26.1834],[-80.1225,26.1873],[-80.1246,26.1873],[-80.1246,26.189],[-80.1267,26.189],[-80.1267,26.1901],[-80.1298,26.19],[-80.1298,26.1927],[-80.1319,26.1926],[-80.1324,26.206],[-80.1345,26.206],[-80.1376,26.2088],[-80.1473,26.2118],[-80.148,26.2119],[-80.1483,26.2108],[-80.1732,26.21],[-80.1768,26.2092],[-80.188,26.2097],[-80.1881,26.2092],[-80.1955,26.209],[-80.1956,26.215],[-80.1994,26.215],[-80.1994,26.213],[-80.2029,26.2129],[-80.2029,26.215],[-80.2041,26.215],[-80.2044,26.2201],[-80.2125,26.2201],[-80.2126,26.2219],[-80.2206,26.2219],[-80.221,26.2282],[-80.2335,26.2283],[-80.2335,26.2301],[-80.2975,26.2295],[-80.2981,26.189],[-80.3173,26.1702],[-80.3128,26.168],[-80.314,26.1649],[-80.3139,26.1459],[-80.3171,26.1458],[-80.3218,26.1446],[-80.3271,26.1459],[-80.3301,26.1459],[-80.3302,26.1185]]]},"properties":{"chamber":"SLDU","district_number":"32","geoid":"12032","name":"State Senate District 32","label":"State Senate District 32"}},{"type":"Feature","geometry":{"type":"Polygon","coordinates":[[[-80.2976,26.3558],[-80.2971,26.3553],[-80.2969,26.3355],[-80.2974,26.2413],[-80.297,26.2361],[-80.2974,26.2361],[-80.2975,26.2295],[-80.2335,26.2301],[-80.2335,26.2283],[-80.221,26.2282],[-80.2206,26.2219],[-80.2126,26.2219],[-80.2125,26.2201],[-80.2044,26.2201],[-80.2041,26.215],[-80.2029,26.215],[-80.2029,26.2129],[-80.1994,26.213],[-80.1994,26.215],[-80.1956,26.215],[-80.1955,26.209],[-80.1881,26.2092],[-80.188,26.2097],[-80.1768,26.2092],[-80.1732,26.21],[-80.1483,26.2108],[-80.148,26.2119],[-80.1382,26.209],[-80.1362,26.214],[-80.1363,26.2314],[-80.1263,26.2315],[-80.101,26.3203],[-80.0989,26.3228],[-80.0964,26.3224],[-80.0949,26.325],[-80.0922,26.3264],[-80.0893,26.3248],[-80.0889,26.3224],[-80.0879,26.3208],[-80.0685,26.321],[-80.066,26.336],[-80.0643,26.3607],[-80.0686,26.3607],[-80.0682,26.366],[-80.0721,26.366],[-80.0722,26.3666],[-80.0778,26.3666],[-80.0778,26.3647],[-80.0799,26.365],[-80.0823,26.3618],[-80.0931,26.3615],[-80.0975,26.3625],[-80.1023,26.3653],[-80.1093,26.3657],[-80.1184,26.3683],[-80.1429,26.3689],[-80.1652,26.3687],[-80.1695,26.3679],[-80.2066,26.3679],[-80.2135,26.3694],[-80.2206,26.3674],[-80.2265,26.3669],[-80.2336,26.3633],[-80.2421,26.3629],[-80.2488,26.3602],[-80.2509,26.3578],[-80.2516,26.3577],[-80.2517,26.365],[-80.2533,26.3644],[-80.284,26.3643],[-80.2971,26.3567],[-80.2976,26.3558]]]},"properties":{"chamber":"SLDU","district_number":"30","geoid":"12030","name":"State Senate District 30","label":"State Senate District 30"}},{"type":"Feature","geometry":{"type":"Polygon","coordinates":[[[-81.5236,29.1605],[-81.5229,29.1565],[-81.5185,29.1505],[-81.5147,29.1426],[-81.5131,29.1357],[-81.51,29.1328],[-81.5045,29.1237],[-81.5063,29.1178],[-81.5067,29.1122],[-81.5006,29.1035],[-81.5005,29.1013],[-81.5021,29.0978],[-81.501,29.0968],[-81.4975,29.0957],[-81.492,29.0955],[-81.4888,29.0932],[-81.487,29.0929],[-81.4741,29.0947],[-81.4703,29.0968],[-81.4687,29.097],[-81.4664,29.0967],[-81.4585,29.0938],[-81.4573,29.0916],[-81.4568,29.0875],[-81.4544,29.082],[-81.4553,29.0808],[-81.4582,29.0802],[-81.4597,29.0792],[-81.4605,29.0783],[-81.4609,29.0758],[-81.4604,29.074],[-81.4558,29.0715],[-81.4553,29.0686],[-81.456,29.0659],[-81.4553,29.0631],[-81.4523,29.0616],[-81.4461,29.0621],[-81.4363,29.048],[-81.4322,29.0444],[-81.4306,29.0442],[-81.4283,29.0456],[-81.4258,29.0448],[-81.4231,29.0427],[-81.4196,29.0384],[-81.4181,29.0379],[-81.4154,29.0384],[-81.4132,29.0372],[-81.4115,29.035],[-81.4109,29.0324],[-81.4099,29.0313],[-81.4088,29.031],[-81.406,29.0327],[-81.4029,29.0325],[-81.3948,29.0241],[-81.395,29.0212],[-81.3958,29.0191],[-81.3952,29.0187],[-81.3922,29.02],[-81.3899,29.0188],[-81.3875,29.0156],[-81.3887,29.012],[-81.3882,29.0107],[-81.3808,29.0074],[-81.3782,28.9989],[-81.3769,28.9986],[-81.3735,28.9994],[-81.3722,28.9985],[-81.3723,28.9971],[-81.3759,28.995],[-81.3757,28.994],[-81.373,28.9931],[-81.3644,28.9927],[-81.3584,28.9894],[-81.3559,28.987],[-81.3547,28.9848],[-81.3552,28.9825],[-81.3569,28.9799],[-81.362,28.9756],[-81.3642,28.9686],[-81.367,28.968],[-81.3696,28.9689],[-81.3694,28.9674],[-81.3661,28.9623],[-81.3658,28.9609],[-81.3673,28.9585],[-81.3669,28.9598],[-81.3709,28.9585],[-81.3679,28.9553],[-81.3636,28.9558],[-81.3617,28.9571],[-81.3589,28.9559],[-81.3588,28.9544],[-81.3603,28.9536],[-81.3604,28.9517],[-81.3596,28.9511],[-81.355,28.9509],[-81.354,28.9496],[-81.3546,28.9484],[-81.3592,28.9458],[-81.3594,28.9448],[-81.3583,28.9444],[-81.3551,28.9471],[-81.3537,28.9471],[-81.353,28.9464],[-81.3532,28.9453],[-81.3552,28.9425],[-81.3553,28.9403],[-81.3532,28.9391],[-81.3503,28.9397],[-81.3496,28.9393],[-81.3534,28.9372],[-81.3533,28.9361],[-81.3515,28.9341],[-81.3514,28.9328],[-81.3523,28.932],[-81.3544,28.9315],[-81.3554,28.9299],[-81.3551,28.9284],[-81.3533,28.9264],[-81.3519,28.9207],[-81.3541,28.9209],[-81.3592,28.9146],[-81.3595,28.9132],[-81.357,28.9115],[-81.3567,28.9105],[-81.359,28.9087],[-81.3602,28.9067],[-81.3575,28.9037],[-81.3576,28.8996],[-81.3565,28.8988],[-81.3541,28.8985],[-81.3526,28.8971],[-81.3534,28.8965],[-81.3556,28.897],[-81.3548,28.8951],[-81.3548,28.8926],[-81.3572,28.8871],[-81.3589,28.8873],[-81.3618,28.8898],[-81.3636,28.8905],[-81.3651,28.8896],[-81.3661,28.8878],[-81.3656,28.8836],[-81.363,28.8794],[-81.3636,28.879],[-81.3663,28.88],[-81.3668,28.8787],[-81.3602,28.8714],[-81.3605,28.8705],[-81.363,28.8699],[-81.3638,28.8691],[-81.3647,28.8657],[-81.3635,28.8647],[-81.3525,28.8626],[-81.3511,28.8581],[-81.3522,28.8581],[-81.3535,28.8592],[-81.3545,28.8587],[-81.3553,28.8538],[-81.3583,28.8519],[-81.3596,28.8503],[-81.3587,28.8483],[-81.3476,28.8462],[-81.3415,28.8471],[-81.3398,28.8462],[-81.3335,28.8404],[-81.3234,28.8373],[-81.3205,28.8345],[-81.226,28.8326],[-81.2229,28.8269],[-81.2246,28.8216],[-81.2213,28.8203],[-81.2159,28.8144],[-81.216,28.8117],[-81.2167,28.8104],[-81.2164,28.8081],[-81.2145,28.8079],[-81.2137,28.8042],[-81.2117,28.8028],[-81.2074,28.8013],[-81.2048,28.7988],[-81.2039,28.7969],[-81.1987,28.7945],[-81.1974,28.7919],[-81.195,28.7923],[-81.1913,28.7957],[-81.1904,28.7945],[-81.1882,28.7938],[-81.1832,28.7975],[-81.181,28.7966],[-81.1801,28.7953],[-81.1795,28.791],[-81.1814,28.7833],[-81.1789,28.7819],[-81.1775,28.7829],[-81.1776,28.7859],[-81.1716,28.786],[-81.1708,28.785],[-81.1707,28.783],[-81.1653,28.7888],[-81.1604,28.7909],[-81.1564,28.7918],[-81.1539,28.7914],[-81.1489,28.7922],[-81.138,28.7913],[-81.1362,28.7922],[-81.1357,28.7931],[-81.1361,28.7943],[-81.1398,28.7952],[-81.1403,28.7962],[-81.1365,28.7979],[-81.1303,28.7985],[-81.1293,28.7995],[-81.1292,28.8023],[-81.1311,28.8063],[-81.1248,28.8107],[-81.1237,28.812],[-81.1231,28.8141],[-81.1253,28.8193],[-81.1266,28.8209],[-81.1226,28.8233],[-81.1198,28.8262],[-81.1142,28.8264],[-81.1111,28.8284],[-81.1053,28.8285],[-81.1042,28.8279],[-81.1035,28.8248],[-81.0999,28.8235],[-81.0977,28.8215],[-81.096,28.8221],[-81.0936,28.8247],[-81.0919,28.8247],[-81.0893,28.8205],[-81.0848,28.8157],[-81.0832,28.8156],[-81.0805,28.8165],[-81.0782,28.8192],[-81.0761,28.8193],[-81.0739,28.8153],[-81.07,28.8147],[-81.0674,28.813],[-81.0667,28.8117],[-81.0662,28.8081],[-81.0677,28.8053],[-81.0678,28.8037],[-81.0587,28.7942],[-81.0571,28.7904],[-81.0539,28.7775],[-81.0531,28.7736],[-81.0606,28.762],[-81.0611,28.75],[-81.0577,28.7451],[-81.0409,28.7297],[-81.0407,28.7283],[-81.0414,28.7267],[-81.0364,28.7249],[-81.036,28.7232],[-81.0364,28.7225],[-81.0382,28.7227],[-81.0388,28.7216],[-81.0376,28.7202],[-81.034,28.7186],[-81.0338,28.7167],[-81.0349,28.7154],[-81.0355,28.7126],[-81.0347,28.7094],[-81.0214,28.7011],[-81.0204,28.6996],[-81.0204,28.6978],[-81.0166,28.693],[-81.0166,28.6908],[-81.02,28.6885],[-81.0199,28.6873],[-81.0213,28.6852],[-81.0213,28.6743],[-81.0205,28.6732],[-81.0141,28.6703],[-81.011,28.6681],[-81.0072,28.6635],[-81.0084,28.6601],[-81.0083,28.6588],[-81.0058,28.6518],[-81.0031,28.6481],[-81.0033,28.645],[-81.0011,28.64],[-81.0051,28.6389],[-81.007,28.6371],[-81.0071,28.6363],[-81.0024,28.6314],[-81,28.6303],[-80.9982,28.6306],[-80.9996,28.6274],[-80.9961,28.6241],[-80.9945,28.6217],[-80.9935,28.6219],[-80.9896,28.6248],[-80.9888,28.6245],[-80.9884,28.6213],[-80.9869,28.6179],[-80.9883,28.6168],[-80.99,28.6171],[-80.9905,28.6149],[-80.9899,28.6139],[-80.9872,28.613],[-80.9855,28.6114],[-80.985,28.6114],[-80.985,28.6127],[-80.9844,28.6128],[-80.9833,28.6097],[-80.981,28.6112],[-80.9806,28.6096],[-80.978,28.6091],[-80.9759,28.6078],[-80.9747,28.6085],[-80.9731,28.6114],[-80.971,28.6112],[-80.9706,28.6086],[-80.9692,28.6079],[-80.9695,28.6052],[-80.9683,28.6042],[-80.9676,28.6052],[-80.9652,28.6044],[-80.9613,28.6054],[-80.9604,28.605],[-80.96,28.6029],[-80.9571,28.6019],[-80.9564,28.6021],[-80.9564,28.6039],[-80.9552,28.6036],[-80.9541,28.605],[-80.9521,28.6042],[-80.9525,28.6027],[-80.9519,28.6022],[-80.953,28.6007],[-80.9523,28.6001],[-80.9512,28.6005],[-80.9507,28.5996],[-80.9493,28.6004],[-80.9495,28.5985],[-80.9485,28.5988],[-80.9488,28.5979],[-80.9464,28.5969],[-80.9473,28.5967],[-80.9479,28.5956],[-80.9464,28.5957],[-80.9435,28.5939],[-80.9438,28.5927],[-80.9446,28.593],[-80.9451,28.5924],[-80.9447,28.5913],[-80.9438,28.591],[-80.9447,28.5899],[-80.9443,28.5889],[-80.9451,28.5889],[-80.9456,28.5879],[-80.9454,28.5865],[-80.9464,28.5876],[-80.9471,28.5874],[-80.9463,28.5861],[-80.9472,28.5849],[-80.9448,28.584],[-80.9459,28.5827],[-80.9439,28.582],[-80.9442,28.5801],[-80.9426,28.5799],[-80.9415,28.5781],[-80.9404,28.5781],[-80.9403,28.5759],[-80.9391,28.5752],[-80.9403,28.5745],[-80.9393,28.5725],[-80.9383,28.5722],[-80.9375,28.5709],[-80.9359,28.5713],[-80.9357,28.5705],[-80.9344,28.5694],[-80.9341,28.5679],[-80.9328,28.5673],[-80.9331,28.5663],[-80.9319,28.5664],[-80.9319,28.5646],[-80.93,28.5632],[-80.9322,28.5618],[-80.9317,28.5598],[-80.9343,28.559],[-80.9317,28.557],[-80.9317,28.5559],[-80.9342,28.5544],[-80.9333,28.5526],[-80.9337,28.5519],[-80.9326,28.5516],[-80.9341,28.5477],[-80.9343,28.5452],[-80.9328,28.5436],[-80.902,28.5435],[-80.8974,28.5448],[-80.8924,28.5492],[-80.8887,28.5506],[-80.8604,28.5505],[-80.8605,28.5435],[-80.8518,28.5433],[-80.8515,28.5452],[-80.8517,28.5203],[-80.8508,28.5172],[-80.8323,28.4939],[-80.8122,28.4937],[-80.8039,28.4944],[-80.7875,28.4944],[-80.7875,28.4953],[-80.7799,28.4953],[-80.7813,28.4983],[-80.7855,28.4968],[-80.7859,28.5012],[-80.7853,28.5101],[-80.7841,28.5101],[-80.7843,28.5116],[-80.7834,28.5116],[-80.7833,28.5125],[-80.7839,28.5128],[-80.7832,28.5128],[-80.7825,28.5163],[-80.782,28.5166],[-80.7814,28.5245],[-80.7792,28.5262],[-80.7813,28.5261],[-80.7811,28.5276],[-80.7286,28.5264],[-80.6575,28.526],[-80.6573,28.5481],[-80.6539,28.5624],[-80.6543,28.5804],[-80.6549,28.5844],[-80.6609,28.5938],[-80.6687,28.6019],[-80.6953,28.6438],[-80.6972,28.6451],[-80.6859,28.6448],[-80.6796,28.6453],[-80.6649,28.6518],[-80.6329,28.6517],[-80.6292,28.6503],[-80.6252,28.6447],[-80.6227,28.6425],[-80.6177,28.6425],[-80.6139,28.6369],[-80.5922,28.6109],[-80.5242,28.6102],[-80.5268,28.6145],[-80.5365,28.6253],[-80.6115,28.7194],[-80.6248,28.7353],[-80.6356,28.7503],[-80.7218,28.875],[-80.7636,28.9373],[-80.8454,29.0627],[-80.8748,29.106],[-80.9068,29.1447],[-80.921,29.1713],[-80.9402,29.2117],[-80.9579,29.2545],[-80.969,29.2503],[-80.9792,29.2503],[-80.9998,29.2386],[-81.0188,29.2311],[-81.0243,29.2297],[-81.0474,29.2197],[-81.0543,29.2324],[-81.055,29.2321],[-81.0541,29.2304],[-81.0557,29.2297],[-81.0566,29.2315],[-81.056,29.231],[-81.056,29.2317],[-81.0551,29.2321],[-81.0556,29.2329],[-81.0565,29.2326],[-81.0578,29.235],[-81.0559,29.2354],[-81.0566,29.2366],[-81.0583,29.2359],[-81.0586,29.2364],[-81.058,29.237],[-81.0585,29.2378],[-81.0575,29.2382],[-81.0591,29.2385],[-81.0594,29.2391],[-81.0582,29.2396],[-81.0588,29.2404],[-81.0599,29.24],[-81.0611,29.2417],[-81.0641,29.241],[-81.0644,29.2418],[-81.0649,29.2415],[-81.0633,29.2428],[-81.0639,29.2439],[-81.0661,29.2445],[-81.0651,29.2452],[-81.0658,29.2457],[-81.0665,29.2452],[-81.0659,29.2458],[-81.067,29.2466],[-81.0676,29.2464],[-81.0674,29.247],[-81.0688,29.2485],[-81.0695,29.2482],[-81.0708,29.2508],[-81.0702,29.2511],[-81.0709,29.2523],[-81.0719,29.2514],[-81.0737,29.2555],[-81.0728,29.2559],[-81.0827,29.2739],[-81.0828,29.2786],[-81.0882,29.2782],[-81.0912,29.2769],[-81.1063,29.2636],[-81.1113,29.2584],[-81.1256,29.2542],[-81.1346,29.2524],[-81.162,29.2557],[-81.1647,29.2568],[-81.1713,29.2618],[-81.1756,29.2623],[-81.1988,29.2539],[-81.2149,29.2523],[-81.2327,29.2397],[-81.2405,29.2394],[-81.2517,29.2402],[-81.3018,29.2279],[-81.3249,29.2249],[-81.3567,29.2057],[-81.3695,29.2047],[-81.4029,29.1932],[-81.4162,29.1911],[-81.4186,29.1897],[-81.4247,29.1839],[-81.4292,29.1812],[-81.4604,29.1719],[-81.4655,29.171],[-81.5107,29.1703],[-81.5198,29.1689],[-81.5226,29.1677],[-81.5218,29.1653],[-81.5232,29.1627],[-81.5236,29.1605]]]},"properties":{"chamber":"SLDU","district_number":"8","geoid":"12008","name":"State Senate District 8","label":"State Senate District 8"}},{"type":"Feature","geometry":{"type":"Polygon","coordinates":[[[-80.4845,25.8905],[-80.4838,25.855],[-80.4822,25.8128],[-80.4827,25.7977],[-80.4815,25.7828],[-80.4822,25.7733],[-80.4814,25.7609],[-80.3684,25.7613],[-80.3695,25.7752],[-80.369,25.7807],[-80.359,25.7817],[-80.3312,25.7817],[-80.3223,25.7813],[-80.3144,25.7799],[-80.3122,25.7804],[-80.3041,25.784],[-80.3015,25.7845],[-80.2893,25.7842],[-80.2805,25.7855],[-80.2742,25.7837],[-80.269,25.7895],[-80.2645,25.7935],[-80.2442,25.7953],[-80.2421,25.7942],[-80.2398,25.7943],[-80.2408,25.8239],[-80.2469,25.8238],[-80.2475,25.8354],[-80.2476,25.8384],[-80.2415,25.8386],[-80.2431,25.8828],[-80.2572,25.8826],[-80.2665,25.8848],[-80.2743,25.8887],[-80.282,25.8957],[-80.292,25.8986],[-80.2932,25.925],[-80.2767,25.9251],[-80.2788,25.971],[-80.2952,25.9706],[-80.295,25.9568],[-80.4314,25.957],[-80.4311,25.9521],[-80.4321,25.9499],[-80.4834,25.893],[-80.4845,25.8905]]]},"properties":{"chamber":"SLDU","district_number":"39","geoid":"12039","name":"State Senate District 39","label":"State Senate District 39"}},{"type":"Feature","geometry":{"type":"MultiPolygon","coordinates":[[[[-82.3251,24.5901],[-82.3265,24.5837],[-82.2154,24.5838],[-82.2202,24.5733],[-82.2216,24.5677],[-82.2223,24.5602],[-82.222,24.5538],[-82.2203,24.5436],[-82.2173,24.5342],[-82.2113,24.5226],[-82.2032,24.5134],[-82.1923,24.5054],[-82.1854,24.5021],[-82.1786,24.4999],[-82.1661,24.497],[-82.1557,24.4961],[-82.1473,24.4967],[-82.1404,24.498],[-82.1318,24.4972],[-82.1203,24.4973],[-82.1118,24.4985],[-82.1049,24.5004],[-82.1003,24.5],[-82.0876,24.5061],[-82.0793,24.5116],[-82.0723,24.5177],[-82.0672,24.5237],[-82.0582,24.5144],[-82.0541,24.5036],[-82.0518,24.5],[-82.0533,24.5],[-82.0511,24.4968],[-82.0446,24.4898],[-82.0343,24.4825],[-82.0235,24.4779],[-82.0138,24.4761],[-82.001,24.4755],[-81.9992,24.4766],[-81.9937,24.4746],[-81.9824,24.4732],[-81.9744,24.4712],[-81.9767,24.468],[-81.9809,24.457],[-81.9821,24.4454],[-81.9798,24.4317],[-81.9745,24.4208],[-81.9673,24.412],[-81.9584,24.4052],[-81.9464,24.3993],[-81.9348,24.3969],[-81.9206,24.3963],[-81.9111,24.3978],[-81.903,24.4009],[-81.8943,24.4057],[-81.8827,24.4037],[-81.8748,24.4031],[-81.8669,24.4036],[-81.8621,24.4051],[-81.8593,24.4047],[-81.841,24.4076],[-81.8255,24.4125],[-81.8135,24.4176],[-81.8007,24.4271],[-81.789,24.4395],[-81.7818,24.4609],[-81.7833,24.4787],[-81.7883,24.4913],[-81.7924,24.4956],[-81.7793,24.4948],[-81.7708,24.4969],[-81.7725,24.4925],[-81.7737,24.4866],[-81.7744,24.4793],[-81.7737,24.4727],[-81.7702,24.4632],[-81.7629,24.4496],[-81.7556,24.4428],[-81.7498,24.4385],[-81.7407,24.434],[-81.7301,24.4307],[-81.7118,24.4297],[-81.6972,24.4323],[-81.6819,24.437],[-81.6774,24.4391],[-81.6663,24.4401],[-81.6601,24.4413],[-81.6557,24.4434],[-81.644,24.4458],[-81.6372,24.4481],[-81.6324,24.4511],[-81.6253,24.4512],[-81.6103,24.4543],[-81.5968,24.4611],[-81.5893,24.4668],[-81.5858,24.4711],[-81.5753,24.471],[-81.565,24.4728],[-81.5514,24.478],[-81.5399,24.486],[-81.5306,24.4966],[-81.5286,24.5004],[-81.5257,24.5004],[-81.5218,24.5074],[-81.5199,24.5126],[-81.5191,24.5172],[-81.5189,24.5265],[-81.5194,24.5306],[-81.5205,24.5358],[-81.5239,24.5454],[-81.5279,24.5533],[-81.5164,24.5624],[-81.5146,24.5648],[-81.4998,24.5616],[-81.4946,24.5625],[-81.4889,24.5578],[-81.4834,24.5555],[-81.4747,24.5535],[-81.4651,24.5529],[-81.4516,24.5555],[-81.4372,24.5609],[-81.4206,24.5706],[-81.4115,24.5696],[-81.3917,24.5697],[-81.3854,24.5699],[-81.3748,24.5715],[-81.3645,24.5745],[-81.3558,24.5797],[-81.3462,24.5807],[-81.3399,24.5829],[-81.3376,24.5848],[-81.3044,24.5926],[-81.2935,24.5967],[-81.2874,24.5959],[-81.2779,24.5964],[-81.2717,24.5971],[-81.2646,24.5992],[-81.2545,24.6036],[-81.2498,24.6066],[-81.2453,24.6105],[-81.2399,24.6171],[-81.2341,24.6175],[-81.2207,24.6215],[-81.2126,24.6254],[-81.2043,24.6312],[-81.1938,24.6307],[-81.184,24.6312],[-81.1787,24.6319],[-81.1694,24.6346],[-81.1583,24.6402],[-81.1519,24.6449],[-81.1477,24.6491],[-81.1409,24.6431],[-81.1248,24.6366],[-81.0972,24.633],[-81.0762,24.6334],[-81.0597,24.6359],[-81.0476,24.6402],[-81.0386,24.6465],[-81.0301,24.6546],[-81.0253,24.6603],[-81.0226,24.6653],[-81.0118,24.6669],[-81.0032,24.6689],[-80.9998,24.6704],[-80.9998,24.6689],[-80.9892,24.6738],[-80.9765,24.6824],[-80.9674,24.6859],[-80.9591,24.691],[-80.9571,24.6928],[-80.9453,24.6962],[-80.9339,24.7022],[-80.9238,24.709],[-80.9189,24.7131],[-80.9056,24.7135],[-80.8933,24.7165],[-80.887,24.7197],[-80.8786,24.7252],[-80.8685,24.7359],[-80.8614,24.7397],[-80.8522,24.7489],[-80.8453,24.7485],[-80.837,24.75],[-80.8202,24.7568],[-80.8125,24.7612],[-80.8014,24.7593],[-80.793,24.7597],[-80.7834,24.7613],[-80.7711,24.766],[-80.7565,24.7762],[-80.7479,24.7849],[-80.7451,24.7889],[-80.7397,24.7907],[-80.7312,24.7949],[-80.7281,24.7972],[-80.7195,24.7997],[-80.7088,24.8047],[-80.6964,24.8126],[-80.689,24.8157],[-80.6809,24.8208],[-80.6748,24.8256],[-80.6695,24.826],[-80.6523,24.8314],[-80.6404,24.8384],[-80.6323,24.8457],[-80.6284,24.8479],[-80.6199,24.8546],[-80.6146,24.8601],[-80.6113,24.8652],[-80.6062,24.8683],[-80.5982,24.875],[-80.5968,24.875],[-80.5855,24.8893],[-80.5815,24.8903],[-80.5748,24.8939],[-80.5669,24.9006],[-80.5591,24.9023],[-80.5498,24.9062],[-80.5382,24.9127],[-80.5253,24.9235],[-80.5183,24.9334],[-80.5143,24.9406],[-80.5,24.9429],[-80.4781,24.9484],[-80.4695,24.9518],[-80.4629,24.9559],[-80.4534,24.9637],[-80.4455,24.9734],[-80.4402,24.9857],[-80.4391,24.998],[-80.4337,25],[-80.4351,25],[-80.4241,25.0036],[-80.4125,25.0102],[-80.406,25.0157],[-80.3965,25.0282],[-80.3928,25.0354],[-80.3916,25.0394],[-80.3906,25.0484],[-80.3904,25.0572],[-80.3841,25.0588],[-80.3763,25.0622],[-80.3578,25.0729],[-80.3527,25.0768],[-80.3419,25.0884],[-80.3333,25.0992],[-80.3203,25.1192],[-80.3152,25.1254],[-80.3164,25.1254],[-80.3029,25.1449],[-80.3001,25.1508],[-80.2972,25.1622],[-80.2953,25.1621],[-80.2948,25.1717],[-80.2859,25.1874],[-80.28,25.1956],[-80.2767,25.2026],[-80.2712,25.2088],[-80.2673,25.2144],[-80.2597,25.2306],[-80.2554,25.2369],[-80.249,25.2428],[-80.2389,25.2555],[-80.2336,25.2669],[-80.2276,25.2773],[-80.2249,25.2843],[-80.2198,25.2896],[-80.212,25.2994],[-80.2037,25.3075],[-80.1975,25.3169],[-80.191,25.3253],[-80.187,25.3334],[-80.1846,25.3419],[-80.1837,25.3495],[-80.1766,25.3669],[-80.1624,25.3799],[-80.1544,25.3919],[-80.1498,25.4029],[-80.1481,25.4134],[-80.1408,25.4278],[-80.1391,25.4331],[-80.1274,25.4364],[-80.1171,25.4418],[-80.1089,25.4483],[-80.1054,25.4521],[-80.1006,25.4588],[-80.0984,25.4631],[-80.0955,25.471],[-80.0941,25.4792],[-80.0943,25.4891],[-80.0969,25.4996],[-80.1008,25.5076],[-80.108,25.5168],[-80.1151,25.5229],[-80.1156,25.5267],[-80.1117,25.5403],[-80.1159,25.5413],[-80.1196,25.5413],[-80.1206,25.5341],[-80.1755,25.5477],[-80.2366,25.5315],[-80.246,25.4646],[-80.3341,25.4632],[-80.3342,25.465],[-80.3368,25.465],[-80.3385,25.4699],[-80.3403,25.4699],[-80.3404,25.4706],[-80.3726,25.4704],[-80.3845,25.4714],[-80.3866,25.473],[-80.3911,25.473],[-80.3939,25.4739],[-80.4001,25.4738],[-80.4038,25.4722],[-80.4039,25.4778],[-80.4048,25.4778],[-80.4049,25.4804],[-80.4121,25.4803],[-80.4123,25.4996],[-80.4172,25.4995],[-80.4177,25.4954],[-80.4193,25.4923],[-80.4284,25.4843],[-80.4339,25.4808],[-80.4549,25.481],[-80.4549,25.4828],[-80.4569,25.4828],[-80.4569,25.481],[-80.4589,25.481],[-80.459,25.4846],[-80.4651,25.4846],[-80.4651,25.4818],[-80.4712,25.4809],[-80.4712,25.4827],[-80.4722,25.4827],[-80.4723,25.4836],[-80.4733,25.4836],[-80.4733,25.4881],[-80.476,25.4881],[-80.4761,25.489],[-80.4776,25.489],[-80.4776,25.4899],[-80.4795,25.4899],[-80.4796,25.4918],[-80.4803,25.4918],[-80.4806,25.4899],[-80.4816,25.4899],[-80.4836,25.4899],[-80.4835,25.4917],[-80.4856,25.4917],[-80.4856,25.489],[-80.4897,25.489],[-80.4903,25.5388],[-80.4897,25.5412],[-80.4478,25.5804],[-80.3865,25.6489],[-80.3889,25.6649],[-80.3886,25.6711],[-80.3894,25.6893],[-80.3887,25.6922],[-80.3846,25.6983],[-80.3839,25.7002],[-80.3837,25.7151],[-80.3749,25.7151],[-80.3757,25.7322],[-80.3638,25.7324],[-80.3637,25.7397],[-80.3677,25.7396],[-80.3684,25.7613],[-80.4814,25.7609],[-80.4822,25.7733],[-80.4815,25.7828],[-80.4827,25.7977],[-80.4822,25.8128],[-80.4838,25.855],[-80.4842,25.8918],[-80.4321,25.9499],[-80.4311,25.9521],[-80.4314,25.957],[-80.68,25.9569],[-80.68,25.9787],[-80.8729,25.9794],[-80.8736,25.9083],[-80.8731,25.8054],[-80.9814,25.804],[-81.1005,25.8033],[-81.2595,25.8042],[-81.3505,25.8032],[-81.4555,25.8037],[-81.8482,25.8008],[-81.8456,25.7975],[-81.842,25.7945],[-81.8291,25.7721],[-81.8244,25.7621],[-81.8189,25.7524],[-81.8126,25.743],[-81.8057,25.7341],[-81.7961,25.7236],[-81.7855,25.7139],[-81.774,25.7051],[-81.7617,25.6972],[-81.7406,25.6867],[-81.721,25.6797],[-81.7006,25.675],[-81.6797,25.6726],[-81.6375,25.6724],[-81.6202,25.6736],[-81.5983,25.678],[-81.5865,25.6818],[-81.5762,25.686],[-81.5627,25.6774],[-81.5486,25.6696],[-81.534,25.6628],[-81.519,25.6569],[-81.5147,25.6388],[-81.5087,25.6236],[-81.4994,25.6072],[-81.4876,25.5921],[-81.4755,25.5801],[-81.4598,25.5683],[-81.4425,25.5585],[-81.4254,25.5516],[-81.4179,25.5383],[-81.407,25.5223],[-81.3972,25.5102],[-81.3848,25.497],[-81.3813,25.4849],[-81.3689,25.4496],[-81.364,25.4384],[-81.358,25.4275],[-81.351,25.4172],[-81.3431,25.4076],[-81.3342,25.3984],[-81.3252,25.3906],[-81.3206,25.3697],[-81.3149,25.3516],[-81.3309,25.2923],[-81.3364,25.2784],[-81.3402,25.264],[-81.3428,25.2445],[-81.3423,25.2248],[-81.341,25.2161],[-81.3385,25.2056],[-81.3285,25.1764],[-81.319,25.1552],[-81.3124,25.1436],[-81.3048,25.1324],[-81.3011,25.1149],[-81.2951,25.0979],[-81.2881,25.084],[-81.2811,25.073],[-81.2731,25.0625],[-81.2622,25.0509],[-81.2501,25.0403],[-81.2391,25.0325],[-81.2274,25.0255],[-81.2143,25.0192],[-81.2091,25.0123],[-81.2031,25.006],[-81.1965,25.0003],[-81.1886,24.9948],[-81.1834,24.9862],[-81.1738,24.9749],[-81.1713,24.9692],[-81.1703,24.9621],[-81.1819,24.9687],[-81.1916,24.9732],[-81.212,24.9803],[-81.2332,24.9848],[-81.2549,24.9866],[-81.2712,24.9861],[-81.2874,24.984],[-81.3058,24.9797],[-81.3235,24.9734],[-81.3353,24.9727],[-81.3504,24.9705],[-81.3631,24.9741],[-81.3762,24.9766],[-81.3895,24.9781],[-81.4055,24.9785],[-81.4267,24.9767],[-81.443,24.9733],[-81.4587,24.9716],[-81.4885,24.9664],[-81.5076,24.9598],[-81.5156,24.9563],[-81.5355,24.946],[-81.5489,24.9396],[-81.5556,24.9371],[-81.5813,24.9238],[-81.6083,24.907],[-81.6216,24.8972],[-81.6338,24.8943],[-81.6481,24.8896],[-81.6601,24.8833],[-81.6651,24.8807],[-81.6916,24.8629],[-81.7008,24.8578],[-81.7147,24.8516],[-81.7275,24.847],[-81.7465,24.8375],[-81.7619,24.8287],[-81.7782,24.8154],[-81.791,24.8137],[-81.8142,24.8064],[-81.8744,24.7761],[-81.8862,24.7691],[-81.8862,24.7677],[-81.8943,24.7636],[-81.9085,24.7631],[-81.9227,24.7615],[-81.9503,24.7569],[-81.9675,24.7528],[-81.9876,24.746],[-82.0006,24.7405],[-82.013,24.7342],[-82.0269,24.7257],[-82.0458,24.7333],[-82.0653,24.7394],[-82.0853,24.7439],[-82.1098,24.7471],[-82.1303,24.748],[-82.155,24.7469],[-82.1805,24.7435],[-82.2007,24.7382],[-82.2129,24.7335],[-82.2268,24.7267],[-82.2439,24.7156],[-82.2538,24.7076],[-82.2628,24.6989],[-82.2824,24.6762],[-82.2964,24.6573],[-82.3081,24.637],[-82.3144,24.6233],[-82.3187,24.6122],[-82.3251,24.5901]]],[[[-83.1087,24.6295],[-83.1089,24.6111],[-83.1075,24.598],[-83.1035,24.58],[-83.0982,24.565],[-83.0937,24.5553],[-83.0826,24.5369],[-83.0742,24.5262],[-83.0649,24.5162],[-83.0525,24.5052],[-83.0436,24.4986],[-83.0293,24.4897],[-83.014,24.4823],[-82.9999,24.477],[-82.9997,24.5839],[-82.982,24.5838],[-82.9772,24.5798],[-82.9709,24.5758],[-82.9603,24.5715],[-82.9433,24.5689],[-82.9326,24.5698],[-82.9231,24.5723],[-82.9141,24.576],[-82.8959,24.5667],[-82.8851,24.5634],[-82.8721,24.5622],[-82.8636,24.563],[-82.8485,24.5676],[-82.8373,24.5745],[-82.8282,24.5838],[-82.6567,24.5837],[-82.652,24.5933],[-82.6471,24.6057],[-82.6441,24.6158],[-82.6415,24.6287],[-82.6401,24.6418],[-82.6399,24.6549],[-82.6414,24.6706],[-82.6453,24.6886],[-82.6551,24.7133],[-82.6662,24.7317],[-82.68,24.7485],[-82.6962,24.7634],[-82.7098,24.7731],[-82.7219,24.7802],[-82.7399,24.7884],[-82.7561,24.7938],[-82.7757,24.7982],[-82.7899,24.7999],[-82.8014,24.8005],[-82.8101,24.8004],[-82.8378,24.7982],[-82.8503,24.7988],[-82.8689,24.7981],[-82.8934,24.7944],[-82.9202,24.7877],[-82.9329,24.7867],[-82.9455,24.785],[-82.961,24.7816],[-82.9791,24.7761],[-82.9907,24.7714],[-83.0048,24.7645],[-83.0207,24.7548],[-83.0316,24.7468],[-83.0411,24.7409],[-83.0524,24.7327],[-83.0668,24.7198],[-83.0788,24.7061],[-83.0885,24.6921],[-83.0937,24.6827],[-83.0992,24.6705],[-83.1035,24.658],[-83.1071,24.6426],[-83.1087,24.6295]]]]},"properties":{"chamber":"SLDU","district_number":"40","geoid":"12040","name":"State Senate District 40","label":"State Senate District 40"}},{"type":"Feature","geometry":{"type":"Polygon","coordinates":[[[-81.4597,28.6426],[-81.4597,28.6402],[-81.4152,28.6401],[-81.4149,28.6184],[-81.407,28.6185],[-81.4071,28.6208],[-81.4065,28.6208],[-81.4065,28.622],[-81.4003,28.6221],[-81.4002,28.6213],[-81.3981,28.6203],[-81.3962,28.6203],[-81.3963,28.622],[-81.3943,28.6222],[-81.3943,28.6213],[-81.3785,28.6206],[-81.3757,28.6209],[-81.3754,28.6117],[-81.3821,28.6116],[-81.3817,28.6092],[-81.3828,28.6076],[-81.385,28.6076],[-81.3847,28.611],[-81.3865,28.611],[-81.3867,28.6115],[-81.3863,28.5988],[-81.3853,28.5957],[-81.3771,28.5887],[-81.3756,28.5865],[-81.3752,28.5788],[-81.3759,28.5677],[-81.3745,28.5677],[-81.3752,28.566],[-81.3728,28.5653],[-81.3729,28.5641],[-81.3555,28.5641],[-81.3549,28.5677],[-81.3399,28.5683],[-81.3401,28.5788],[-81.333,28.5789],[-81.333,28.5771],[-81.3319,28.5769],[-81.3317,28.5753],[-81.3246,28.5753],[-81.3246,28.5818],[-81.3152,28.5818],[-81.3151,28.5752],[-81.3109,28.5752],[-81.3076,28.5816],[-81.307,28.5844],[-81.3076,28.6068],[-81.309,28.6107],[-81.2038,28.612],[-80.9872,28.613],[-80.9899,28.6139],[-80.9905,28.6158],[-80.99,28.6171],[-80.9883,28.6168],[-80.9869,28.6179],[-80.9884,28.6213],[-80.9888,28.6245],[-80.9896,28.6248],[-80.9935,28.6219],[-80.9945,28.6217],[-80.9961,28.6241],[-80.9996,28.6274],[-80.9982,28.6306],[-81,28.6303],[-81.0024,28.6314],[-81.0071,28.6363],[-81.007,28.6371],[-81.0051,28.6389],[-81.0026,28.6399],[-81.0013,28.6395],[-81.0012,28.6411],[-81.0033,28.645],[-81.0031,28.6481],[-81.0058,28.6518],[-81.0083,28.6588],[-81.0084,28.6601],[-81.0072,28.6635],[-81.011,28.6681],[-81.0141,28.6703],[-81.0205,28.6732],[-81.0213,28.6743],[-81.0213,28.6852],[-81.0199,28.6873],[-81.02,28.6885],[-81.017,28.6901],[-81.0163,28.6919],[-81.0173,28.6941],[-81.0204,28.6978],[-81.0208,28.7005],[-81.0347,28.7094],[-81.0355,28.7126],[-81.0349,28.7154],[-81.0338,28.7167],[-81.034,28.7186],[-81.0376,28.7202],[-81.0388,28.7216],[-81.0382,28.7227],[-81.0364,28.7225],[-81.036,28.7232],[-81.0364,28.7249],[-81.0414,28.7267],[-81.0407,28.7283],[-81.0409,28.7297],[-81.0577,28.7451],[-81.0611,28.75],[-81.0606,28.762],[-81.0531,28.7736],[-81.0539,28.7775],[-81.0571,28.7904],[-81.0587,28.7942],[-81.0678,28.8037],[-81.0677,28.8053],[-81.0662,28.8081],[-81.0667,28.8117],[-81.0674,28.813],[-81.07,28.8147],[-81.0739,28.8153],[-81.0761,28.8193],[-81.0782,28.8192],[-81.0805,28.8165],[-81.0832,28.8156],[-81.0848,28.8157],[-81.0893,28.8205],[-81.0919,28.8247],[-81.0936,28.8247],[-81.096,28.8221],[-81.0977,28.8215],[-81.0999,28.8235],[-81.1035,28.8248],[-81.1042,28.8279],[-81.1053,28.8285],[-81.1111,28.8284],[-81.1142,28.8264],[-81.1198,28.8262],[-81.1226,28.8233],[-81.1266,28.8209],[-81.1253,28.8193],[-81.1231,28.8141],[-81.1237,28.812],[-81.1248,28.8107],[-81.1311,28.8063],[-81.1292,28.8023],[-81.1293,28.7995],[-81.1303,28.7985],[-81.1365,28.7979],[-81.1403,28.7962],[-81.1398,28.7952],[-81.1361,28.7943],[-81.1357,28.7931],[-81.1362,28.7922],[-81.138,28.7913],[-81.1489,28.7922],[-81.1539,28.7914],[-81.1564,28.7918],[-81.1604,28.7909],[-81.1653,28.7888],[-81.1707,28.783],[-81.1708,28.785],[-81.1716,28.786],[-81.1776,28.7859],[-81.1775,28.7829],[-81.1789,28.7819],[-81.1814,28.7833],[-81.1795,28.791],[-81.1801,28.7953],[-81.181,28.7966],[-81.1832,28.7975],[-81.1882,28.7938],[-81.1904,28.7945],[-81.1913,28.7957],[-81.195,28.7923],[-81.1974,28.7919],[-81.1987,28.7945],[-81.2039,28.7969],[-81.2048,28.7988],[-81.2074,28.8013],[-81.2117,28.8028],[-81.2137,28.8042],[-81.2145,28.8079],[-81.2164,28.8081],[-81.2167,28.8104],[-81.216,28.8117],[-81.2159,28.8144],[-81.2213,28.8203],[-81.2246,28.8216],[-81.2229,28.8269],[-81.226,28.8326],[-81.3205,28.8345],[-81.3234,28.8373],[-81.3335,28.8404],[-81.3398,28.8462],[-81.3415,28.8471],[-81.3476,28.8462],[-81.358,28.8478],[-81.3593,28.8489],[-81.3596,28.8503],[-81.3583,28.8519],[-81.3553,28.8538],[-81.3548,28.8583],[-81.3535,28.8592],[-81.3522,28.8581],[-81.3511,28.8581],[-81.3521,28.8623],[-81.3581,28.8641],[-81.3635,28.8647],[-81.3647,28.8657],[-81.3638,28.8691],[-81.363,28.8699],[-81.3605,28.8705],[-81.3602,28.8714],[-81.3653,28.8765],[-81.3669,28.8792],[-81.3663,28.8736],[-81.3691,28.8725],[-81.3697,28.8705],[-81.3716,28.8701],[-81.372,28.869],[-81.3729,28.8691],[-81.3731,28.8701],[-81.3739,28.87],[-81.3752,28.8682],[-81.3749,28.8667],[-81.376,28.8659],[-81.3749,28.8624],[-81.3768,28.8613],[-81.3771,28.8599],[-81.3783,28.8598],[-81.3798,28.8583],[-81.38,28.8565],[-81.383,28.852],[-81.3869,28.8492],[-81.3877,28.8499],[-81.3901,28.849],[-81.3899,28.8483],[-81.3913,28.8475],[-81.3947,28.8421],[-81.3984,28.8419],[-81.3986,28.8405],[-81.403,28.8372],[-81.4039,28.8348],[-81.4073,28.8348],[-81.4083,28.8341],[-81.4092,28.8332],[-81.4093,28.8323],[-81.412,28.8306],[-81.4168,28.8246],[-81.4191,28.8185],[-81.4197,28.8155],[-81.418,28.8082],[-81.4182,28.8065],[-81.4157,28.8026],[-81.4151,28.7971],[-81.4136,28.7918],[-81.4157,28.7861],[-81.4144,28.7851],[-81.4152,28.7844],[-81.4156,28.7825],[-81.4147,28.7768],[-81.4164,28.7695],[-81.4156,28.7665],[-81.4158,28.7645],[-81.4152,28.7635],[-81.4165,28.7554],[-81.4185,28.7546],[-81.4215,28.7445],[-81.4217,28.7409],[-81.4212,28.7405],[-81.4228,28.7369],[-81.4238,28.7353],[-81.425,28.7352],[-81.4269,28.7337],[-81.4312,28.7286],[-81.4316,28.727],[-81.4362,28.7218],[-81.4382,28.7206],[-81.4394,28.7191],[-81.4407,28.7158],[-81.4456,28.7136],[-81.4486,28.7153],[-81.4507,28.7143],[-81.458,28.7143],[-81.4595,28.7133],[-81.4597,28.6426]]]},"properties":{"chamber":"SLDU","district_number":"10","geoid":"12010","name":"State Senate District 10","label":"State Senate District 10"}},{"type":"Feature","geometry":{"type":"Polygon","coordinates":[[[-82.245,26.3298],[-82.2365,26.3229],[-82.2243,26.3144],[-82.2144,26.3086],[-82.2001,26.3014],[-82.1693,26.2885],[-82.1408,26.2794],[-82.1248,26.2757],[-82.0945,26.2722],[-82.0762,26.2718],[-82.0636,26.2723],[-82.0491,26.2736],[-82.0334,26.2763],[-82.0222,26.2791],[-82.0055,26.2844],[-81.9973,26.2643],[-81.9946,26.2519],[-81.99,26.2372],[-81.9853,26.2132],[-81.9833,26.1947],[-81.9806,26.1555],[-81.9779,26.1417],[-81.9734,26.1267],[-81.9696,26.0965],[-81.9696,26.0844],[-81.9686,26.0735],[-81.9662,26.0605],[-81.9633,26.0497],[-81.9558,26.0311],[-81.9478,26.0166],[-81.9388,25.9964],[-81.9258,25.9721],[-81.9184,25.9527],[-81.9171,25.9356],[-81.9147,25.922],[-81.9104,25.9073],[-81.905,25.8942],[-81.8958,25.8776],[-81.8904,25.8715],[-81.8839,25.8536],[-81.8737,25.8341],[-81.8624,25.8183],[-81.8506,25.8055],[-81.8482,25.8008],[-81.4555,25.8037],[-81.3505,25.8032],[-81.2595,25.8042],[-81.1005,25.8033],[-80.9814,25.804],[-80.8731,25.8054],[-80.8736,25.9083],[-80.8726,26.0015],[-80.8794,26.1801],[-80.8797,26.2593],[-80.8819,26.3461],[-80.88,26.3461],[-80.8831,26.4475],[-80.8831,26.4782],[-80.8858,26.6092],[-80.8861,26.9492],[-80.8856,26.9589],[-80.9453,26.7691],[-81.1301,26.7682],[-81.4349,26.7688],[-81.4349,26.7835],[-81.4491,26.7835],[-81.4593,26.7835],[-81.4595,26.7689],[-81.5657,26.7696],[-81.5666,26.713],[-81.5651,26.6003],[-81.5928,26.6],[-81.5974,26.6008],[-81.6083,26.603],[-81.616,26.6068],[-81.6262,26.6068],[-81.6327,26.6094],[-81.6345,26.6094],[-81.64,26.6113],[-81.643,26.6132],[-81.6436,26.6146],[-81.6466,26.6161],[-81.6468,26.615],[-81.6508,26.6144],[-81.6619,26.6141],[-81.6688,26.6172],[-81.7276,26.6167],[-81.7295,26.6172],[-81.7343,26.6204],[-81.7361,26.621],[-81.7648,26.6207],[-81.7664,26.6199],[-81.7724,26.6144],[-81.7757,26.6131],[-81.803,26.6127],[-81.7921,26.574],[-81.7949,26.5532],[-81.7939,26.4843],[-81.7853,26.4532],[-81.7733,26.42],[-81.7714,26.3749],[-81.7689,26.37],[-81.7547,26.352],[-81.7476,26.3208],[-81.7462,26.3169],[-81.819,26.3162],[-81.8191,26.3304],[-82.245,26.3298]]]},"properties":{"chamber":"SLDU","district_number":"28","geoid":"12028","name":"State Senate District 28","label":"State Senate District 28"}},{"type":"Feature","geometry":{"type":"Polygon","coordinates":[[[-80.2932,25.925],[-80.292,25.8986],[-80.282,25.8957],[-80.2743,25.8887],[-80.2665,25.8848],[-80.2572,25.8826],[-80.2431,25.8828],[-80.2415,25.8386],[-80.2476,25.8384],[-80.2475,25.8354],[-80.2469,25.8238],[-80.2408,25.8239],[-80.2402,25.8091],[-80.2076,25.81],[-80.2061,25.8095],[-80.2042,25.8102],[-80.1894,25.8106],[-80.1894,25.8114],[-80.1867,25.8115],[-80.1812,25.8106],[-80.1439,25.8103],[-80.1411,25.8108],[-80.1329,25.8139],[-80.1269,25.8137],[-80.1166,25.8123],[-80.1216,25.7961],[-80.1239,25.7867],[-80.1243,25.7802],[-80.126,25.7705],[-80.1237,25.7624],[-80.1249,25.76],[-80.11,25.7533],[-80.1099,25.7504],[-80.0706,25.7504],[-80.0694,25.7574],[-80.0693,25.7644],[-80.0705,25.7721],[-80.0726,25.7793],[-80.0716,25.7855],[-80.067,25.8024],[-80.065,25.8221],[-80.0643,25.8393],[-80.0628,25.8496],[-80.0657,25.8812],[-80.0656,25.8902],[-80.0638,25.9016],[-80.064,25.908],[-80.0654,25.9152],[-80.064,25.9204],[-80.063,25.9276],[-80.0632,25.9342],[-80.0642,25.9408],[-80.0631,25.9536],[-80.0628,25.968],[-80.0633,25.9744],[-80.0629,25.9768],[-80.1138,25.9754],[-80.1146,25.9431],[-80.1161,25.9301],[-80.1181,25.9301],[-80.1186,25.9214],[-80.1286,25.921],[-80.1299,25.9229],[-80.1305,25.9298],[-80.1332,25.9295],[-80.1397,25.9265],[-80.1537,25.9261],[-80.147,25.9474],[-80.1569,25.9472],[-80.1588,25.9462],[-80.1685,25.9458],[-80.1724,25.9448],[-80.1783,25.9455],[-80.1805,25.9439],[-80.1851,25.9474],[-80.1767,25.9544],[-80.1671,25.9611],[-80.1654,25.9652],[-80.1657,25.9738],[-80.2788,25.971],[-80.2767,25.9251],[-80.2932,25.925]]]},"properties":{"chamber":"SLDU","district_number":"34","geoid":"12034","name":"State Senate District 34","label":"State Senate District 34"}},{"type":"Feature","geometry":{"type":"Polygon","coordinates":[[[-80.9396,28.5408],[-80.939,28.5395],[-80.9392,28.5349],[-80.9378,28.5347],[-80.9372,28.5364],[-80.9363,28.5368],[-80.9356,28.5363],[-80.9352,28.5341],[-80.9341,28.5334],[-80.9329,28.5338],[-80.9322,28.5355],[-80.9282,28.5327],[-80.9251,28.5332],[-80.9234,28.5327],[-80.9211,28.5288],[-80.9206,28.5252],[-80.9175,28.523],[-80.9163,28.5228],[-80.9114,28.5246],[-80.9106,28.5233],[-80.9125,28.5232],[-80.912,28.5216],[-80.911,28.5213],[-80.9101,28.5219],[-80.9073,28.5205],[-80.9068,28.52],[-80.908,28.518],[-80.9056,28.5177],[-80.9055,28.516],[-80.9072,28.5143],[-80.9069,28.5134],[-80.9056,28.5128],[-80.9065,28.5115],[-80.9043,28.5104],[-80.9036,28.5111],[-80.9014,28.5104],[-80.9001,28.5116],[-80.8989,28.5098],[-80.8964,28.5094],[-80.895,28.5098],[-80.8927,28.5121],[-80.8857,28.5103],[-80.8833,28.5043],[-80.881,28.5038],[-80.8799,28.5],[-80.8803,28.497],[-80.8837,28.496],[-80.8841,28.4949],[-80.8826,28.4915],[-80.8803,28.4911],[-80.879,28.4898],[-80.8754,28.4897],[-80.8753,28.4887],[-80.8773,28.488],[-80.8781,28.4867],[-80.8756,28.4858],[-80.8753,28.4835],[-80.8733,28.4821],[-80.8739,28.4802],[-80.8731,28.4785],[-80.8741,28.4779],[-80.8742,28.4763],[-80.8708,28.4716],[-80.8713,28.4708],[-80.8728,28.4711],[-80.8751,28.4688],[-80.8764,28.4694],[-80.8755,28.4699],[-80.876,28.4709],[-80.8794,28.4697],[-80.8797,28.4683],[-80.8808,28.4683],[-80.8817,28.4704],[-80.8823,28.4696],[-80.8842,28.4695],[-80.8847,28.4687],[-80.8867,28.4696],[-80.8898,28.4665],[-80.8909,28.4669],[-80.8908,28.4684],[-80.8945,28.467],[-80.8946,28.4653],[-80.8941,28.4646],[-80.8929,28.465],[-80.8929,28.464],[-80.8938,28.4632],[-80.8954,28.4637],[-80.8958,28.4632],[-80.8948,28.462],[-80.895,28.4604],[-80.8944,28.4598],[-80.8933,28.46],[-80.8934,28.459],[-80.8941,28.458],[-80.8958,28.458],[-80.8966,28.4566],[-80.8976,28.4578],[-80.8983,28.4551],[-80.897,28.4547],[-80.8973,28.453],[-80.8959,28.4513],[-80.8939,28.4508],[-80.892,28.4492],[-80.8901,28.4454],[-80.8939,28.4439],[-80.894,28.4427],[-80.8931,28.4418],[-80.8941,28.441],[-80.8947,28.4387],[-80.8943,28.4379],[-80.8952,28.4364],[-80.8967,28.4373],[-80.897,28.4365],[-80.8982,28.4364],[-80.8969,28.4355],[-80.8989,28.4347],[-80.8996,28.4334],[-80.9013,28.4335],[-80.9003,28.4316],[-80.8993,28.4322],[-80.899,28.4309],[-80.8984,28.4319],[-80.8968,28.4278],[-80.8971,28.4264],[-80.8987,28.4261],[-80.8964,28.425],[-80.8969,28.4233],[-80.8958,28.4231],[-80.8955,28.4207],[-80.8964,28.4206],[-80.8959,28.4196],[-80.8964,28.4185],[-80.8951,28.418],[-80.8947,28.4192],[-80.8942,28.4191],[-80.8922,28.4184],[-80.8911,28.4162],[-80.888,28.4157],[-80.8881,28.413],[-80.8849,28.4107],[-80.8848,28.4087],[-80.883,28.4082],[-80.8832,28.4065],[-80.8849,28.4064],[-80.8865,28.4041],[-80.8855,28.4024],[-80.8867,28.3996],[-80.8845,28.3983],[-80.8845,28.3961],[-80.8851,28.3958],[-80.8868,28.3965],[-80.8875,28.394],[-80.8896,28.393],[-80.8878,28.388],[-80.8885,28.3856],[-80.8859,28.385],[-80.8814,28.3806],[-80.8796,28.3804],[-80.8795,28.3772],[-80.8819,28.3755],[-80.8819,28.3748],[-80.8801,28.3751],[-80.8803,28.3737],[-80.8793,28.3724],[-80.8778,28.3722],[-80.8767,28.3733],[-80.8756,28.3734],[-80.8731,28.3703],[-80.8724,28.3677],[-80.8738,28.3641],[-80.8736,28.3606],[-80.8687,28.3525],[-80.8628,28.3471],[-80.8614,28.2523],[-80.8629,28.0847],[-80.8693,28.0847],[-80.8693,28.0651],[-80.8701,28.0571],[-80.8695,28.0485],[-80.87,27.9826],[-80.8694,27.9639],[-80.8689,27.8225],[-80.7701,27.8232],[-80.7701,27.8237],[-80.7416,27.823],[-80.5091,27.8221],[-80.5073,27.828],[-80.5053,27.8288],[-80.4968,27.8385],[-80.4943,27.8467],[-80.4948,27.8509],[-80.4936,27.8529],[-80.4911,27.8546],[-80.4546,27.8547],[-80.4526,27.8558],[-80.4491,27.8596],[-80.4471,27.8608],[-80.3851,27.8614],[-80.3994,27.8915],[-80.406,27.9015],[-80.429,27.9415],[-80.4605,28.0003],[-80.4998,28.0772],[-80.5342,28.2342],[-80.544,28.2711],[-80.5342,28.3357],[-80.5194,28.3911],[-80.4998,28.4095],[-80.4936,28.4131],[-80.4877,28.4184],[-80.4812,28.4255],[-80.4762,28.4341],[-80.4723,28.4434],[-80.4694,28.4531],[-80.4686,28.4631],[-80.4706,28.4723],[-80.4781,28.4925],[-80.5036,28.5404],[-80.5088,28.5659],[-80.5113,28.5752],[-80.5151,28.5877],[-80.5242,28.6102],[-80.5922,28.6109],[-80.6139,28.6369],[-80.6177,28.6425],[-80.6227,28.6425],[-80.6252,28.6447],[-80.6292,28.6503],[-80.6329,28.6517],[-80.6649,28.6518],[-80.6796,28.6453],[-80.6859,28.6448],[-80.6972,28.6451],[-80.6953,28.6438],[-80.6687,28.6019],[-80.6609,28.5938],[-80.6549,28.5844],[-80.6543,28.5804],[-80.6539,28.5624],[-80.6573,28.5481],[-80.6575,28.526],[-80.7286,28.5264],[-80.7811,28.5276],[-80.7813,28.5261],[-80.7792,28.5262],[-80.7814,28.5245],[-80.782,28.5166],[-80.7825,28.5163],[-80.7832,28.5128],[-80.7839,28.5128],[-80.7833,28.5125],[-80.7834,28.5116],[-80.7843,28.5116],[-80.7841,28.5101],[-80.7853,28.5101],[-80.7859,28.5012],[-80.7855,28.4968],[-80.7813,28.4983],[-80.7799,28.4953],[-80.7875,28.4953],[-80.7875,28.4944],[-80.8039,28.4944],[-80.8122,28.4937],[-80.8323,28.4939],[-80.8508,28.5172],[-80.8517,28.5203],[-80.8515,28.5452],[-80.8518,28.5433],[-80.8605,28.5435],[-80.8604,28.5505],[-80.8884,28.5506],[-80.8924,28.5492],[-80.8974,28.5448],[-80.9013,28.5436],[-80.9328,28.5436],[-80.9321,28.5429],[-80.9322,28.542],[-80.9342,28.5405],[-80.9358,28.5418],[-80.939,28.542],[-80.9396,28.5408]]]},"properties":{"chamber":"SLDU","district_number":"19","geoid":"12019","name":"State Senate District 19","label":"State Senate District 19"}},{"type":"Feature","geometry":{"type":"Polygon","coordinates":[[[-80.2031,26.1687],[-80.203,26.1616],[-80.1873,26.1616],[-80.1872,26.1591],[-80.1879,26.1584],[-80.1869,26.158],[-80.1868,26.1508],[-80.1672,26.1513],[-80.1631,26.1602],[-80.1589,26.1659],[-80.1384,26.1667],[-80.1383,26.1638],[-80.1339,26.1638],[-80.1296,26.1626],[-80.1292,26.163],[-80.1304,26.1641],[-80.1287,26.165],[-80.1277,26.1648],[-80.1272,26.1637],[-80.1256,26.1637],[-80.1245,26.1651],[-80.1219,26.1646],[-80.1219,26.1671],[-80.117,26.1673],[-80.1188,26.1697],[-80.1194,26.1718],[-80.1197,26.1811],[-80.1189,26.1835],[-80.1224,26.1834],[-80.1225,26.1873],[-80.1246,26.1873],[-80.1246,26.189],[-80.1267,26.189],[-80.1267,26.1901],[-80.1298,26.19],[-80.1298,26.1927],[-80.1319,26.1926],[-80.1324,26.206],[-80.135,26.2062],[-80.1382,26.209],[-80.1362,26.214],[-80.1363,26.2314],[-80.1259,26.2315],[-80.1014,26.319],[-80.0988,26.3228],[-80.0991,26.3238],[-80.0983,26.326],[-80.099,26.3275],[-80.1703,26.3278],[-80.1692,26.2741],[-80.171,26.2716],[-80.1705,26.2709],[-80.1689,26.2706],[-80.1687,26.2654],[-80.167,26.258],[-80.1665,26.2534],[-80.1667,26.2515],[-80.1682,26.25],[-80.1667,26.2489],[-80.1669,26.248],[-80.1682,26.2438],[-80.1703,26.2402],[-80.1956,26.2103],[-80.1955,26.209],[-80.1881,26.2092],[-80.1874,26.1841],[-80.1894,26.184],[-80.1895,26.1863],[-80.1956,26.1863],[-80.1955,26.1723],[-80.1998,26.1722],[-80.1992,26.1688],[-80.2031,26.1687]]]},"properties":{"chamber":"SLDL","district_number":"98","geoid":"12098","name":"State House District 98","label":"State House District 98"}},{"type":"Feature","geometry":{"type":"Polygon","coordinates":[[[-81.4005,28.2951],[-81.3954,28.2931],[-81.3947,28.2839],[-81.3921,28.2826],[-81.3936,28.276],[-81.3965,28.2713],[-81.393,28.2662],[-81.3901,28.2634],[-81.3928,28.2595],[-81.3968,28.2553],[-81.3946,28.2507],[-81.3903,28.233],[-81.3772,28.2388],[-81.3699,28.241],[-81.3584,28.2345],[-81.3546,28.2335],[-81.352,28.2298],[-81.3494,28.2274],[-81.3459,28.2298],[-81.3447,28.2296],[-81.341,28.2308],[-81.3395,28.2323],[-81.3389,28.232],[-81.3392,28.2315],[-81.3233,28.2316],[-81.3216,28.2268],[-81.3199,28.2242],[-81.3104,28.2148],[-81.3081,28.2109],[-81.3021,28.1735],[-81.2967,28.1735],[-81.2967,28.1698],[-81.2926,28.1698],[-81.2926,28.1735],[-81.2953,28.1735],[-81.2942,28.1739],[-81.2884,28.1803],[-81.2832,28.1807],[-81.2832,28.1801],[-81.282,28.1801],[-81.2827,28.1807],[-81.2809,28.1808],[-81.2809,28.1817],[-81.2783,28.1817],[-81.2784,28.1932],[-81.2763,28.1932],[-81.2763,28.196],[-81.2743,28.196],[-81.2744,28.1978],[-81.2763,28.1978],[-81.2763,28.1969],[-81.2784,28.1969],[-81.2784,28.2024],[-81.2763,28.2024],[-81.2763,28.2042],[-81.2603,28.2041],[-81.2602,28.2023],[-81.2581,28.2023],[-81.2581,28.2051],[-81.256,28.2051],[-81.2561,28.2095],[-81.2438,28.2095],[-81.2439,28.2024],[-81.2398,28.2023],[-81.2396,28.2004],[-81.2356,28.2004],[-81.2357,28.2014],[-81.2345,28.2014],[-81.2344,28.2023],[-81.2356,28.2023],[-81.2356,28.2086],[-81.2366,28.2086],[-81.2366,28.2095],[-81.2291,28.2101],[-81.2281,28.2134],[-81.2283,28.2184],[-81.2234,28.2184],[-81.2247,28.2211],[-81.2238,28.2229],[-81.2266,28.2253],[-81.2255,28.2264],[-81.2248,28.2285],[-81.2273,28.2323],[-81.2274,28.2464],[-81.2149,28.2476],[-81.2054,28.2467],[-81.2054,28.2507],[-81.2017,28.2508],[-81.2019,28.2609],[-81.2033,28.2609],[-81.1987,28.2658],[-81.1953,28.2682],[-81.2013,28.2682],[-81.2,28.2727],[-81.2002,28.2742],[-81.1981,28.2768],[-81.1985,28.279],[-81.1976,28.2826],[-81.2342,28.2826],[-81.2346,28.2841],[-81.2372,28.2828],[-81.244,28.2821],[-81.244,28.2899],[-81.2392,28.2976],[-81.2392,28.3047],[-81.2467,28.3053],[-81.248,28.3114],[-81.2525,28.3218],[-81.2539,28.3231],[-81.2534,28.324],[-81.2547,28.324],[-81.2479,28.3297],[-81.2481,28.331],[-81.246,28.3343],[-81.2382,28.3372],[-81.2399,28.3385],[-81.2411,28.3415],[-81.2396,28.3405],[-81.2395,28.3481],[-81.3096,28.3481],[-81.3096,28.3694],[-81.3225,28.3672],[-81.3592,28.3696],[-81.3707,28.3685],[-81.3897,28.3683],[-81.3882,28.3602],[-81.3742,28.3252],[-81.3771,28.3249],[-81.377,28.3219],[-81.3827,28.3219],[-81.3828,28.32],[-81.3857,28.32],[-81.3853,28.3184],[-81.3859,28.3152],[-81.3892,28.3153],[-81.3892,28.3145],[-81.3908,28.3145],[-81.3908,28.3126],[-81.3914,28.3126],[-81.3913,28.309],[-81.3929,28.309],[-81.3929,28.3081],[-81.3943,28.308],[-81.3946,28.3007],[-81.3995,28.3008],[-81.3995,28.2973],[-81.4005,28.2951]]]},"properties":{"chamber":"SLDL","district_number":"47","geoid":"12047","name":"State House District 47","label":"State House District 47"}},{"type":"Feature","geometry":{"type":"Polygon","coordinates":[[[-80.2517,26.365],[-80.2513,26.3422],[-80.2029,26.3278],[-80.2035,26.3679],[-80.1866,26.3679],[-80.1866,26.3829],[-80.1877,26.3885],[-80.1867,26.3914],[-80.1866,26.394],[-80.1713,26.3939],[-80.171,26.3943],[-80.1716,26.4241],[-80.1299,26.4243],[-80.1304,26.4392],[-80.1223,26.4392],[-80.1224,26.4429],[-80.1226,26.4521],[-80.1234,26.4521],[-80.1235,26.4538],[-80.1307,26.4538],[-80.1308,26.484],[-80.1225,26.484],[-80.1233,26.5093],[-80.1227,26.5491],[-80.1218,26.5513],[-80.1147,26.5585],[-80.1133,26.572],[-80.1563,26.5725],[-80.1549,26.5674],[-80.1571,26.562],[-80.1571,26.5572],[-80.1726,26.5569],[-80.1732,26.5576],[-80.1728,26.5388],[-80.2054,26.5385],[-80.2054,26.5362],[-80.2312,26.5361],[-80.2223,26.5127],[-80.222,26.4832],[-80.221,26.4832],[-80.2208,26.4683],[-80.2224,26.4637],[-80.2357,26.4089],[-80.2358,26.3853],[-80.2517,26.365]]]},"properties":{"chamber":"SLDL","district_number":"92","geoid":"12092","name":"State House District 92","label":"State House District 92"}},{"type":"Feature","geometry":{"type":"Polygon","coordinates":[[[-80.2712,26.1395],[-80.2699,26.1356],[-80.2267,26.1358],[-80.227,26.1502],[-80.2194,26.1502],[-80.2195,26.1557],[-80.213,26.1557],[-80.2131,26.1613],[-80.2031,26.1614],[-80.2031,26.1687],[-80.1992,26.1688],[-80.1998,26.1722],[-80.1955,26.1723],[-80.1956,26.1863],[-80.1895,26.1863],[-80.1894,26.184],[-80.1874,26.1841],[-80.1881,26.2092],[-80.1955,26.209],[-80.1956,26.215],[-80.1994,26.215],[-80.1994,26.213],[-80.2029,26.2129],[-80.2029,26.215],[-80.2041,26.215],[-80.2044,26.2201],[-80.2125,26.2201],[-80.2126,26.2219],[-80.2206,26.2219],[-80.221,26.2282],[-80.2335,26.2283],[-80.2335,26.2301],[-80.2528,26.2299],[-80.2521,26.1939],[-80.2681,26.1939],[-80.2674,26.1637],[-80.2681,26.1567],[-80.2678,26.1491],[-80.2712,26.1395]]]},"properties":{"chamber":"SLDL","district_number":"97","geoid":"12097","name":"State House District 97","label":"State House District 97"}},{"type":"Feature","geometry":{"type":"Polygon","coordinates":[[[-80.3627,26.0877],[-80.3619,26.0804],[-80.3609,26.0768],[-80.3551,26.0652],[-80.3538,26.0609],[-80.3528,26.0334],[-80.3521,26.0294],[-80.329,26.0284],[-80.3289,26.0229],[-80.3251,26.0238],[-80.3187,26.0224],[-80.3122,26.0223],[-80.312,26.015],[-80.3037,26.0129],[-80.2977,26.0148],[-80.2945,26.0148],[-80.2911,26.0134],[-80.2879,26.0134],[-80.2842,26.0151],[-80.2799,26.0153],[-80.2805,26.0301],[-80.2487,26.0312],[-80.2488,26.0379],[-80.2512,26.043],[-80.2516,26.0455],[-80.2598,26.0452],[-80.2604,26.0668],[-80.2612,26.0684],[-80.2643,26.0709],[-80.2649,26.0723],[-80.2659,26.1007],[-80.2654,26.1035],[-80.2503,26.0998],[-80.2503,26.1134],[-80.2524,26.1207],[-80.2502,26.1208],[-80.2507,26.1356],[-80.269,26.1356],[-80.2704,26.1363],[-80.2712,26.1401],[-80.2679,26.1486],[-80.2681,26.1567],[-80.2674,26.1643],[-80.2979,26.1644],[-80.2981,26.1604],[-80.314,26.1607],[-80.3139,26.1459],[-80.3171,26.1458],[-80.3218,26.1446],[-80.3271,26.1459],[-80.3301,26.1459],[-80.3302,26.1192],[-80.3463,26.1231],[-80.3463,26.1167],[-80.349,26.1167],[-80.3498,26.1139],[-80.3598,26.1023],[-80.3606,26.1023],[-80.3617,26.1001],[-80.3627,26.0979],[-80.3627,26.0877]]]},"properties":{"chamber":"SLDL","district_number":"102","geoid":"12102","name":"State House District 102","label":"State House District 102"}},{"type":"Feature","geometry":{"type":"Polygon","coordinates":[[[-80.3528,25.9748],[-80.3521,25.957],[-80.2941,25.9569],[-80.2878,25.9537],[-80.2782,25.9542],[-80.2774,25.9397],[-80.2453,25.941],[-80.2461,25.9555],[-80.2375,25.9543],[-80.2312,25.9561],[-80.2057,25.9571],[-80.2062,25.9726],[-80.2469,25.9719],[-80.2473,25.9814],[-80.2628,25.981],[-80.2631,25.9907],[-80.2617,25.9908],[-80.2613,25.9929],[-80.2601,25.9933],[-80.2572,25.9928],[-80.257,25.9943],[-80.2476,25.9946],[-80.2487,26.0312],[-80.2805,26.0301],[-80.2799,26.0153],[-80.2842,26.0151],[-80.2877,26.0134],[-80.2911,26.0134],[-80.2958,26.0148],[-80.2984,26.0147],[-80.3028,26.013],[-80.3058,26.0132],[-80.312,26.015],[-80.3122,26.0223],[-80.3187,26.0224],[-80.3251,26.0238],[-80.3289,26.0229],[-80.3285,26.0202],[-80.3301,26.0148],[-80.3286,26.0086],[-80.3281,25.9933],[-80.3413,25.9932],[-80.3437,25.9893],[-80.3511,25.9806],[-80.3528,25.9748]]]},"properties":{"chamber":"SLDL","district_number":"104","geoid":"12104","name":"State House District 104","label":"State House District 104"}},{"type":"Feature","geometry":{"type":"Polygon","coordinates":[[[-80.2631,25.9907],[-80.2628,25.981],[-80.2473,25.9814],[-80.2469,25.9719],[-80.1481,25.9744],[-80.15,26.0335],[-80.1683,26.0336],[-80.2487,26.0312],[-80.2476,25.9946],[-80.257,25.9943],[-80.2572,25.9928],[-80.2607,25.9932],[-80.2616,25.9924],[-80.2617,25.9908],[-80.2631,25.9907]]]},"properties":{"chamber":"SLDL","district_number":"105","geoid":"12105","name":"State House District 105","label":"State House District 105"}},{"type":"Feature","geometry":{"type":"Polygon","coordinates":[[[-81.6576,28.4925],[-81.6572,28.2592],[-81.5464,28.2598],[-81.5367,28.2642],[-81.5369,28.2652],[-81.5403,28.2683],[-81.5432,28.2695],[-81.5431,28.2708],[-81.5443,28.272],[-81.5437,28.2759],[-81.5412,28.2767],[-81.5411,28.2888],[-81.5247,28.2892],[-81.525,28.3149],[-81.5209,28.315],[-81.5209,28.3309],[-81.5222,28.3327],[-81.5231,28.3329],[-81.5166,28.3428],[-81.5145,28.345],[-81.5103,28.3472],[-81.5319,28.3473],[-81.5045,28.3778],[-81.5064,28.3881],[-81.5058,28.3942],[-81.5032,28.4003],[-81.5041,28.4396],[-81.5033,28.442],[-81.5006,28.4447],[-81.4998,28.4463],[-81.4997,28.46],[-81.5007,28.4629],[-81.5062,28.4697],[-81.5079,28.4739],[-81.5086,28.481],[-81.5085,28.4936],[-81.4835,28.4937],[-81.4838,28.503],[-81.4921,28.5093],[-81.4991,28.5162],[-81.5076,28.521],[-81.5168,28.5278],[-81.5267,28.5336],[-81.5272,28.5348],[-81.5268,28.5359],[-81.5229,28.5394],[-81.523,28.5446],[-81.5295,28.5445],[-81.5297,28.5516],[-81.5589,28.5515],[-81.558,28.5467],[-81.5692,28.5454],[-81.5918,28.5453],[-81.5918,28.551],[-81.6176,28.5511],[-81.6163,28.5513],[-81.6165,28.5646],[-81.6219,28.5639],[-81.6241,28.563],[-81.6246,28.5634],[-81.6261,28.5624],[-81.6316,28.5624],[-81.6343,28.5617],[-81.6391,28.5625],[-81.641,28.561],[-81.6429,28.5608],[-81.6463,28.5623],[-81.647,28.5642],[-81.6479,28.5647],[-81.6499,28.559],[-81.653,28.5572],[-81.6573,28.557],[-81.6576,28.4925]]]},"properties":{"chamber":"SLDL","district_number":"45","geoid":"12045","name":"State House District 45","label":"State House District 45"}},{"type":"Feature","geometry":{"type":"Polygon","coordinates":[[[-80.3514,25.957],[-80.351,25.9489],[-80.3506,25.9492],[-80.351,25.9485],[-80.3488,25.9022],[-80.3472,25.8998],[-80.3441,25.8985],[-80.3243,25.8987],[-80.3229,25.8696],[-80.2928,25.8697],[-80.291,25.8708],[-80.2776,25.8702],[-80.2591,25.8707],[-80.2594,25.8821],[-80.275,25.8816],[-80.2753,25.8896],[-80.282,25.8957],[-80.292,25.8986],[-80.2932,25.925],[-80.2767,25.9251],[-80.2782,25.9542],[-80.2878,25.9537],[-80.2941,25.9569],[-80.3514,25.957]]]},"properties":{"chamber":"SLDL","district_number":"110","geoid":"12110","name":"State House District 110","label":"State House District 110"}},{"type":"Feature","geometry":{"type":"Polygon","coordinates":[[[-80.3367,25.7782],[-80.3362,25.762],[-80.3039,25.7631],[-80.3021,25.7147],[-80.3066,25.7145],[-80.3067,25.7108],[-80.3059,25.7108],[-80.3052,25.6962],[-80.2991,25.6965],[-80.3011,25.6948],[-80.3011,25.6914],[-80.2929,25.6906],[-80.2928,25.6894],[-80.2849,25.6897],[-80.284,25.6701],[-80.2834,25.6687],[-80.2798,25.6661],[-80.2807,25.6647],[-80.2823,25.6638],[-80.2901,25.6641],[-80.29,25.6619],[-80.2887,25.6619],[-80.2881,25.66],[-80.2838,25.66],[-80.2838,25.6558],[-80.2856,25.6526],[-80.2836,25.6526],[-80.2834,25.6453],[-80.2906,25.6451],[-80.2906,25.6436],[-80.2892,25.6427],[-80.2919,25.6387],[-80.2964,25.6386],[-80.297,25.6374],[-80.3013,25.6374],[-80.3012,25.6342],[-80.293,25.6339],[-80.2929,25.6302],[-80.283,25.6303],[-80.2832,25.6225],[-80.2193,25.61],[-80.2086,25.6569],[-80.1956,25.7098],[-80.2376,25.7096],[-80.2382,25.7237],[-80.2375,25.7261],[-80.2388,25.7276],[-80.2374,25.7287],[-80.2377,25.7355],[-80.2459,25.7353],[-80.2464,25.7501],[-80.2546,25.7499],[-80.2554,25.77],[-80.2544,25.7701],[-80.2542,25.7719],[-80.2637,25.7717],[-80.2641,25.7851],[-80.2711,25.783],[-80.2807,25.7853],[-80.2891,25.784],[-80.3024,25.7842],[-80.3117,25.7802],[-80.3149,25.7795],[-80.3259,25.7813],[-80.3367,25.7812],[-80.3367,25.7782]]]},"properties":{"chamber":"SLDL","district_number":"114","geoid":"12114","name":"State House District 114","label":"State House District 114"}},{"type":"Feature","geometry":{"type":"Polygon","coordinates":[[[-80.4329,25.7609],[-80.4299,25.685],[-80.4208,25.6852],[-80.4207,25.6837],[-80.4187,25.6832],[-80.4186,25.6786],[-80.4193,25.6778],[-80.4174,25.6778],[-80.4176,25.6727],[-80.4173,25.6708],[-80.4164,25.6708],[-80.4156,25.6483],[-80.4146,25.6398],[-80.4145,25.6177],[-80.4298,25.6006],[-80.4292,25.5511],[-80.3973,25.5514],[-80.3966,25.5521],[-80.3967,25.5588],[-80.39,25.5588],[-80.3886,25.5603],[-80.389,25.5843],[-80.3762,25.5945],[-80.3724,25.5953],[-80.3765,25.5995],[-80.378,25.6027],[-80.3792,25.6254],[-80.3801,25.6279],[-80.3823,25.6298],[-80.384,25.6719],[-80.3887,25.6717],[-80.3894,25.6899],[-80.3887,25.6922],[-80.3843,25.6991],[-80.3835,25.7068],[-80.3851,25.7518],[-80.3922,25.7517],[-80.396,25.7535],[-80.3981,25.7518],[-80.4004,25.7513],[-80.4008,25.761],[-80.4329,25.7609]]]},"properties":{"chamber":"SLDL","district_number":"118","geoid":"12118","name":"State House District 118","label":"State House District 118"}},{"type":"Feature","geometry":{"type":"MultiPolygon","coordinates":[[[[-82.3251,24.5901],[-82.3265,24.5837],[-82.2154,24.5838],[-82.2202,24.5733],[-82.2216,24.5677],[-82.2223,24.5602],[-82.222,24.5538],[-82.2203,24.5436],[-82.2173,24.5342],[-82.2113,24.5226],[-82.2032,24.5134],[-82.1923,24.5054],[-82.1854,24.5021],[-82.1786,24.4999],[-82.1661,24.497],[-82.1557,24.4961],[-82.1473,24.4967],[-82.1404,24.498],[-82.1318,24.4972],[-82.1203,24.4973],[-82.1118,24.4985],[-82.1049,24.5004],[-82.1003,24.5],[-82.0876,24.5061],[-82.0793,24.5116],[-82.0723,24.5177],[-82.0672,24.5237],[-82.0582,24.5144],[-82.0541,24.5036],[-82.0518,24.5],[-82.0533,24.5],[-82.0511,24.4968],[-82.0446,24.4898],[-82.0343,24.4825],[-82.0235,24.4779],[-82.0138,24.4761],[-82.001,24.4755],[-81.9992,24.4766],[-81.9937,24.4746],[-81.9824,24.4732],[-81.9744,24.4712],[-81.9767,24.468],[-81.9809,24.457],[-81.9821,24.4454],[-81.9798,24.4317],[-81.9745,24.4208],[-81.9673,24.412],[-81.9584,24.4052],[-81.9464,24.3993],[-81.9348,24.3969],[-81.9206,24.3963],[-81.9111,24.3978],[-81.903,24.4009],[-81.8943,24.4057],[-81.8827,24.4037],[-81.8748,24.4031],[-81.8669,24.4036],[-81.8621,24.4051],[-81.8593,24.4047],[-81.841,24.4076],[-81.8255,24.4125],[-81.8135,24.4176],[-81.8007,24.4271],[-81.789,24.4395],[-81.7818,24.4609],[-81.7833,24.4787],[-81.7883,24.4913],[-81.7924,24.4956],[-81.7793,24.4948],[-81.7708,24.4969],[-81.7725,24.4925],[-81.7737,24.4866],[-81.7744,24.4793],[-81.7737,24.4727],[-81.7702,24.4632],[-81.7629,24.4496],[-81.7556,24.4428],[-81.7487,24.4378],[-81.7407,24.434],[-81.7301,24.4307],[-81.7118,24.4297],[-81.6972,24.4323],[-81.6819,24.437],[-81.6774,24.4391],[-81.6663,24.4401],[-81.6601,24.4413],[-81.6557,24.4434],[-81.644,24.4458],[-81.6372,24.4481],[-81.6324,24.4511],[-81.6253,24.4512],[-81.6103,24.4543],[-81.5968,24.4611],[-81.5893,24.4668],[-81.5858,24.4711],[-81.5753,24.471],[-81.565,24.4728],[-81.5514,24.478],[-81.5399,24.486],[-81.5306,24.4966],[-81.5286,24.5004],[-81.5257,24.5004],[-81.5218,24.5074],[-81.5199,24.5126],[-81.5191,24.5172],[-81.5189,24.5265],[-81.5205,24.5358],[-81.5239,24.5454],[-81.5279,24.5533],[-81.5164,24.5624],[-81.5146,24.5648],[-81.4998,24.5616],[-81.4946,24.5625],[-81.4889,24.5578],[-81.4834,24.5555],[-81.4747,24.5535],[-81.4651,24.5529],[-81.4516,24.5555],[-81.4372,24.5609],[-81.4206,24.5706],[-81.4115,24.5696],[-81.3917,24.5697],[-81.3854,24.5699],[-81.3748,24.5715],[-81.3645,24.5745],[-81.3558,24.5797],[-81.3462,24.5807],[-81.3399,24.5829],[-81.3376,24.5848],[-81.3044,24.5926],[-81.2935,24.5967],[-81.2874,24.5959],[-81.2779,24.5964],[-81.2717,24.5971],[-81.2646,24.5992],[-81.2545,24.6036],[-81.2498,24.6066],[-81.2453,24.6105],[-81.2399,24.6171],[-81.2341,24.6175],[-81.2207,24.6215],[-81.2126,24.6254],[-81.2043,24.6312],[-81.1938,24.6307],[-81.184,24.6312],[-81.1787,24.6319],[-81.1694,24.6346],[-81.1583,24.6402],[-81.1519,24.6449],[-81.1477,24.6491],[-81.1409,24.6431],[-81.1341,24.6399],[-81.1206,24.6357],[-81.0972,24.633],[-81.0872,24.6329],[-81.0765,24.6334],[-81.0597,24.6359],[-81.0476,24.6402],[-81.0386,24.6465],[-81.0301,24.6546],[-81.0253,24.6603],[-81.0226,24.6653],[-81.0118,24.6669],[-81.0032,24.6689],[-80.9998,24.6704],[-80.9998,24.6689],[-80.9892,24.6738],[-80.9765,24.6824],[-80.9674,24.6859],[-80.9591,24.691],[-80.9571,24.6928],[-80.9453,24.6962],[-80.9339,24.7022],[-80.9238,24.709],[-80.9189,24.7131],[-80.9056,24.7135],[-80.8933,24.7165],[-80.887,24.7197],[-80.8786,24.7252],[-80.8685,24.7359],[-80.8614,24.7397],[-80.8522,24.7489],[-80.8453,24.7485],[-80.837,24.75],[-80.8202,24.7568],[-80.8125,24.7612],[-80.8014,24.7593],[-80.793,24.7597],[-80.7834,24.7613],[-80.7711,24.766],[-80.7565,24.7762],[-80.7479,24.7849],[-80.7451,24.7889],[-80.7397,24.7907],[-80.7312,24.7949],[-80.7281,24.7972],[-80.7195,24.7997],[-80.7088,24.8047],[-80.6964,24.8126],[-80.689,24.8157],[-80.6809,24.8208],[-80.6748,24.8256],[-80.6695,24.826],[-80.6523,24.8314],[-80.6404,24.8384],[-80.6323,24.8457],[-80.6284,24.8479],[-80.6199,24.8546],[-80.6146,24.8601],[-80.6113,24.8652],[-80.6062,24.8683],[-80.5982,24.875],[-80.5968,24.875],[-80.5855,24.8893],[-80.5815,24.8903],[-80.5748,24.8939],[-80.5669,24.9006],[-80.5591,24.9023],[-80.5498,24.9062],[-80.5382,24.9127],[-80.5253,24.9235],[-80.5183,24.9334],[-80.5143,24.9406],[-80.5,24.9429],[-80.4781,24.9484],[-80.4695,24.9518],[-80.4629,24.9559],[-80.4534,24.9637],[-80.4455,24.9734],[-80.4402,24.9857],[-80.4391,24.998],[-80.4337,25],[-80.4351,25],[-80.4241,25.0036],[-80.415,25.0086],[-80.406,25.0157],[-80.3997,25.0236],[-80.3949,25.0312],[-80.3916,25.0394],[-80.3906,25.0484],[-80.3904,25.0572],[-80.3841,25.0588],[-80.3763,25.0622],[-80.3578,25.0729],[-80.3527,25.0768],[-80.3419,25.0884],[-80.3333,25.0992],[-80.3203,25.1192],[-80.3152,25.1254],[-80.3164,25.1254],[-80.3029,25.1449],[-80.3001,25.1508],[-80.2972,25.1622],[-80.2953,25.1621],[-80.2948,25.1717],[-80.2859,25.1874],[-80.28,25.1956],[-80.2767,25.2026],[-80.2712,25.2088],[-80.2673,25.2144],[-80.2597,25.2306],[-80.2554,25.2369],[-80.249,25.2428],[-80.2389,25.2555],[-80.2336,25.2669],[-80.2276,25.2773],[-80.2249,25.2843],[-80.2198,25.2896],[-80.212,25.2994],[-80.2037,25.3075],[-80.1975,25.3169],[-80.191,25.3253],[-80.187,25.3334],[-80.1846,25.3419],[-80.1837,25.3495],[-80.1766,25.3669],[-80.1624,25.3799],[-80.1544,25.3919],[-80.1498,25.4029],[-80.1481,25.4134],[-80.1408,25.4278],[-80.1391,25.4331],[-80.1274,25.4364],[-80.1206,25.4397],[-80.1146,25.4435],[-80.1054,25.4521],[-80.1006,25.4588],[-80.097,25.4663],[-80.0946,25.4757],[-80.094,25.4827],[-80.0943,25.4891],[-80.096,25.4969],[-80.1008,25.5076],[-80.108,25.5168],[-80.1151,25.5229],[-80.1156,25.5267],[-80.1117,25.5403],[-80.106,25.5536],[-80.104,25.5619],[-80.1035,25.5707],[-80.1053,25.5812],[-80.1045,25.588],[-80.1048,25.5946],[-80.1057,25.5999],[-80.1078,25.6066],[-80.1037,25.6489],[-80.1001,25.6573],[-80.2085,25.6572],[-80.2193,25.61],[-80.2785,25.6214],[-80.2944,25.6146],[-80.2991,25.5987],[-80.29,25.5808],[-80.2963,25.5512],[-80.3082,25.5385],[-80.3153,25.5326],[-80.3251,25.5345],[-80.3258,25.535],[-80.3252,25.5347],[-80.3251,25.5356],[-80.3278,25.5402],[-80.3315,25.5436],[-80.3404,25.5443],[-80.3485,25.5492],[-80.3503,25.5507],[-80.3518,25.5535],[-80.3546,25.5549],[-80.3589,25.5556],[-80.3595,25.5574],[-80.3591,25.5593],[-80.3627,25.5594],[-80.3628,25.5434],[-80.3645,25.5389],[-80.3665,25.5361],[-80.3696,25.5335],[-80.373,25.532],[-80.3922,25.5285],[-80.3962,25.5268],[-80.4093,25.513],[-80.4153,25.5078],[-80.4168,25.5043],[-80.4177,25.4954],[-80.4199,25.4916],[-80.4286,25.4842],[-80.451,25.4701],[-80.4362,25.4702],[-80.4362,25.4624],[-80.4335,25.4554],[-80.4334,25.453],[-80.435,25.4481],[-80.4362,25.4481],[-80.4361,25.4406],[-80.4321,25.4407],[-80.4321,25.4347],[-80.4361,25.4347],[-80.436,25.426],[-80.4402,25.4259],[-80.4402,25.4223],[-80.4422,25.4223],[-80.4422,25.4186],[-80.4606,25.4187],[-80.4606,25.4333],[-80.4913,25.4332],[-80.4913,25.4405],[-80.4933,25.4405],[-80.4934,25.4478],[-80.5016,25.4477],[-80.5016,25.4587],[-80.4974,25.4587],[-80.4975,25.4624],[-80.4752,25.4625],[-80.474,25.4666],[-80.4659,25.4757],[-80.462,25.4835],[-80.4262,25.5199],[-80.4218,25.5254],[-80.3966,25.5511],[-80.4781,25.5505],[-80.4785,25.5943],[-80.4812,25.6741],[-80.4787,25.6834],[-80.4784,25.6886],[-80.4822,25.7728],[-80.4815,25.7828],[-80.4827,25.7977],[-80.4822,25.8128],[-80.4838,25.855],[-80.4845,25.8905],[-80.4834,25.893],[-80.4321,25.9499],[-80.4311,25.9521],[-80.4314,25.9569],[-80.68,25.9569],[-80.68,25.9787],[-80.8729,25.9794],[-80.8736,25.9083],[-80.8731,25.8054],[-80.9814,25.804],[-81.1005,25.8033],[-81.2595,25.8042],[-81.3505,25.8032],[-81.4555,25.8037],[-81.8482,25.8008],[-81.8456,25.7975],[-81.842,25.7945],[-81.8291,25.7721],[-81.8244,25.7621],[-81.8189,25.7524],[-81.8126,25.743],[-81.8057,25.7341],[-81.7961,25.7236],[-81.7855,25.7139],[-81.774,25.7051],[-81.7617,25.6972],[-81.7406,25.6867],[-81.721,25.6797],[-81.7006,25.675],[-81.6797,25.6726],[-81.6375,25.6724],[-81.6202,25.6736],[-81.5983,25.678],[-81.5865,25.6818],[-81.5762,25.686],[-81.5627,25.6774],[-81.5486,25.6696],[-81.534,25.6628],[-81.519,25.6569],[-81.5147,25.6388],[-81.5087,25.6236],[-81.4994,25.6072],[-81.4876,25.5921],[-81.4755,25.5801],[-81.4598,25.5683],[-81.4425,25.5585],[-81.4254,25.5516],[-81.4179,25.5383],[-81.407,25.5223],[-81.3972,25.5102],[-81.3848,25.497],[-81.3813,25.4849],[-81.3689,25.4496],[-81.364,25.4384],[-81.358,25.4275],[-81.351,25.4172],[-81.3431,25.4076],[-81.3342,25.3984],[-81.3252,25.3906],[-81.3206,25.3697],[-81.3149,25.3516],[-81.3309,25.2923],[-81.3364,25.2784],[-81.3402,25.264],[-81.3428,25.2445],[-81.3423,25.2248],[-81.341,25.2161],[-81.3385,25.2056],[-81.3285,25.1764],[-81.319,25.1552],[-81.3124,25.1436],[-81.3048,25.1324],[-81.3011,25.1149],[-81.2951,25.0979],[-81.2881,25.084],[-81.2811,25.073],[-81.2731,25.0625],[-81.2622,25.0509],[-81.2501,25.0403],[-81.2391,25.0325],[-81.2274,25.0255],[-81.2143,25.0192],[-81.2091,25.0123],[-81.2031,25.006],[-81.1965,25.0003],[-81.1886,24.9948],[-81.1834,24.9862],[-81.1738,24.9749],[-81.1713,24.9692],[-81.1703,24.9621],[-81.1819,24.9687],[-81.1916,24.9732],[-81.212,24.9803],[-81.2332,24.9848],[-81.2549,24.9866],[-81.2712,24.9861],[-81.2874,24.984],[-81.3058,24.9797],[-81.3235,24.9734],[-81.3353,24.9727],[-81.3504,24.9705],[-81.3631,24.9741],[-81.3762,24.9766],[-81.3895,24.9781],[-81.4055,24.9785],[-81.4267,24.9767],[-81.443,24.9733],[-81.4587,24.9716],[-81.4885,24.9664],[-81.5076,24.9598],[-81.5156,24.9563],[-81.5355,24.946],[-81.5489,24.9396],[-81.5556,24.9371],[-81.5813,24.9238],[-81.6083,24.907],[-81.6216,24.8972],[-81.6338,24.8943],[-81.6481,24.8896],[-81.6601,24.8833],[-81.6651,24.8807],[-81.6916,24.8629],[-81.7008,24.8578],[-81.7147,24.8516],[-81.7275,24.847],[-81.7465,24.8375],[-81.7619,24.8287],[-81.7782,24.8154],[-81.791,24.8137],[-81.8142,24.8064],[-81.8744,24.7761],[-81.8862,24.7691],[-81.8862,24.7677],[-81.8943,24.7636],[-81.9085,24.7631],[-81.9227,24.7615],[-81.9503,24.7569],[-81.9675,24.7528],[-81.9876,24.746],[-82.0006,24.7405],[-82.013,24.7342],[-82.0269,24.7257],[-82.0458,24.7333],[-82.0653,24.7394],[-82.0853,24.7439],[-82.1098,24.7471],[-82.1303,24.748],[-82.155,24.7469],[-82.1805,24.7435],[-82.2007,24.7382],[-82.2129,24.7335],[-82.2268,24.7267],[-82.2439,24.7156],[-82.2538,24.7076],[-82.2628,24.6989],[-82.2824,24.6762],[-82.2964,24.6573],[-82.3081,24.637],[-82.3144,24.6233],[-82.3187,24.6122],[-82.3251,24.5901]]],[[[-83.1087,24.6295],[-83.1089,24.6111],[-83.1075,24.598],[-83.1035,24.58],[-83.0982,24.565],[-83.0937,24.5553],[-83.0826,24.5369],[-83.0742,24.5262],[-83.0649,24.5162],[-83.0525,24.5052],[-83.0436,24.4986],[-83.0293,24.4897],[-83.014,24.4823],[-82.9999,24.477],[-82.9997,24.5839],[-82.982,24.5838],[-82.9772,24.5798],[-82.9709,24.5758],[-82.9603,24.5715],[-82.9433,24.5689],[-82.9326,24.5698],[-82.9231,24.5723],[-82.9141,24.576],[-82.8959,24.5667],[-82.8851,24.5634],[-82.8721,24.5622],[-82.8636,24.563],[-82.8485,24.5676],[-82.8373,24.5745],[-82.8282,24.5838],[-82.6567,24.5837],[-82.652,24.5933],[-82.6471,24.6057],[-82.6441,24.6158],[-82.6415,24.6287],[-82.6401,24.6418],[-82.6399,24.6549],[-82.6414,24.6706],[-82.6453,24.6886],[-82.6551,24.7133],[-82.6662,24.7317],[-82.68,24.7485],[-82.6962,24.7634],[-82.7098,24.7731],[-82.7219,24.7802],[-82.7399,24.7884],[-82.7561,24.7938],[-82.7757,24.7982],[-82.7899,24.7999],[-82.8014,24.8005],[-82.8101,24.8004],[-82.8378,24.7982],[-82.8503,24.7988],[-82.8689,24.7981],[-82.8934,24.7944],[-82.9202,24.7877],[-82.9329,24.7867],[-82.9455,24.785],[-82.961,24.7816],[-82.9791,24.7761],[-82.9907,24.7714],[-83.0048,24.7645],[-83.0207,24.7548],[-83.0316,24.7468],[-83.0411,24.7409],[-83.0524,24.7327],[-83.0668,24.7198],[-83.0788,24.7061],[-83.0885,24.6921],[-83.0937,24.6827],[-83.0992,24.6705],[-83.1035,24.658],[-83.1071,24.6426],[-83.1087,24.6295]]]]},"properties":{"chamber":"SLDL","district_number":"120","geoid":"12120","name":"State House District 120","label":"State House District 120"}},{"type":"Feature","geometry":{"type":"Polygon","coordinates":[[[-81.4436,28.6402],[-81.3617,28.6404],[-81.3616,28.6393],[-81.3285,28.6396],[-81.3279,28.6105],[-81.2447,28.6115],[-81.2449,28.6134],[-81.2469,28.6177],[-81.2491,28.6194],[-81.2435,28.6279],[-81.2366,28.635],[-81.2263,28.6556],[-81.2333,28.6563],[-81.241,28.6558],[-81.2414,28.6578],[-81.2395,28.66],[-81.2401,28.6607],[-81.2416,28.6608],[-81.2418,28.6665],[-81.2292,28.6666],[-81.2293,28.6711],[-81.2271,28.6713],[-81.2264,28.6798],[-81.2266,28.6824],[-81.2297,28.6847],[-81.2267,28.6848],[-81.2267,28.6854],[-81.228,28.6901],[-81.2525,28.6898],[-81.2554,28.6904],[-81.258,28.6919],[-81.2688,28.7034],[-81.2709,28.7046],[-81.274,28.7054],[-81.2913,28.7034],[-81.3002,28.7051],[-81.3004,28.7041],[-81.2987,28.7039],[-81.2982,28.7005],[-81.3013,28.6993],[-81.314,28.698],[-81.3269,28.6979],[-81.327,28.6967],[-81.326,28.6963],[-81.3271,28.6951],[-81.3254,28.6947],[-81.3254,28.6942],[-81.3272,28.6941],[-81.3273,28.6936],[-81.3254,28.6932],[-81.3254,28.6925],[-81.3276,28.6923],[-81.3277,28.6917],[-81.3269,28.6912],[-81.3279,28.6913],[-81.3303,28.6873],[-81.3342,28.6834],[-81.3348,28.684],[-81.3363,28.6837],[-81.3363,28.6828],[-81.3418,28.6833],[-81.3418,28.6814],[-81.3439,28.6814],[-81.3438,28.6796],[-81.3447,28.6796],[-81.3447,28.6809],[-81.3459,28.6809],[-81.3459,28.6818],[-81.3468,28.6819],[-81.3461,28.6833],[-81.347,28.6832],[-81.3475,28.6823],[-81.3484,28.6826],[-81.348,28.6832],[-81.3574,28.6831],[-81.3599,28.6838],[-81.3886,28.6837],[-81.3886,28.6907],[-81.3956,28.687],[-81.4095,28.688],[-81.4165,28.6862],[-81.4181,28.6851],[-81.4189,28.6837],[-81.423,28.6837],[-81.4231,28.6801],[-81.4272,28.6801],[-81.4272,28.6764],[-81.4294,28.6764],[-81.4293,28.6728],[-81.4231,28.6728],[-81.4231,28.6674],[-81.424,28.6675],[-81.4237,28.6655],[-81.4272,28.666],[-81.4273,28.6582],[-81.4314,28.6582],[-81.4314,28.6564],[-81.4294,28.6564],[-81.4294,28.6546],[-81.4272,28.6545],[-81.443,28.6415],[-81.4436,28.6402]]]},"properties":{"chamber":"SLDL","district_number":"38","geoid":"12038","name":"State House District 38","label":"State House District 38"}},{"type":"Feature","geometry":{"type":"Polygon","coordinates":[[[-80.169,25.7795],[-80.1369,25.7652],[-80.1382,25.7652],[-80.1376,25.7648],[-80.1386,25.7645],[-80.1491,25.7639],[-80.1488,25.7624],[-80.1322,25.7499],[-80.1325,25.7485],[-80.1314,25.7477],[-80.1249,25.76],[-80.11,25.7533],[-80.1099,25.7504],[-80.0706,25.7504],[-80.0694,25.7574],[-80.0693,25.7644],[-80.0705,25.7721],[-80.0726,25.7793],[-80.0716,25.7855],[-80.067,25.8024],[-80.065,25.8221],[-80.0643,25.8393],[-80.0628,25.8496],[-80.0657,25.8812],[-80.0656,25.8902],[-80.0638,25.9016],[-80.064,25.908],[-80.0654,25.9152],[-80.064,25.9204],[-80.063,25.9276],[-80.0632,25.9342],[-80.0642,25.9408],[-80.0631,25.9536],[-80.0628,25.968],[-80.0633,25.9744],[-80.0629,25.9768],[-80.1233,25.9751],[-80.1239,25.9745],[-80.1332,25.9741],[-80.1339,25.9741],[-80.1339,25.9749],[-80.1481,25.9744],[-80.1471,25.9499],[-80.1506,25.9377],[-80.1496,25.9382],[-80.1482,25.9379],[-80.148,25.9312],[-80.1408,25.9381],[-80.1317,25.9383],[-80.1303,25.9304],[-80.1312,25.9294],[-80.1335,25.9292],[-80.1353,25.9281],[-80.135,25.9264],[-80.1369,25.9254],[-80.1368,25.9237],[-80.1404,25.9206],[-80.1442,25.922],[-80.1464,25.9217],[-80.1478,25.9249],[-80.149,25.9252],[-80.1494,25.926],[-80.1537,25.9261],[-80.154,25.9254],[-80.1528,25.9255],[-80.1528,25.9249],[-80.1541,25.9249],[-80.1546,25.9234],[-80.1538,25.9235],[-80.1536,25.9207],[-80.1554,25.9206],[-80.1569,25.9133],[-80.1553,25.9134],[-80.155,25.9086],[-80.158,25.9086],[-80.1583,25.9073],[-80.1555,25.9074],[-80.1559,25.9052],[-80.1569,25.9051],[-80.1574,25.9025],[-80.1507,25.9027],[-80.1506,25.9008],[-80.1604,25.9005],[-80.1656,25.8838],[-80.1597,25.881],[-80.151,25.8809],[-80.1537,25.8773],[-80.1558,25.8726],[-80.1455,25.8727],[-80.1478,25.8595],[-80.1617,25.8595],[-80.1635,25.8557],[-80.1614,25.8558],[-80.1594,25.813],[-80.169,25.7795]]]},"properties":{"chamber":"SLDL","district_number":"106","geoid":"12106","name":"State House District 106","label":"State House District 106"}},{"type":"Feature","geometry":{"type":"Polygon","coordinates":[[[-81.5318,28.3474],[-81.4875,28.3471],[-81.4578,28.3473],[-81.4578,28.3479],[-81.4439,28.348],[-81.3832,28.3479],[-81.3884,28.3609],[-81.3897,28.3683],[-81.3707,28.3685],[-81.3592,28.3696],[-81.3213,28.3673],[-81.2942,28.3728],[-81.2596,28.3858],[-81.2497,28.3974],[-81.2446,28.4006],[-81.2431,28.4118],[-81.2433,28.4169],[-81.2449,28.4195],[-81.2561,28.4287],[-81.2569,28.4307],[-81.2576,28.4377],[-81.2643,28.4484],[-81.2812,28.4484],[-81.3015,28.4513],[-81.3279,28.4512],[-81.3374,28.4502],[-81.3509,28.4498],[-81.3511,28.4445],[-81.3562,28.4432],[-81.3594,28.4437],[-81.3594,28.4461],[-81.3583,28.4464],[-81.3576,28.4482],[-81.3567,28.4478],[-81.3559,28.4511],[-81.3637,28.451],[-81.3693,28.4729],[-81.3843,28.4727],[-81.3843,28.4654],[-81.397,28.4653],[-81.4007,28.4504],[-81.4486,28.4501],[-81.4568,28.4513],[-81.4584,28.4548],[-81.459,28.4899],[-81.4663,28.4946],[-81.4777,28.4992],[-81.4838,28.503],[-81.4835,28.4937],[-81.5085,28.4936],[-81.5086,28.481],[-81.5079,28.4739],[-81.5062,28.4697],[-81.5007,28.4629],[-81.4997,28.46],[-81.4998,28.4463],[-81.5006,28.4447],[-81.5033,28.442],[-81.5041,28.4396],[-81.5032,28.4003],[-81.5058,28.3942],[-81.5064,28.3881],[-81.5045,28.3778],[-81.5318,28.3474]]]},"properties":{"chamber":"SLDL","district_number":"44","geoid":"12044","name":"State House District 44","label":"State House District 44"}},{"type":"Feature","geometry":{"type":"Polygon","coordinates":[[[-81.1038,28.8267],[-81.1021,28.8255],[-81.1028,28.8252],[-81.1037,28.8261],[-81.102,28.8244],[-81.0975,28.8231],[-81.0975,28.8225],[-81.0986,28.8224],[-81.0972,28.8221],[-81.0973,28.8215],[-81.096,28.8221],[-81.0936,28.8247],[-81.0919,28.8247],[-81.0893,28.8205],[-81.0849,28.8158],[-81.0832,28.8156],[-81.0805,28.8165],[-81.0782,28.8192],[-81.0767,28.8195],[-81.0753,28.8185],[-81.0739,28.8153],[-81.07,28.8147],[-81.0674,28.813],[-81.0661,28.8092],[-81.0678,28.8037],[-81.0602,28.7961],[-81.0577,28.7922],[-81.0531,28.7736],[-81.0606,28.762],[-81.0611,28.75],[-81.0577,28.7451],[-81.0409,28.7297],[-81.0407,28.7283],[-81.0414,28.7267],[-81.0364,28.7249],[-81.036,28.7232],[-81.0364,28.7225],[-81.0382,28.7227],[-81.0388,28.7216],[-81.0376,28.7202],[-81.034,28.7186],[-81.0338,28.7167],[-81.0349,28.7154],[-81.0355,28.7126],[-81.0347,28.7094],[-81.0214,28.7011],[-81.0204,28.6996],[-81.0204,28.6978],[-81.0166,28.693],[-81.0166,28.6908],[-81.02,28.6885],[-81.0199,28.6873],[-81.0213,28.6852],[-81.0213,28.6743],[-81.0205,28.6732],[-81.0141,28.6703],[-81.011,28.6681],[-81.0072,28.6635],[-81.0084,28.6601],[-81.0083,28.6588],[-81.0058,28.6518],[-81.0031,28.6481],[-81.0033,28.645],[-81.0011,28.64],[-81.0051,28.6389],[-81.007,28.6371],[-81.0071,28.6363],[-81.0024,28.6314],[-81,28.6303],[-80.9982,28.6306],[-80.9996,28.6274],[-80.9961,28.6241],[-80.9945,28.6217],[-80.9935,28.6219],[-80.9896,28.6248],[-80.9888,28.6245],[-80.9884,28.6213],[-80.9869,28.6179],[-80.9883,28.6168],[-80.99,28.6171],[-80.9905,28.6149],[-80.9899,28.6139],[-80.9872,28.613],[-80.9855,28.6114],[-80.985,28.6114],[-80.985,28.6127],[-80.9844,28.6128],[-80.9833,28.6097],[-80.981,28.6112],[-80.9806,28.6096],[-80.978,28.6091],[-80.9759,28.6078],[-80.9747,28.6085],[-80.9731,28.6114],[-80.971,28.6112],[-80.9706,28.6086],[-80.9692,28.6079],[-80.9695,28.6052],[-80.9683,28.6042],[-80.9676,28.6052],[-80.9652,28.6044],[-80.9613,28.6054],[-80.9604,28.605],[-80.96,28.6029],[-80.9571,28.6019],[-80.9564,28.6021],[-80.9564,28.6039],[-80.9552,28.6036],[-80.9541,28.605],[-80.9521,28.6042],[-80.9525,28.6027],[-80.9519,28.6022],[-80.953,28.6007],[-80.9523,28.6001],[-80.9512,28.6005],[-80.9507,28.5996],[-80.9493,28.6004],[-80.9495,28.5985],[-80.9485,28.5988],[-80.9488,28.5979],[-80.9464,28.5969],[-80.9473,28.5967],[-80.9479,28.5956],[-80.9464,28.5957],[-80.9435,28.5939],[-80.9438,28.5927],[-80.9446,28.593],[-80.9451,28.5924],[-80.9447,28.5913],[-80.9438,28.591],[-80.9447,28.5899],[-80.9443,28.5889],[-80.9451,28.5889],[-80.9456,28.5879],[-80.9454,28.5865],[-80.9464,28.5876],[-80.9471,28.5874],[-80.9463,28.5861],[-80.9472,28.5849],[-80.9448,28.584],[-80.9459,28.5827],[-80.9439,28.582],[-80.9442,28.5801],[-80.9426,28.5799],[-80.9415,28.5781],[-80.9404,28.5781],[-80.9403,28.5759],[-80.9391,28.5752],[-80.9403,28.5745],[-80.9393,28.5725],[-80.9383,28.5722],[-80.9375,28.5709],[-80.9359,28.5713],[-80.9357,28.5705],[-80.9344,28.5694],[-80.9341,28.5679],[-80.9328,28.5673],[-80.9331,28.5663],[-80.9319,28.5664],[-80.9319,28.5646],[-80.93,28.5632],[-80.9322,28.5618],[-80.9317,28.5598],[-80.9343,28.559],[-80.9317,28.557],[-80.9317,28.5559],[-80.9342,28.5544],[-80.9333,28.5526],[-80.9337,28.5519],[-80.9326,28.5516],[-80.9334,28.5505],[-80.9344,28.5457],[-80.9329,28.5438],[-80.901,28.5438],[-80.897,28.5453],[-80.8922,28.5496],[-80.8883,28.5508],[-80.8545,28.5508],[-80.8487,28.5529],[-80.8469,28.5544],[-80.8471,28.5743],[-80.8359,28.5747],[-80.8331,28.5722],[-80.8227,28.5719],[-80.8191,28.5749],[-80.8188,28.5791],[-80.8096,28.5789],[-80.8059,28.5765],[-80.7992,28.5766],[-80.8032,28.5915],[-80.8077,28.6008],[-80.8075,28.6154],[-80.805,28.6161],[-80.789,28.6273],[-80.7664,28.6472],[-80.764,28.6469],[-80.76,28.6482],[-80.7549,28.6486],[-80.7498,28.6453],[-80.6977,28.6451],[-80.6964,28.6448],[-80.6952,28.6435],[-80.6272,28.6435],[-80.6248,28.6425],[-80.6177,28.6425],[-80.6139,28.6369],[-80.5922,28.6109],[-80.5242,28.6102],[-80.5268,28.6145],[-80.5365,28.6253],[-80.6115,28.7194],[-80.6248,28.7353],[-80.6356,28.7503],[-80.7218,28.875],[-80.7636,28.9373],[-80.8454,29.0627],[-80.8748,29.106],[-80.9068,29.1447],[-80.921,29.1713],[-80.9644,29.1531],[-80.9588,29.1433],[-80.9627,29.1417],[-80.96,29.1368],[-80.9609,29.1365],[-80.9618,29.1366],[-80.9614,29.1371],[-80.962,29.1371],[-80.9617,29.1375],[-80.9625,29.138],[-80.9625,29.1389],[-80.9634,29.1388],[-80.963,29.1398],[-80.9639,29.1397],[-80.9645,29.1408],[-80.9658,29.1403],[-80.9689,29.1452],[-80.9706,29.1457],[-80.9679,29.1469],[-80.9696,29.1466],[-80.9708,29.1484],[-80.9719,29.1523],[-80.9725,29.1521],[-80.9751,29.1566],[-80.9936,29.1494],[-80.9936,29.1505],[-81.0036,29.1505],[-81.003,29.1494],[-81.0048,29.1485],[-81.0075,29.1532],[-81.0094,29.1525],[-81.0103,29.1542],[-81.0122,29.1535],[-81.0108,29.1508],[-81.0122,29.1503],[-81.0114,29.1478],[-81.0133,29.147],[-81.0142,29.1486],[-81.0162,29.1478],[-81.0179,29.1508],[-81.021,29.1495],[-81.0218,29.1511],[-81.0202,29.1512],[-81.0215,29.1537],[-81.024,29.1526],[-81.0269,29.1578],[-81.0269,29.1557],[-81.031,29.1557],[-81.031,29.1531],[-81.0323,29.1528],[-81.0359,29.1529],[-81.0367,29.1542],[-81.0355,29.1542],[-81.0355,29.1549],[-81.0449,29.1549],[-81.045,29.1417],[-81.0532,29.1417],[-81.0567,29.1398],[-81.049,29.1336],[-81.0471,29.1307],[-81.0466,29.1275],[-81.0484,29.1201],[-81.0528,29.1175],[-81.0565,29.1209],[-81.0608,29.1176],[-81.0623,29.12],[-81.0655,29.1226],[-81.0661,29.1248],[-81.0725,29.1248],[-81.0711,29.1208],[-81.069,29.1062],[-81.0564,29.1069],[-81.0558,29.0916],[-81.0517,29.0917],[-81.0517,29.0945],[-81.0477,29.0944],[-81.0493,29.0917],[-81.0474,29.0918],[-81.0472,29.086],[-81.0491,29.0864],[-81.052,29.0843],[-81.0486,29.0845],[-81.0486,29.0851],[-81.0433,29.0876],[-81.0431,29.0893],[-81.0428,29.0879],[-81.0366,29.0875],[-81.0359,29.0865],[-81.038,29.0816],[-81.0373,29.0804],[-81.0378,29.0804],[-81.0376,29.0792],[-81.0361,29.0787],[-81.0352,29.0775],[-81.0349,29.0741],[-81.0324,29.0722],[-81.0336,29.0708],[-81.0327,29.0696],[-81.0328,29.0689],[-81.0431,29.0684],[-81.0431,29.0675],[-81.0447,29.0674],[-81.0447,29.0634],[-81.0429,29.0634],[-81.0418,29.0118],[-81.0688,29.0113],[-81.0731,28.9845],[-81.0788,28.9764],[-81.077,28.9743],[-81.07,28.9745],[-81.0687,28.8464],[-81.1014,28.8462],[-81.1018,28.8273],[-81.1007,28.8268],[-81.102,28.8261],[-81.1013,28.8252],[-81.1038,28.8267]]]},"properties":{"chamber":"SLDL","district_number":"30","geoid":"12030","name":"State House District 30","label":"State House District 30"}},{"type":"Feature","geometry":{"type":"Polygon","coordinates":[[[-80.1459,26.1264],[-80.1453,26.119],[-80.1433,26.1183],[-80.1428,26.1046],[-80.1404,26.0928],[-80.1051,26.0933],[-80.0493,26.0928],[-80.0497,26.1011],[-80.0487,26.1076],[-80.0472,26.1329],[-80.0428,26.1587],[-80.0414,26.1708],[-80.0394,26.1762],[-80.0379,26.1833],[-80.0375,26.1892],[-80.0381,26.1967],[-80.0342,26.2167],[-80.0313,26.2257],[-80.0304,26.2325],[-80.0272,26.2396],[-80.0254,26.246],[-80.0221,26.2888],[-80.0153,26.321],[-80.0879,26.3208],[-80.0889,26.3224],[-80.0891,26.3247],[-80.092,26.3264],[-80.0949,26.325],[-80.0964,26.3224],[-80.0988,26.3228],[-80.1006,26.3209],[-80.1259,26.2315],[-80.1363,26.2314],[-80.1362,26.214],[-80.1382,26.209],[-80.135,26.2062],[-80.1324,26.206],[-80.1319,26.1926],[-80.1298,26.1927],[-80.1298,26.19],[-80.1267,26.1901],[-80.1267,26.189],[-80.1246,26.189],[-80.1246,26.1873],[-80.1225,26.1873],[-80.1224,26.1834],[-80.1189,26.1835],[-80.1197,26.1811],[-80.1194,26.1718],[-80.1188,26.1697],[-80.117,26.1673],[-80.1219,26.1671],[-80.1219,26.1646],[-80.1209,26.1639],[-80.1208,26.1622],[-80.1193,26.1621],[-80.1182,26.1613],[-80.1179,26.1595],[-80.119,26.1571],[-80.119,26.156],[-80.12,26.1548],[-80.1207,26.1547],[-80.1213,26.1556],[-80.1221,26.1544],[-80.1273,26.1545],[-80.131,26.1529],[-80.1309,26.147],[-80.1318,26.1444],[-80.145,26.1297],[-80.1459,26.1296],[-80.1459,26.1264]]]},"properties":{"chamber":"SLDL","district_number":"100","geoid":"12100","name":"State House District 100","label":"State House District 100"}},{"type":"Feature","geometry":{"type":"Polygon","coordinates":[[[-80.4845,25.8905],[-80.4838,25.855],[-80.4822,25.8128],[-80.4827,25.7977],[-80.4815,25.7828],[-80.4822,25.7733],[-80.4814,25.7609],[-80.4008,25.761],[-80.4004,25.7513],[-80.3981,25.7518],[-80.396,25.7535],[-80.3922,25.7517],[-80.3851,25.7518],[-80.386,25.7753],[-80.3859,25.7971],[-80.3691,25.7971],[-80.3686,25.7842],[-80.369,25.7801],[-80.3578,25.7812],[-80.3271,25.7813],[-80.3208,25.7807],[-80.3221,25.8407],[-80.3047,25.8406],[-80.3226,25.8538],[-80.3243,25.8987],[-80.3441,25.8985],[-80.3472,25.8998],[-80.3486,25.9018],[-80.3508,25.9435],[-80.3506,25.9492],[-80.351,25.9489],[-80.3514,25.957],[-80.4358,25.9568],[-80.4314,25.9569],[-80.4311,25.9521],[-80.4321,25.9499],[-80.4834,25.893],[-80.4845,25.8905]]]},"properties":{"chamber":"SLDL","district_number":"111","geoid":"12111","name":"State House District 111","label":"State House District 111"}},{"type":"Feature","geometry":{"type":"Polygon","coordinates":[[[-81.3178,28.6031],[-81.3173,28.6012],[-81.3163,28.6012],[-81.3166,28.6003],[-81.3152,28.5972],[-81.3163,28.5959],[-81.3168,28.5935],[-81.3166,28.5863],[-81.3116,28.5862],[-81.3116,28.5871],[-81.3111,28.5871],[-81.3111,28.5866],[-81.3089,28.5861],[-81.3088,28.579],[-81.3108,28.5741],[-81.3107,28.5572],[-81.3027,28.5631],[-81.2977,28.5658],[-81.2923,28.5675],[-81.2862,28.5684],[-81.252,28.5684],[-81.2358,28.57],[-81.2077,28.5669],[-81.2077,28.5733],[-81.2021,28.5728],[-81.1959,28.5738],[-81.1943,28.573],[-81.1936,28.5709],[-81.1916,28.5683],[-81.1913,28.5654],[-81.1823,28.5654],[-81.1823,28.5725],[-81.1784,28.5799],[-81.1753,28.5801],[-81.1678,28.5835],[-81.1605,28.5852],[-81.1533,28.5883],[-81.1375,28.5875],[-81.1203,28.5875],[-81.1171,28.588],[-81.1131,28.5911],[-81.1136,28.5913],[-81.1131,28.5935],[-81.1125,28.594],[-81.1114,28.5932],[-81.1102,28.5932],[-81.1093,28.5954],[-81.1042,28.5969],[-81.1017,28.5986],[-81.1019,28.6001],[-81.1028,28.6009],[-81.1018,28.6031],[-81.1025,28.6066],[-81.1053,28.6072],[-81.1054,28.6083],[-81.1064,28.6093],[-81.1056,28.6099],[-81.1074,28.6109],[-81.1065,28.6114],[-81.1062,28.6126],[-80.9872,28.613],[-80.9899,28.6139],[-80.9905,28.6158],[-80.99,28.6171],[-80.9883,28.6168],[-80.9869,28.6179],[-80.9884,28.6213],[-80.9888,28.6245],[-80.9896,28.6248],[-80.9935,28.6219],[-80.9945,28.6217],[-80.9961,28.6241],[-80.9996,28.6274],[-80.9982,28.6306],[-81,28.6303],[-81.0024,28.6314],[-81.0071,28.6363],[-81.007,28.6371],[-81.0051,28.6389],[-81.0011,28.64],[-81.0033,28.645],[-81.0031,28.6481],[-81.0058,28.6518],[-81.0083,28.6588],[-81.0084,28.6601],[-81.0072,28.6635],[-81.011,28.6681],[-81.0141,28.6703],[-81.0205,28.6732],[-81.0213,28.6743],[-81.0213,28.6852],[-81.0199,28.6873],[-81.02,28.6885],[-81.0166,28.6908],[-81.0166,28.693],[-81.0204,28.6978],[-81.0204,28.6996],[-81.0214,28.7011],[-81.0343,28.7089],[-81.0355,28.7122],[-81.0353,28.7142],[-81.0358,28.7137],[-81.0479,28.7155],[-81.1187,28.7143],[-81.1313,28.7033],[-81.1319,28.7034],[-81.1319,28.7027],[-81.139,28.6966],[-81.1514,28.6911],[-81.1515,28.6925],[-81.1556,28.6925],[-81.1558,28.6992],[-81.2305,28.6986],[-81.2312,28.6972],[-81.2283,28.6909],[-81.2267,28.6848],[-81.2297,28.6847],[-81.2266,28.6824],[-81.2264,28.6769],[-81.2271,28.6713],[-81.2293,28.6711],[-81.2292,28.6666],[-81.2418,28.6665],[-81.2416,28.6608],[-81.2401,28.6607],[-81.2395,28.66],[-81.2415,28.6574],[-81.241,28.6558],[-81.2333,28.6563],[-81.2263,28.6556],[-81.2366,28.635],[-81.2435,28.6279],[-81.2491,28.6194],[-81.2469,28.6177],[-81.2449,28.6134],[-81.2447,28.6115],[-81.3145,28.6107],[-81.3152,28.6056],[-81.3178,28.6031]]]},"properties":{"chamber":"SLDL","district_number":"37","geoid":"12037","name":"State House District 37","label":"State House District 37"}},{"type":"Feature","geometry":{"type":"Polygon","coordinates":[[[-81.4602,28.0502],[-81.4593,28.0497],[-81.46,28.0472],[-81.4598,28.045],[-81.4585,28.0418],[-81.4587,28.0396],[-81.4557,28.0388],[-81.4516,28.0342],[-81.4486,28.0323],[-81.4407,28.0339],[-81.439,28.0328],[-81.4386,28.0333],[-81.4347,28.0253],[-81.4325,28.0224],[-81.4292,28.021],[-81.4286,28.0188],[-81.4281,28.0208],[-81.4291,28.0217],[-81.4281,28.0215],[-81.4211,28.0034],[-81.4159,27.9982],[-81.4139,27.9991],[-81.4147,28],[-81.4143,28.0006],[-81.4086,28.0011],[-81.4037,28.0028],[-81.3982,28.003],[-81.3925,28.0046],[-81.3868,28.0035],[-81.3873,28.003],[-81.3861,28.0016],[-81.3858,27.9994],[-81.3845,27.9994],[-81.3836,27.9972],[-81.3826,27.9977],[-81.3785,27.989],[-81.3786,27.9884],[-81.3809,27.988],[-81.3819,27.985],[-81.381,27.9834],[-81.3801,27.983],[-81.3771,27.9841],[-81.3764,27.9819],[-81.3765,27.9783],[-81.375,27.9782],[-81.3732,27.977],[-81.3706,27.9779],[-81.3688,27.9754],[-81.3687,27.9738],[-81.3651,27.9729],[-81.3498,27.9638],[-81.348,27.9607],[-81.3485,27.9555],[-81.349,27.9543],[-81.3499,27.9551],[-81.3498,27.9539],[-81.3481,27.9531],[-81.3473,27.9535],[-81.3451,27.9523],[-81.3436,27.9523],[-81.344,27.9528],[-81.343,27.9531],[-81.3409,27.951],[-81.3382,27.951],[-81.3368,27.9499],[-81.3367,27.9453],[-81.3384,27.9405],[-81.3382,27.9392],[-81.3406,27.9407],[-81.3459,27.9415],[-81.3464,27.9411],[-81.3457,27.9409],[-81.3461,27.9402],[-81.3476,27.9389],[-81.3471,27.9373],[-81.3458,27.9358],[-81.3448,27.9356],[-81.344,27.9362],[-81.3416,27.9327],[-81.3387,27.9313],[-81.3383,27.9334],[-81.3334,27.9304],[-81.3213,27.9264],[-81.3178,27.9243],[-81.3171,27.9249],[-81.3188,27.9281],[-81.3179,27.9287],[-81.316,27.9285],[-81.3144,27.9258],[-81.3121,27.9251],[-81.3087,27.9219],[-81.3092,27.9153],[-81.3123,27.9102],[-81.3139,27.9047],[-81.3148,27.9038],[-81.3149,27.9012],[-81.3128,27.8956],[-81.308,27.8896],[-81.3061,27.8862],[-81.3045,27.8805],[-81.3059,27.8768],[-81.3044,27.8704],[-81.303,27.87],[-81.2973,27.8627],[-81.2975,27.8623],[-81.2989,27.8625],[-81.3015,27.8652],[-81.3023,27.8636],[-81.3019,27.8621],[-81.2988,27.8614],[-81.2971,27.8596],[-81.292,27.8576],[-81.2813,27.8575],[-81.2815,27.8558],[-81.2791,27.852],[-81.2773,27.8508],[-81.2729,27.8502],[-81.2632,27.8471],[-81.2608,27.847],[-81.2578,27.8481],[-81.2585,27.847],[-81.2599,27.8465],[-81.2591,27.846],[-81.2562,27.8472],[-81.2542,27.8488],[-81.2505,27.8489],[-81.2502,27.8484],[-81.2506,27.847],[-81.2512,27.8469],[-81.2515,27.845],[-81.2503,27.8436],[-81.2486,27.8453],[-81.248,27.8476],[-81.2463,27.8479],[-81.2465,27.8488],[-81.2417,27.8457],[-81.241,27.8465],[-81.2414,27.8472],[-81.2348,27.8437],[-81.2311,27.8428],[-81.2247,27.8369],[-81.2208,27.8349],[-81.2153,27.8297],[-81.2144,27.8285],[-81.2155,27.8266],[-81.214,27.8241],[-81.208,27.821],[-81.21,27.8192],[-81.2092,27.8176],[-81.2099,27.8172],[-81.2091,27.8153],[-81.2067,27.8133],[-81.2065,27.8124],[-81.2086,27.8122],[-81.2061,27.8117],[-81.2048,27.8101],[-81.2041,27.8106],[-81.2038,27.8088],[-81.2007,27.8037],[-81.2005,27.7974],[-81.2001,27.797],[-81.1996,27.7976],[-81.1986,27.7973],[-81.1963,27.7908],[-81.1943,27.7898],[-81.192,27.7869],[-81.1896,27.7853],[-81.1894,27.7823],[-81.186,27.779],[-81.1857,27.7782],[-81.1874,27.7765],[-81.1875,27.775],[-81.1847,27.7729],[-81.1825,27.7745],[-81.1811,27.7742],[-81.181,27.77],[-81.1786,27.7709],[-81.1782,27.7705],[-81.1791,27.7658],[-81.175,27.7644],[-81.1742,27.7622],[-81.173,27.7609],[-81.173,27.7595],[-81.1736,27.7587],[-81.1743,27.7594],[-81.178,27.7589],[-81.1791,27.7555],[-81.1787,27.7521],[-81.1755,27.7497],[-81.1759,27.748],[-81.1745,27.7456],[-81.174,27.7455],[-81.1729,27.7474],[-81.1712,27.7465],[-81.1706,27.7438],[-81.1718,27.7437],[-81.1718,27.7432],[-81.1681,27.7422],[-81.1676,27.7429],[-81.1664,27.743],[-81.165,27.7423],[-81.1645,27.7354],[-81.165,27.7345],[-81.1659,27.7349],[-81.1668,27.7342],[-81.1655,27.7321],[-81.1676,27.7329],[-81.1687,27.732],[-81.1683,27.7297],[-81.1669,27.7287],[-81.1685,27.7282],[-81.1688,27.7263],[-81.1671,27.7246],[-81.1674,27.7234],[-81.1668,27.7231],[-81.1653,27.7243],[-81.1613,27.7242],[-81.1608,27.7238],[-81.16,27.7193],[-81.159,27.7185],[-81.1531,27.7186],[-81.1523,27.718],[-81.1518,27.7162],[-81.1507,27.7176],[-81.1506,27.7155],[-81.149,27.7129],[-81.1458,27.7103],[-81.1468,27.709],[-81.146,27.7063],[-81.1475,27.7057],[-81.1474,27.7044],[-81.1493,27.703],[-81.148,27.6992],[-81.1498,27.7002],[-81.1502,27.6998],[-81.1473,27.6964],[-81.149,27.692],[-81.1466,27.6909],[-81.1477,27.689],[-81.1462,27.6865],[-81.1467,27.6858],[-81.1459,27.6851],[-81.1449,27.6822],[-81.1461,27.6825],[-81.1469,27.6819],[-81.1447,27.6795],[-81.1454,27.6776],[-81.1441,27.6761],[-81.1452,27.6738],[-81.1443,27.6697],[-81.1436,27.6691],[-81.1433,27.6707],[-81.1422,27.6706],[-81.1418,27.6685],[-81.14,27.6673],[-81.1384,27.665],[-81.1341,27.6621],[-81.1318,27.6615],[-81.131,27.6593],[-81.1325,27.6541],[-81.1312,27.6505],[-81.1325,27.6475],[-81.1339,27.6491],[-81.1346,27.6476],[-81.1338,27.6472],[-81.1339,27.6467],[-81.1376,27.6442],[-81.1382,27.6444],[-81.1373,27.6453],[-81.1373,27.647],[-81.14,27.6467],[-81.1422,27.6432],[-81.027,27.642],[-80.8731,27.6423],[-80.8738,27.7339],[-80.8801,27.7337],[-80.8816,27.8225],[-80.8689,27.8225],[-80.8694,27.9639],[-80.87,27.9826],[-80.8695,28.0485],[-80.8701,28.0571],[-80.8693,28.0651],[-80.8693,28.0847],[-80.8629,28.0847],[-80.8614,28.2523],[-80.8628,28.3471],[-80.8687,28.3525],[-80.8736,28.3606],[-80.8738,28.3641],[-80.8724,28.3677],[-80.8731,28.3703],[-80.8756,28.3734],[-80.8767,28.3733],[-80.8778,28.3722],[-80.8793,28.3724],[-80.8803,28.3737],[-80.8801,28.3751],[-80.8819,28.3748],[-80.8819,28.3755],[-80.8795,28.3772],[-80.8796,28.3804],[-80.8814,28.3806],[-80.8859,28.385],[-80.8885,28.3856],[-80.8878,28.388],[-80.8896,28.393],[-80.8875,28.394],[-80.8868,28.3965],[-80.8851,28.3958],[-80.8845,28.3961],[-80.8845,28.3983],[-80.8867,28.3996],[-80.8855,28.4024],[-80.8865,28.4041],[-80.8849,28.4064],[-80.8832,28.4065],[-80.883,28.4082],[-80.8848,28.4087],[-80.8849,28.4107],[-80.8881,28.413],[-80.888,28.4157],[-80.8911,28.4162],[-80.8922,28.4184],[-80.8942,28.4191],[-80.8947,28.4192],[-80.8951,28.418],[-80.8964,28.4185],[-80.8959,28.4196],[-80.8964,28.4206],[-80.8955,28.4207],[-80.8958,28.4231],[-80.8969,28.4233],[-80.8964,28.425],[-80.8987,28.4261],[-80.8971,28.4264],[-80.8968,28.4278],[-80.8984,28.4319],[-80.899,28.4309],[-80.8993,28.4322],[-80.9003,28.4316],[-80.9013,28.4335],[-80.8996,28.4334],[-80.8989,28.4347],[-80.8969,28.4355],[-80.8982,28.4364],[-80.897,28.4365],[-80.8967,28.4373],[-80.8952,28.4364],[-80.8943,28.4379],[-80.8947,28.4387],[-80.8941,28.441],[-80.8931,28.4418],[-80.894,28.4427],[-80.8939,28.4439],[-80.8901,28.4454],[-80.892,28.4492],[-80.8939,28.4508],[-80.8959,28.4513],[-80.8973,28.453],[-80.897,28.4547],[-80.8983,28.4551],[-80.8976,28.4578],[-80.8966,28.4566],[-80.8958,28.458],[-80.8941,28.458],[-80.8934,28.459],[-80.8933,28.46],[-80.8944,28.4598],[-80.895,28.4604],[-80.8948,28.462],[-80.8958,28.4632],[-80.8954,28.4637],[-80.8938,28.4632],[-80.8929,28.464],[-80.8929,28.465],[-80.8941,28.4646],[-80.8946,28.4653],[-80.8945,28.467],[-80.8908,28.4684],[-80.8909,28.4669],[-80.8898,28.4665],[-80.8867,28.4696],[-80.8847,28.4687],[-80.8842,28.4695],[-80.8823,28.4696],[-80.8817,28.4704],[-80.8808,28.4683],[-80.8797,28.4683],[-80.8794,28.4697],[-80.876,28.4709],[-80.8755,28.4699],[-80.8764,28.4694],[-80.8751,28.4688],[-80.8728,28.4711],[-80.8713,28.4708],[-80.8708,28.4716],[-80.8742,28.4763],[-80.8741,28.4779],[-80.8731,28.4785],[-80.8739,28.4802],[-80.8733,28.4821],[-80.8753,28.4835],[-80.8756,28.4858],[-80.8781,28.4867],[-80.8773,28.488],[-80.8753,28.4887],[-80.8754,28.4897],[-80.879,28.4898],[-80.8803,28.4911],[-80.8826,28.4915],[-80.8841,28.4949],[-80.8837,28.496],[-80.8803,28.497],[-80.8799,28.5],[-80.881,28.5038],[-80.8833,28.5043],[-80.8857,28.5103],[-80.8919,28.5121],[-80.8934,28.5118],[-80.8959,28.5094],[-80.8989,28.5098],[-80.9001,28.5116],[-80.9015,28.5104],[-80.9034,28.5111],[-80.9045,28.5104],[-80.9066,28.5116],[-80.9056,28.5128],[-80.9071,28.5138],[-80.907,28.5147],[-80.9055,28.516],[-80.9057,28.5178],[-80.908,28.518],[-80.9068,28.52],[-80.9073,28.5205],[-80.9101,28.5219],[-80.911,28.5213],[-80.912,28.5216],[-80.9125,28.5232],[-80.9106,28.5233],[-80.9114,28.5246],[-80.9163,28.5228],[-80.9175,28.523],[-80.9206,28.5252],[-80.9211,28.5288],[-80.9234,28.5327],[-80.9251,28.5332],[-80.9282,28.5327],[-80.9322,28.5355],[-80.9329,28.5338],[-80.9341,28.5334],[-80.9352,28.5341],[-80.9356,28.5363],[-80.9363,28.5368],[-80.9372,28.5364],[-80.9378,28.5347],[-80.9394,28.5351],[-80.939,28.5395],[-80.9397,28.5407],[-80.9392,28.5418],[-80.9358,28.5418],[-80.9342,28.5405],[-80.9321,28.5424],[-80.9343,28.5452],[-80.9341,28.5477],[-80.9326,28.5516],[-80.9337,28.5519],[-80.9333,28.5526],[-80.9342,28.5544],[-80.9317,28.5559],[-80.9317,28.557],[-80.9343,28.559],[-80.9317,28.5598],[-80.9322,28.5618],[-80.93,28.5632],[-80.9319,28.5646],[-80.9319,28.5664],[-80.9331,28.5663],[-80.9328,28.5673],[-80.9341,28.5679],[-80.9344,28.5694],[-80.9357,28.5705],[-80.9359,28.5713],[-80.9375,28.5709],[-80.9383,28.5722],[-80.9393,28.5725],[-80.9403,28.5745],[-80.9391,28.5752],[-80.9403,28.5759],[-80.9404,28.5781],[-80.9415,28.5781],[-80.9426,28.5799],[-80.9442,28.5801],[-80.9439,28.582],[-80.9459,28.5827],[-80.9448,28.584],[-80.9472,28.5849],[-80.9463,28.5861],[-80.9471,28.5874],[-80.9464,28.5876],[-80.9454,28.5865],[-80.9456,28.5879],[-80.9451,28.5889],[-80.9443,28.589],[-80.9447,28.5899],[-80.9438,28.591],[-80.9447,28.5913],[-80.9451,28.5924],[-80.9446,28.593],[-80.9438,28.5926],[-80.9433,28.5937],[-80.9464,28.5957],[-80.9479,28.5956],[-80.9473,28.5967],[-80.9464,28.5969],[-80.9488,28.5979],[-80.9485,28.5988],[-80.9495,28.5985],[-80.9493,28.6004],[-80.9507,28.5996],[-80.9512,28.6005],[-80.9523,28.6001],[-80.953,28.6007],[-80.9519,28.6022],[-80.9525,28.6027],[-80.9519,28.6042],[-80.9541,28.605],[-80.9552,28.6036],[-80.9565,28.6038],[-80.9564,28.6021],[-80.9571,28.6019],[-80.96,28.6029],[-80.9604,28.605],[-80.9613,28.6054],[-80.9652,28.6044],[-80.9676,28.6052],[-80.9683,28.6042],[-80.9695,28.6052],[-80.9692,28.6079],[-80.9706,28.6086],[-80.9709,28.6111],[-80.9731,28.6114],[-80.9747,28.6085],[-80.9759,28.6078],[-80.978,28.6091],[-80.9806,28.6096],[-80.981,28.6112],[-80.9833,28.6097],[-80.9846,28.6129],[-80.9853,28.6114],[-80.9872,28.613],[-80.9954,28.6132],[-81.1062,28.6126],[-81.1065,28.6114],[-81.1074,28.6109],[-81.1056,28.6099],[-81.1064,28.6093],[-81.1054,28.6083],[-81.1053,28.6072],[-81.1025,28.6066],[-81.1018,28.6031],[-81.1028,28.6009],[-81.1019,28.6001],[-81.1017,28.5986],[-81.1042,28.5969],[-81.1093,28.5954],[-81.1102,28.5932],[-81.1114,28.5932],[-81.1125,28.594],[-81.1131,28.5935],[-81.1136,28.5913],[-81.1131,28.5911],[-81.1173,28.5879],[-81.1375,28.5875],[-81.1533,28.5883],[-81.1605,28.5852],[-81.1678,28.5835],[-81.1753,28.5801],[-81.1784,28.5799],[-81.1823,28.5725],[-81.1823,28.5654],[-81.1913,28.5654],[-81.1914,28.568],[-81.1943,28.573],[-81.1954,28.5737],[-81.1986,28.5737],[-81.2021,28.5728],[-81.2077,28.5733],[-81.2077,28.5669],[-81.2118,28.5674],[-81.2116,28.5484],[-81.2234,28.5472],[-81.2222,28.5444],[-81.2277,28.5404],[-81.2299,28.5395],[-81.2512,28.5393],[-81.2503,28.5167],[-81.2443,28.5026],[-81.1929,28.5026],[-81.1925,28.5013],[-81.1938,28.4991],[-81.1954,28.4987],[-81.1947,28.4956],[-81.1871,28.4955],[-81.1871,28.4901],[-81.1884,28.4884],[-81.1865,28.4862],[-81.1776,28.4861],[-81.176,28.4855],[-81.1766,28.4814],[-81.1715,28.4814],[-81.1714,28.4787],[-81.1622,28.4699],[-81.161,28.4676],[-81.1611,28.4342],[-81.1623,28.4321],[-81.1714,28.423],[-81.1731,28.4219],[-81.206,28.4215],[-81.2202,28.414],[-81.2237,28.4146],[-81.2203,28.4139],[-81.2307,28.4093],[-81.2343,28.406],[-81.2483,28.3986],[-81.2509,28.3962],[-81.259,28.3864],[-81.2611,28.3849],[-81.2703,28.382],[-81.2942,28.3728],[-81.3096,28.3694],[-81.3096,28.3481],[-81.2395,28.3481],[-81.2396,28.3405],[-81.2411,28.3415],[-81.2399,28.3385],[-81.2382,28.3372],[-81.246,28.3343],[-81.2481,28.331],[-81.2479,28.3297],[-81.2547,28.324],[-81.2534,28.324],[-81.2539,28.3231],[-81.2525,28.3218],[-81.248,28.3114],[-81.2467,28.3053],[-81.2392,28.3047],[-81.2392,28.2976],[-81.244,28.2899],[-81.244,28.2821],[-81.2372,28.2828],[-81.2346,28.2841],[-81.2342,28.2826],[-81.1976,28.2826],[-81.1985,28.279],[-81.1981,28.2768],[-81.2002,28.2742],[-81.2,28.2727],[-81.2013,28.2682],[-81.1953,28.2682],[-81.1987,28.2658],[-81.2033,28.2609],[-81.2019,28.2609],[-81.2017,28.2508],[-81.2054,28.2507],[-81.2054,28.2467],[-81.2149,28.2476],[-81.2274,28.2464],[-81.2273,28.2323],[-81.2248,28.2285],[-81.2255,28.2264],[-81.2266,28.2253],[-81.2238,28.2229],[-81.2247,28.2211],[-81.2234,28.2184],[-81.2283,28.2184],[-81.2281,28.2134],[-81.2291,28.2101],[-81.2366,28.2095],[-81.2366,28.2086],[-81.2356,28.2086],[-81.2356,28.2023],[-81.2344,28.2023],[-81.2345,28.2014],[-81.2357,28.2014],[-81.2356,28.2004],[-81.2396,28.2004],[-81.2398,28.2023],[-81.2439,28.2024],[-81.2438,28.2095],[-81.2561,28.2095],[-81.256,28.2051],[-81.2581,28.2051],[-81.2581,28.2023],[-81.2602,28.2023],[-81.2603,28.2041],[-81.2763,28.2042],[-81.2763,28.2024],[-81.2784,28.2024],[-81.2784,28.1969],[-81.2763,28.1969],[-81.2763,28.1978],[-81.2744,28.1978],[-81.2743,28.196],[-81.2763,28.196],[-81.2763,28.1932],[-81.2784,28.1932],[-81.2783,28.1817],[-81.2809,28.1817],[-81.2809,28.1808],[-81.2827,28.1807],[-81.282,28.1801],[-81.2832,28.1801],[-81.2832,28.1807],[-81.2884,28.1803],[-81.2942,28.1739],[-81.2953,28.1735],[-81.2926,28.1735],[-81.2926,28.1698],[-81.2967,28.1698],[-81.2967,28.1735],[-81.3021,28.1735],[-81.3079,28.2103],[-81.3104,28.2148],[-81.3199,28.2242],[-81.3216,28.2268],[-81.3233,28.2316],[-81.3392,28.2315],[-81.3389,28.232],[-81.3395,28.2323],[-81.341,28.2308],[-81.3447,28.2296],[-81.3459,28.2298],[-81.3494,28.2274],[-81.352,28.2298],[-81.3546,28.2335],[-81.3584,28.2345],[-81.3699,28.241],[-81.3772,28.2388],[-81.3903,28.233],[-81.3917,28.2306],[-81.3924,28.2245],[-81.3948,28.2181],[-81.3981,28.2058],[-81.3983,28.1999],[-81.3934,28.1863],[-81.3904,28.1811],[-81.3669,28.1641],[-81.3657,28.164],[-81.3515,28.1403],[-81.3517,28.1366],[-81.3451,28.0871],[-81.3438,28.0847],[-81.3452,28.0848],[-81.3458,28.0858],[-81.3458,28.085],[-81.3478,28.0841],[-81.3488,28.0821],[-81.3482,28.0801],[-81.3472,28.0802],[-81.3473,28.0759],[-81.3471,28.0748],[-81.3466,28.0751],[-81.3465,28.073],[-81.347,28.0728],[-81.3464,28.0695],[-81.347,28.0697],[-81.3486,28.0678],[-81.3505,28.0686],[-81.3534,28.0676],[-81.3532,28.0671],[-81.3545,28.0675],[-81.3552,28.0669],[-81.3554,28.0674],[-81.3583,28.0679],[-81.3584,28.0684],[-81.3604,28.0684],[-81.3624,28.07],[-81.3654,28.0681],[-81.3657,28.0661],[-81.3651,28.0646],[-81.3663,28.0636],[-81.3668,28.0617],[-81.3655,28.0607],[-81.3654,28.0596],[-81.3643,28.0581],[-81.3641,28.0569],[-81.3651,28.0552],[-81.3642,28.0529],[-81.3638,28.0497],[-81.3645,28.0471],[-81.3619,28.0437],[-81.3629,28.0425],[-81.3626,28.0406],[-81.3634,28.04],[-81.3637,28.0378],[-81.3649,28.0378],[-81.3674,28.0363],[-81.3674,28.0346],[-81.3721,28.0323],[-81.3724,28.0311],[-81.3758,28.0295],[-81.376,28.0287],[-81.3751,28.0273],[-81.3759,28.0249],[-81.379,28.022],[-81.3792,28.0212],[-81.3783,28.018],[-81.3765,28.0158],[-81.3774,28.0137],[-81.378,28.014],[-81.3785,28.0134],[-81.3783,28.0124],[-81.379,28.0116],[-81.3815,28.013],[-81.3822,28.0123],[-81.383,28.0128],[-81.3857,28.0172],[-81.3907,28.0197],[-81.3912,28.0193],[-81.3922,28.0198],[-81.3926,28.0242],[-81.3935,28.0247],[-81.3939,28.0278],[-81.3946,28.0284],[-81.3972,28.0294],[-81.4065,28.0291],[-81.4099,28.0319],[-81.4111,28.0339],[-81.4158,28.0371],[-81.4184,28.0381],[-81.4232,28.0386],[-81.4241,28.0405],[-81.4255,28.0394],[-81.428,28.0393],[-81.4283,28.0406],[-81.4277,28.0414],[-81.4297,28.0425],[-81.4309,28.042],[-81.4325,28.0433],[-81.4341,28.0461],[-81.4355,28.0531],[-81.4385,28.057],[-81.4407,28.0586],[-81.4459,28.059],[-81.4463,28.0581],[-81.4504,28.0566],[-81.4539,28.0576],[-81.4574,28.0551],[-81.4586,28.053],[-81.4582,28.0517],[-81.4597,28.0518],[-81.4584,28.0509],[-81.4602,28.0502]]]},"properties":{"chamber":"SLDL","district_number":"35","geoid":"12035","name":"State House District 35","label":"State House District 35"}},{"type":"Feature","geometry":{"type":"Polygon","coordinates":[[[-80.4814,25.7609],[-80.4784,25.6886],[-80.4787,25.6834],[-80.4812,25.6741],[-80.4785,25.5943],[-80.4781,25.5505],[-80.4292,25.5511],[-80.4298,25.6006],[-80.4145,25.6177],[-80.4146,25.6398],[-80.4156,25.6483],[-80.4164,25.6708],[-80.4173,25.6708],[-80.4176,25.6727],[-80.4174,25.6778],[-80.4193,25.6778],[-80.4186,25.6786],[-80.4187,25.6832],[-80.4207,25.6837],[-80.4208,25.6852],[-80.4299,25.685],[-80.4329,25.7609],[-80.4814,25.7609]]]},"properties":{"chamber":"SLDL","district_number":"119","geoid":"12119","name":"State House District 119","label":"State House District 119"}},{"type":"Feature","geometry":{"type":"Polygon","coordinates":[[[-80.3837,25.6642],[-80.3831,25.646],[-80.3769,25.6461],[-80.3762,25.6419],[-80.3755,25.6414],[-80.3682,25.6386],[-80.3659,25.6384],[-80.3622,25.6356],[-80.3598,25.6356],[-80.3524,25.6312],[-80.3492,25.6311],[-80.3481,25.6296],[-80.3481,25.628],[-80.3469,25.6271],[-80.347,25.6264],[-80.346,25.6262],[-80.3456,25.6251],[-80.3447,25.6251],[-80.345,25.624],[-80.3435,25.6237],[-80.3468,25.6149],[-80.3553,25.5961],[-80.3566,25.5961],[-80.3588,25.5918],[-80.3644,25.5862],[-80.3657,25.5833],[-80.3728,25.576],[-80.3723,25.57],[-80.3628,25.5684],[-80.3627,25.5594],[-80.3591,25.5593],[-80.3595,25.5574],[-80.3589,25.5556],[-80.3546,25.5549],[-80.3518,25.5535],[-80.3503,25.5507],[-80.3485,25.5492],[-80.3404,25.5443],[-80.3315,25.5436],[-80.3278,25.5402],[-80.3251,25.5356],[-80.3252,25.5347],[-80.3258,25.535],[-80.3251,25.5345],[-80.3153,25.5326],[-80.3082,25.5385],[-80.2963,25.5512],[-80.29,25.5808],[-80.2991,25.5987],[-80.2944,25.6146],[-80.2785,25.6214],[-80.2832,25.6225],[-80.283,25.6303],[-80.2929,25.6302],[-80.293,25.6339],[-80.3012,25.6342],[-80.3013,25.6374],[-80.297,25.6374],[-80.2964,25.6386],[-80.2919,25.6387],[-80.2892,25.6427],[-80.2906,25.6436],[-80.2906,25.6451],[-80.2834,25.6453],[-80.2836,25.6526],[-80.2856,25.6526],[-80.2838,25.6558],[-80.2838,25.66],[-80.2881,25.66],[-80.2887,25.6619],[-80.29,25.6619],[-80.2901,25.6641],[-80.2823,25.6638],[-80.2807,25.6647],[-80.2798,25.6661],[-80.2834,25.6687],[-80.284,25.6701],[-80.2849,25.6897],[-80.2928,25.6894],[-80.2929,25.6906],[-80.3011,25.6914],[-80.3011,25.6948],[-80.2991,25.6965],[-80.3052,25.6962],[-80.3059,25.7108],[-80.3067,25.7108],[-80.3066,25.7145],[-80.3021,25.7147],[-80.3039,25.7631],[-80.3362,25.762],[-80.3358,25.7331],[-80.3335,25.6881],[-80.3514,25.6875],[-80.3718,25.6648],[-80.3837,25.6642]]]},"properties":{"chamber":"SLDL","district_number":"115","geoid":"12115","name":"State House District 115","label":"State House District 115"}},{"type":"Feature","geometry":{"type":"Polygon","coordinates":[[[-80.2932,25.925],[-80.2926,25.9134],[-80.2583,25.915],[-80.2581,25.9113],[-80.228,25.9122],[-80.2227,25.9163],[-80.2092,25.9169],[-80.2063,25.9164],[-80.2033,25.9149],[-80.1996,25.9108],[-80.1968,25.9061],[-80.1912,25.9122],[-80.1875,25.9129],[-80.1875,25.9121],[-80.1859,25.9122],[-80.1859,25.914],[-80.1635,25.9148],[-80.1673,25.9111],[-80.1668,25.9003],[-80.1629,25.9003],[-80.1506,25.9008],[-80.1507,25.9027],[-80.1574,25.9025],[-80.1569,25.9051],[-80.1559,25.9052],[-80.1555,25.9074],[-80.1583,25.9073],[-80.158,25.9086],[-80.155,25.9086],[-80.1553,25.9134],[-80.1569,25.9133],[-80.1554,25.9206],[-80.1536,25.9207],[-80.1538,25.9235],[-80.1546,25.9234],[-80.1541,25.9249],[-80.1528,25.9249],[-80.1528,25.9255],[-80.154,25.9254],[-80.1537,25.9261],[-80.1494,25.926],[-80.149,25.9252],[-80.1478,25.9249],[-80.1464,25.9217],[-80.1442,25.922],[-80.1404,25.9206],[-80.1368,25.9237],[-80.1369,25.9254],[-80.135,25.9264],[-80.1353,25.9281],[-80.1335,25.9292],[-80.1312,25.9294],[-80.1303,25.9304],[-80.1317,25.9383],[-80.1408,25.9381],[-80.148,25.9312],[-80.1482,25.9379],[-80.1496,25.9382],[-80.1506,25.9377],[-80.1471,25.9499],[-80.1481,25.9744],[-80.1944,25.9732],[-80.2062,25.9726],[-80.2057,25.9571],[-80.2312,25.9561],[-80.2375,25.9543],[-80.2461,25.9555],[-80.2453,25.941],[-80.2774,25.9397],[-80.2767,25.9251],[-80.2932,25.925]]]},"properties":{"chamber":"SLDL","district_number":"107","geoid":"12107","name":"State House District 107","label":"State House District 107"}},{"type":"Feature","geometry":{"type":"Polygon","coordinates":[[[-80.228,25.9123],[-80.226,25.8651],[-80.2212,25.8567],[-80.2211,25.8553],[-80.2175,25.8552],[-80.2174,25.8505],[-80.2153,25.8505],[-80.2152,25.8487],[-80.2133,25.8488],[-80.2131,25.8419],[-80.2089,25.842],[-80.2078,25.8154],[-80.2066,25.8132],[-80.2076,25.8115],[-80.2073,25.8026],[-80.2055,25.8027],[-80.2054,25.7971],[-80.199,25.798],[-80.1939,25.798],[-80.1937,25.7989],[-80.1909,25.7989],[-80.1909,25.7981],[-80.1891,25.7981],[-80.1894,25.8043],[-80.1617,25.8048],[-80.1594,25.813],[-80.1595,25.8162],[-80.1614,25.8558],[-80.1635,25.8557],[-80.1617,25.8595],[-80.1478,25.8595],[-80.1455,25.8727],[-80.1558,25.8726],[-80.1537,25.8773],[-80.151,25.8809],[-80.1597,25.881],[-80.1656,25.8838],[-80.1604,25.9005],[-80.1668,25.9003],[-80.1673,25.9111],[-80.1635,25.9148],[-80.1859,25.914],[-80.1859,25.9122],[-80.1875,25.9121],[-80.1875,25.9129],[-80.1912,25.9122],[-80.1968,25.9061],[-80.1996,25.9108],[-80.2033,25.9149],[-80.2075,25.9167],[-80.2227,25.9163],[-80.228,25.9123]]]},"properties":{"chamber":"SLDL","district_number":"108","geoid":"12108","name":"State House District 108","label":"State House District 108"}},{"type":"Feature","geometry":{"type":"Polygon","coordinates":[[[-81.3389,28.4585],[-81.3389,28.4543],[-81.3348,28.4548],[-81.3348,28.4538],[-81.3365,28.4537],[-81.3366,28.4524],[-81.3389,28.4525],[-81.3389,28.4502],[-81.3279,28.4512],[-81.3015,28.4513],[-81.2812,28.4484],[-81.2643,28.4484],[-81.2576,28.4377],[-81.2569,28.4307],[-81.2561,28.4287],[-81.2453,28.4199],[-81.2435,28.4177],[-81.2431,28.4118],[-81.2446,28.4006],[-81.2343,28.406],[-81.2307,28.4093],[-81.2203,28.4139],[-81.2237,28.4146],[-81.2202,28.414],[-81.2068,28.4213],[-81.1729,28.422],[-81.1623,28.4321],[-81.161,28.4347],[-81.1613,28.4685],[-81.1704,28.4783],[-81.1714,28.4787],[-81.1715,28.4814],[-81.1766,28.4814],[-81.176,28.4855],[-81.1779,28.4861],[-81.1865,28.4862],[-81.1884,28.4884],[-81.1871,28.4901],[-81.1871,28.4955],[-81.1947,28.4956],[-81.1954,28.4987],[-81.1938,28.4991],[-81.1925,28.5013],[-81.1929,28.5026],[-81.2443,28.5026],[-81.2496,28.5142],[-81.2505,28.5182],[-81.2512,28.5393],[-81.2299,28.5395],[-81.2277,28.5404],[-81.2222,28.5444],[-81.2234,28.5472],[-81.2116,28.5484],[-81.2118,28.5674],[-81.2358,28.57],[-81.252,28.5684],[-81.2881,28.5682],[-81.2943,28.567],[-81.299,28.5652],[-81.3107,28.5572],[-81.3104,28.5394],[-81.3198,28.5397],[-81.325,28.5391],[-81.3249,28.5243],[-81.3145,28.5244],[-81.3143,28.4952],[-81.3184,28.4952],[-81.3183,28.4806],[-81.3307,28.4806],[-81.3308,28.4586],[-81.3389,28.4585]]]},"properties":{"chamber":"SLDL","district_number":"43","geoid":"12043","name":"State House District 43","label":"State House District 43"}},{"type":"Feature","geometry":{"type":"Polygon","coordinates":[[[-81.5297,28.5516],[-81.5295,28.5445],[-81.523,28.5446],[-81.5229,28.5394],[-81.5269,28.5357],[-81.5272,28.5345],[-81.5264,28.5333],[-81.5168,28.5278],[-81.5076,28.521],[-81.4991,28.5162],[-81.4921,28.5093],[-81.4817,28.5014],[-81.4772,28.4989],[-81.4673,28.4952],[-81.459,28.4899],[-81.4584,28.4548],[-81.4568,28.4513],[-81.4486,28.4501],[-81.4007,28.4504],[-81.3972,28.4633],[-81.3967,28.4678],[-81.397,28.5101],[-81.3884,28.5157],[-81.3863,28.5188],[-81.3863,28.5299],[-81.3832,28.5355],[-81.3826,28.5381],[-81.3825,28.553],[-81.5297,28.5516]]]},"properties":{"chamber":"SLDL","district_number":"41","geoid":"12041","name":"State House District 41","label":"State House District 41"}},{"type":"Feature","geometry":{"type":"Polygon","coordinates":[[[-81.4152,28.6401],[-81.4151,28.6382],[-81.4109,28.6382],[-81.4108,28.6364],[-81.4088,28.6364],[-81.4088,28.6331],[-81.4075,28.6328],[-81.4079,28.6274],[-81.4066,28.6274],[-81.4066,28.6256],[-81.407,28.6246],[-81.4108,28.6247],[-81.4108,28.622],[-81.4065,28.622],[-81.4065,28.6208],[-81.4071,28.6208],[-81.407,28.6185],[-81.4149,28.6184],[-81.4148,28.6164],[-81.4114,28.6164],[-81.4097,28.6151],[-81.4102,28.6148],[-81.4102,28.6108],[-81.4062,28.6109],[-81.4059,28.6103],[-81.4035,28.6103],[-81.4035,28.6095],[-81.4015,28.6095],[-81.4023,28.5999],[-81.3953,28.5938],[-81.3933,28.5853],[-81.3896,28.582],[-81.3752,28.5822],[-81.376,28.5668],[-81.3806,28.5592],[-81.3826,28.5524],[-81.3826,28.5381],[-81.3832,28.5355],[-81.3863,28.5299],[-81.3863,28.5188],[-81.3884,28.5157],[-81.397,28.5101],[-81.397,28.4653],[-81.3843,28.4654],[-81.3843,28.4727],[-81.3693,28.4729],[-81.3637,28.451],[-81.3559,28.4511],[-81.3567,28.4478],[-81.3576,28.4482],[-81.3583,28.4464],[-81.3594,28.4461],[-81.3594,28.4437],[-81.3562,28.4432],[-81.3511,28.4445],[-81.3511,28.4497],[-81.3389,28.4502],[-81.3389,28.4525],[-81.3366,28.4524],[-81.3365,28.4537],[-81.3348,28.4538],[-81.3348,28.4548],[-81.3389,28.4543],[-81.3389,28.4585],[-81.3308,28.4586],[-81.3307,28.4806],[-81.3183,28.4806],[-81.3184,28.4952],[-81.3143,28.4952],[-81.3145,28.5244],[-81.3249,28.5243],[-81.325,28.5391],[-81.3198,28.5397],[-81.3104,28.5394],[-81.3108,28.5741],[-81.3088,28.579],[-81.3089,28.5861],[-81.3111,28.5866],[-81.3111,28.5871],[-81.3116,28.5871],[-81.3116,28.5862],[-81.3166,28.5863],[-81.3168,28.5935],[-81.3163,28.5959],[-81.3152,28.5972],[-81.3166,28.6003],[-81.3163,28.6012],[-81.3173,28.6012],[-81.3178,28.6032],[-81.3152,28.6056],[-81.3145,28.6107],[-81.3279,28.6105],[-81.3285,28.6396],[-81.3616,28.6393],[-81.3617,28.6404],[-81.4152,28.6401]]]},"properties":{"chamber":"SLDL","district_number":"42","geoid":"12042","name":"State House District 42","label":"State House District 42"}},{"type":"Feature","geometry":{"type":"Polygon","coordinates":[[[-80.8861,26.9492],[-80.8858,26.6092],[-80.8831,26.4782],[-80.8831,26.4475],[-80.88,26.3461],[-80.8819,26.3461],[-80.8818,26.3338],[-80.5399,26.3347],[-80.297,26.3344],[-80.297,26.3555],[-80.2498,26.3414],[-80.2513,26.3422],[-80.2517,26.365],[-80.2358,26.3853],[-80.2357,26.4089],[-80.2224,26.4637],[-80.2208,26.4683],[-80.221,26.4832],[-80.222,26.4832],[-80.2223,26.5127],[-80.2333,26.5425],[-80.2479,26.5633],[-80.2795,26.6022],[-80.2885,26.6075],[-80.288,26.6082],[-80.3327,26.6346],[-80.3478,26.6493],[-80.3635,26.6799],[-80.3638,26.6846],[-80.2195,26.681],[-80.2188,26.6993],[-80.2195,26.6993],[-80.2193,26.7042],[-80.2214,26.704],[-80.2218,26.7054],[-80.2171,26.7074],[-80.217,26.7088],[-80.2139,26.7095],[-80.2132,26.7095],[-80.2142,26.7005],[-80.2134,26.7003],[-80.2134,26.6992],[-80.2103,26.6995],[-80.2092,26.6986],[-80.2092,26.6977],[-80.2077,26.6976],[-80.2067,26.6995],[-80.2013,26.6994],[-80.2016,26.6915],[-80.1844,26.6916],[-80.1843,26.6936],[-80.1826,26.6968],[-80.1825,26.7088],[-80.1701,26.7085],[-80.17,26.7067],[-80.1692,26.7067],[-80.169,26.706],[-80.1697,26.6994],[-80.1703,26.6985],[-80.1698,26.6972],[-80.17,26.6957],[-80.1659,26.6958],[-80.1659,26.6921],[-80.1577,26.6921],[-80.1578,26.7082],[-80.1519,26.708],[-80.1507,26.724],[-80.1484,26.7265],[-80.1418,26.7291],[-80.1402,26.7266],[-80.1388,26.7266],[-80.1389,26.7238],[-80.1372,26.7236],[-80.1377,26.7222],[-80.1357,26.7221],[-80.1359,26.7199],[-80.1373,26.714],[-80.1391,26.7105],[-80.1412,26.7077],[-80.1477,26.7018],[-80.146,26.6973],[-80.1447,26.6975],[-80.1444,26.6968],[-80.1446,26.6997],[-80.1437,26.7002],[-80.1278,26.6996],[-80.1276,26.7072],[-80.1193,26.707],[-80.1185,26.7308],[-80.1205,26.7309],[-80.1197,26.7326],[-80.1184,26.7326],[-80.1182,26.7362],[-80.1349,26.7365],[-80.1311,26.8085],[-80.1288,26.8713],[-80.1294,26.8773],[-80.1309,26.8822],[-80.1562,26.9405],[-80.159,26.9455],[-80.1671,26.9566],[-80.3745,26.9584],[-80.4437,26.9577],[-80.4998,26.9582],[-80.6297,26.9578],[-80.7498,26.959],[-80.8856,26.9589],[-80.8861,26.9492]]]},"properties":{"chamber":"SLDL","district_number":"94","geoid":"12094","name":"State House District 94","label":"State House District 94"}},{"type":"Feature","geometry":{"type":"Polygon","coordinates":[[[-81.6586,28.7428],[-81.6585,28.6796],[-81.6569,28.6078],[-81.6572,28.5926],[-81.6535,28.5904],[-81.6481,28.5845],[-81.6489,28.5827],[-81.6506,28.5819],[-81.6519,28.5805],[-81.6521,28.5772],[-81.6514,28.5751],[-81.6527,28.5711],[-81.6572,28.5698],[-81.6573,28.557],[-81.653,28.5572],[-81.6499,28.559],[-81.6479,28.5647],[-81.647,28.5642],[-81.6463,28.5623],[-81.6429,28.5608],[-81.641,28.561],[-81.6391,28.5625],[-81.6343,28.5617],[-81.6316,28.5624],[-81.6261,28.5624],[-81.6246,28.5634],[-81.6241,28.563],[-81.6219,28.5639],[-81.6165,28.5646],[-81.6163,28.5513],[-81.6176,28.5511],[-81.5918,28.551],[-81.5918,28.5453],[-81.5692,28.5454],[-81.558,28.5467],[-81.5589,28.5515],[-81.538,28.5517],[-81.5417,28.5558],[-81.5436,28.5592],[-81.5422,28.5592],[-81.5424,28.5706],[-81.5416,28.5706],[-81.5428,28.5721],[-81.5415,28.5729],[-81.5412,28.574],[-81.5507,28.5736],[-81.5508,28.5875],[-81.5528,28.5935],[-81.5535,28.5989],[-81.5528,28.6019],[-81.5459,28.6138],[-81.5452,28.6179],[-81.5423,28.618],[-81.5423,28.6217],[-81.4987,28.6219],[-81.4981,28.6257],[-81.4929,28.6257],[-81.4923,28.6295],[-81.4894,28.6323],[-81.4875,28.6333],[-81.4855,28.6333],[-81.479,28.6318],[-81.4643,28.6339],[-81.4589,28.6333],[-81.4527,28.6337],[-81.4486,28.6354],[-81.4455,28.6387],[-81.4436,28.6398],[-81.443,28.6415],[-81.4272,28.6545],[-81.4294,28.6546],[-81.4294,28.6564],[-81.4314,28.6564],[-81.4314,28.6582],[-81.4273,28.6582],[-81.4272,28.666],[-81.4237,28.6655],[-81.424,28.6675],[-81.4231,28.6674],[-81.4231,28.6728],[-81.4293,28.6728],[-81.4294,28.6764],[-81.4272,28.6764],[-81.4272,28.6801],[-81.4231,28.6801],[-81.423,28.6837],[-81.4189,28.6837],[-81.4181,28.6851],[-81.4162,28.6863],[-81.4089,28.6881],[-81.3956,28.687],[-81.3889,28.6907],[-81.3882,28.6952],[-81.3825,28.7035],[-81.381,28.7067],[-81.3635,28.7561],[-81.3821,28.7572],[-81.3806,28.7616],[-81.3808,28.7762],[-81.3813,28.7773],[-81.3849,28.7792],[-81.3851,28.7873],[-81.3846,28.789],[-81.3851,28.7918],[-81.3867,28.7916],[-81.3935,28.7927],[-81.4138,28.7926],[-81.414,28.7898],[-81.4157,28.7861],[-81.4147,28.7856],[-81.4774,28.7862],[-81.6465,28.7859],[-81.6478,28.7841],[-81.646,28.7818],[-81.6447,28.776],[-81.6452,28.7727],[-81.6465,28.7699],[-81.649,28.7669],[-81.6512,28.7659],[-81.6537,28.7663],[-81.654,28.7675],[-81.6564,28.7698],[-81.6586,28.7664],[-81.6586,28.7428]]]},"properties":{"chamber":"SLDL","district_number":"39","geoid":"12039","name":"State House District 39","label":"State House District 39"}},{"type":"Feature","geometry":{"type":"Polygon","coordinates":[[[-81.5535,28.5993],[-81.5528,28.5935],[-81.5508,28.5875],[-81.5507,28.5736],[-81.5412,28.574],[-81.5415,28.5729],[-81.5428,28.5721],[-81.5416,28.5706],[-81.5424,28.5706],[-81.5422,28.5592],[-81.5436,28.5592],[-81.5417,28.5558],[-81.5379,28.5516],[-81.3825,28.553],[-81.3806,28.5592],[-81.376,28.5668],[-81.3752,28.5822],[-81.3896,28.582],[-81.3935,28.5857],[-81.3939,28.5895],[-81.3954,28.594],[-81.4023,28.5999],[-81.4015,28.6095],[-81.4035,28.6095],[-81.4035,28.6103],[-81.4059,28.6103],[-81.4062,28.6109],[-81.4102,28.6108],[-81.4102,28.6148],[-81.4097,28.6151],[-81.4114,28.6164],[-81.4148,28.6164],[-81.4149,28.6184],[-81.407,28.6185],[-81.4071,28.6208],[-81.4065,28.6208],[-81.4065,28.622],[-81.4108,28.622],[-81.4108,28.6247],[-81.407,28.6246],[-81.4066,28.6256],[-81.4066,28.6274],[-81.4079,28.6274],[-81.4075,28.6328],[-81.4088,28.6331],[-81.4088,28.6364],[-81.4108,28.6364],[-81.4109,28.6382],[-81.4151,28.6382],[-81.4152,28.6401],[-81.4436,28.6401],[-81.4491,28.635],[-81.4535,28.6336],[-81.4589,28.6333],[-81.4643,28.6339],[-81.4792,28.6318],[-81.4873,28.6333],[-81.4892,28.6325],[-81.4922,28.6296],[-81.4929,28.628],[-81.4929,28.6257],[-81.4981,28.6257],[-81.4987,28.6219],[-81.5423,28.6217],[-81.5423,28.618],[-81.5452,28.6179],[-81.5459,28.6138],[-81.5528,28.6019],[-81.5535,28.5993]]]},"properties":{"chamber":"SLDL","district_number":"40","geoid":"12040","name":"State House District 40","label":"State House District 40"}},{"type":"Feature","geometry":{"type":"Polygon","coordinates":[[[-80.9396,28.5408],[-80.939,28.5395],[-80.9392,28.5349],[-80.9378,28.5347],[-80.9372,28.5364],[-80.9363,28.5368],[-80.9356,28.5363],[-80.9352,28.5341],[-80.9341,28.5334],[-80.9329,28.5338],[-80.9322,28.5355],[-80.9282,28.5327],[-80.9251,28.5332],[-80.9234,28.5327],[-80.9211,28.5288],[-80.9206,28.5252],[-80.9175,28.523],[-80.9163,28.5228],[-80.9114,28.5246],[-80.9106,28.5233],[-80.9125,28.5232],[-80.912,28.5216],[-80.911,28.5213],[-80.9101,28.5219],[-80.9073,28.5205],[-80.9068,28.52],[-80.908,28.518],[-80.9056,28.5177],[-80.9055,28.516],[-80.9072,28.5143],[-80.9069,28.5134],[-80.9056,28.5128],[-80.9065,28.5115],[-80.9043,28.5104],[-80.9036,28.5111],[-80.9014,28.5104],[-80.9001,28.5116],[-80.8989,28.5098],[-80.8964,28.5094],[-80.895,28.5098],[-80.8927,28.5121],[-80.8857,28.5103],[-80.8833,28.5043],[-80.881,28.5038],[-80.8799,28.5],[-80.8803,28.497],[-80.8842,28.4955],[-80.8826,28.4915],[-80.8803,28.4911],[-80.879,28.4898],[-80.8759,28.4901],[-80.8752,28.4895],[-80.8753,28.4887],[-80.8773,28.488],[-80.8781,28.4867],[-80.8756,28.4858],[-80.8753,28.4835],[-80.8733,28.4821],[-80.8739,28.4802],[-80.8731,28.4785],[-80.8741,28.4779],[-80.8742,28.4763],[-80.8708,28.4714],[-80.8713,28.4708],[-80.8728,28.4711],[-80.8751,28.4688],[-80.8764,28.4694],[-80.8755,28.4699],[-80.876,28.4709],[-80.8794,28.4697],[-80.8797,28.4683],[-80.8808,28.4683],[-80.8817,28.4704],[-80.8823,28.4696],[-80.8842,28.4695],[-80.8847,28.4687],[-80.8867,28.4696],[-80.8898,28.4665],[-80.8909,28.4669],[-80.8908,28.4684],[-80.8945,28.467],[-80.8946,28.4653],[-80.8941,28.4646],[-80.8929,28.465],[-80.8929,28.464],[-80.8938,28.4632],[-80.8954,28.4637],[-80.8958,28.4632],[-80.8948,28.462],[-80.895,28.4604],[-80.8944,28.4598],[-80.8933,28.46],[-80.8934,28.459],[-80.8941,28.458],[-80.8958,28.458],[-80.8966,28.4566],[-80.8976,28.4578],[-80.8983,28.4551],[-80.897,28.4547],[-80.8973,28.453],[-80.8959,28.4513],[-80.8939,28.4508],[-80.892,28.4492],[-80.8901,28.4454],[-80.8939,28.4439],[-80.894,28.4427],[-80.8931,28.4418],[-80.8941,28.441],[-80.8947,28.4387],[-80.8943,28.4379],[-80.8952,28.4364],[-80.8967,28.4373],[-80.897,28.4365],[-80.8982,28.4364],[-80.8969,28.4355],[-80.8989,28.4347],[-80.8996,28.4334],[-80.9013,28.4335],[-80.9003,28.4316],[-80.8993,28.4322],[-80.899,28.4309],[-80.8984,28.4319],[-80.8968,28.4278],[-80.8971,28.4264],[-80.8987,28.4261],[-80.8964,28.425],[-80.8969,28.4233],[-80.8958,28.4231],[-80.8955,28.4207],[-80.8964,28.4206],[-80.8959,28.4196],[-80.8964,28.4185],[-80.8951,28.418],[-80.8947,28.4192],[-80.8942,28.4191],[-80.8922,28.4184],[-80.8911,28.4162],[-80.888,28.4157],[-80.8881,28.413],[-80.8849,28.4107],[-80.8848,28.4087],[-80.883,28.4082],[-80.8832,28.4065],[-80.8849,28.4064],[-80.8865,28.4041],[-80.8855,28.4024],[-80.8867,28.3996],[-80.8845,28.3983],[-80.8845,28.3961],[-80.8851,28.3958],[-80.8868,28.3965],[-80.8875,28.394],[-80.8896,28.393],[-80.8878,28.388],[-80.8886,28.3858],[-80.8855,28.3848],[-80.8814,28.3806],[-80.8796,28.3804],[-80.8795,28.3772],[-80.8819,28.3755],[-80.8819,28.3747],[-80.8801,28.3751],[-80.8803,28.3737],[-80.8793,28.3724],[-80.8778,28.3722],[-80.8767,28.3733],[-80.8756,28.3734],[-80.8731,28.3703],[-80.8724,28.3677],[-80.8738,28.3642],[-80.8739,28.3616],[-80.8697,28.3539],[-80.8667,28.3503],[-80.8628,28.3472],[-80.8474,28.3457],[-80.8369,28.3393],[-80.8245,28.3331],[-80.8147,28.3312],[-80.7956,28.3301],[-80.7966,28.3303],[-80.7964,28.3454],[-80.79,28.3455],[-80.79,28.3436],[-80.7879,28.3436],[-80.7879,28.3455],[-80.785,28.3454],[-80.7799,28.3376],[-80.7797,28.3455],[-80.7716,28.3455],[-80.7716,28.3421],[-80.7694,28.342],[-80.7694,28.3429],[-80.7633,28.3431],[-80.7637,28.3443],[-80.7647,28.3443],[-80.7648,28.3455],[-80.755,28.3455],[-80.755,28.3493],[-80.7141,28.3495],[-80.7078,28.3323],[-80.6939,28.3025],[-80.6733,28.2529],[-80.6511,28.2062],[-80.6337,28.209],[-80.6342,28.2082],[-80.6157,28.1721],[-80.6049,28.1724],[-80.6049,28.17],[-80.6031,28.17],[-80.603,28.1611],[-80.599,28.1611],[-80.599,28.1575],[-80.5177,28.159],[-80.5342,28.2342],[-80.544,28.2711],[-80.5342,28.3357],[-80.5194,28.3911],[-80.4998,28.4095],[-80.4936,28.4131],[-80.4877,28.4184],[-80.4812,28.4255],[-80.4762,28.4341],[-80.4723,28.4434],[-80.4694,28.4531],[-80.4686,28.4631],[-80.4706,28.4723],[-80.4781,28.4925],[-80.5036,28.5404],[-80.5088,28.5659],[-80.5113,28.5752],[-80.5151,28.5877],[-80.5242,28.6102],[-80.5922,28.6109],[-80.6139,28.6369],[-80.6177,28.6425],[-80.6248,28.6425],[-80.6272,28.6435],[-80.6952,28.6435],[-80.6964,28.6448],[-80.6977,28.6451],[-80.7498,28.6453],[-80.7549,28.6486],[-80.76,28.6482],[-80.764,28.6469],[-80.7664,28.6472],[-80.789,28.6273],[-80.805,28.6161],[-80.8075,28.6154],[-80.8077,28.6008],[-80.8032,28.5915],[-80.7992,28.5766],[-80.8059,28.5765],[-80.8096,28.5789],[-80.8188,28.5791],[-80.8191,28.5749],[-80.8227,28.5719],[-80.8331,28.5722],[-80.8359,28.5747],[-80.8471,28.5743],[-80.8469,28.5544],[-80.8487,28.5529],[-80.8545,28.5508],[-80.889,28.5507],[-80.8931,28.549],[-80.897,28.5453],[-80.901,28.5438],[-80.9329,28.5438],[-80.9321,28.5429],[-80.9322,28.542],[-80.9342,28.5405],[-80.9358,28.5418],[-80.939,28.542],[-80.9396,28.5408]]]},"properties":{"chamber":"SLDL","district_number":"31","geoid":"12031","name":"State House District 31","label":"State House District 31"}},{"type":"Feature","geometry":{"type":"Polygon","coordinates":[[[-81.5583,28.2599],[-81.5575,28.2594],[-81.5516,28.2495],[-81.5241,28.201],[-81.5242,28.1428],[-81.4562,28.1432],[-81.4558,28.0849],[-81.3464,28.0847],[-81.3457,28.0858],[-81.3452,28.0848],[-81.3438,28.0847],[-81.3451,28.0871],[-81.3517,28.1366],[-81.3515,28.1403],[-81.3657,28.164],[-81.3669,28.1641],[-81.3904,28.1811],[-81.3934,28.1863],[-81.3984,28.2004],[-81.3981,28.2058],[-81.3948,28.2181],[-81.3924,28.2245],[-81.3917,28.2306],[-81.3903,28.233],[-81.3946,28.2507],[-81.3968,28.2553],[-81.3928,28.2595],[-81.3901,28.2635],[-81.393,28.2662],[-81.3965,28.2713],[-81.3936,28.276],[-81.3921,28.2826],[-81.3947,28.2839],[-81.3954,28.2931],[-81.4005,28.2951],[-81.3995,28.2973],[-81.3995,28.3008],[-81.3946,28.3007],[-81.3943,28.308],[-81.3929,28.3081],[-81.3929,28.309],[-81.3913,28.309],[-81.3914,28.3126],[-81.3908,28.3126],[-81.3908,28.3145],[-81.3892,28.3145],[-81.3892,28.3153],[-81.3859,28.3152],[-81.3853,28.3184],[-81.3857,28.32],[-81.3828,28.32],[-81.3827,28.3219],[-81.377,28.3219],[-81.3771,28.3249],[-81.3742,28.3252],[-81.3832,28.3479],[-81.4439,28.348],[-81.4578,28.3479],[-81.4578,28.3473],[-81.5112,28.3469],[-81.5145,28.345],[-81.5166,28.3428],[-81.5231,28.3329],[-81.5222,28.3327],[-81.5209,28.3309],[-81.5209,28.315],[-81.525,28.3149],[-81.5247,28.2892],[-81.5411,28.2887],[-81.5412,28.2767],[-81.5437,28.2759],[-81.5443,28.272],[-81.5431,28.2708],[-81.5432,28.2695],[-81.5403,28.2683],[-81.5369,28.2652],[-81.5367,28.2642],[-81.5464,28.2598],[-81.5583,28.2599]]]},"properties":{"chamber":"SLDL","district_number":"46","geoid":"12046","name":"State House District 46","label":"State House District 46"}},{"type":"Feature","geometry":{"type":"Polygon","coordinates":[[[-81.9542,28.9595],[-81.9533,28.8753],[-81.9537,28.7553],[-81.9241,28.7552],[-81.9216,28.7539],[-81.9206,28.7496],[-81.9184,28.748],[-81.8955,28.7477],[-81.8816,28.7601],[-81.8807,28.7624],[-81.8814,28.7647],[-81.8808,28.7644],[-81.8785,28.7653],[-81.8783,28.767],[-81.8771,28.768],[-81.875,28.7674],[-81.8747,28.7667],[-81.8753,28.7667],[-81.8746,28.7664],[-81.8729,28.7672],[-81.8729,28.7681],[-81.8722,28.7686],[-81.8718,28.767],[-81.8713,28.7679],[-81.8696,28.7661],[-81.8653,28.7664],[-81.8625,28.7651],[-81.86,28.7622],[-81.8618,28.7605],[-81.8597,28.7621],[-81.8572,28.7595],[-81.851,28.7567],[-81.8467,28.7565],[-81.842,28.7548],[-81.8387,28.7546],[-81.8384,28.7535],[-81.8378,28.7545],[-81.8374,28.7531],[-81.8373,28.754],[-81.8353,28.754],[-81.835,28.7528],[-81.835,28.7541],[-81.8372,28.7542],[-81.8354,28.7548],[-81.8327,28.7531],[-81.8333,28.751],[-81.8329,28.7525],[-81.8319,28.753],[-81.832,28.7522],[-81.8286,28.7496],[-81.8232,28.7469],[-81.8234,28.7459],[-81.8231,28.7468],[-81.8207,28.7461],[-81.8208,28.7441],[-81.82,28.7434],[-81.8193,28.7434],[-81.8205,28.7438],[-81.8206,28.7458],[-81.8157,28.7449],[-81.8123,28.745],[-81.8009,28.7486],[-81.7992,28.7484],[-81.799,28.7455],[-81.7983,28.7445],[-81.7977,28.7456],[-81.796,28.7462],[-81.7948,28.7474],[-81.7936,28.7474],[-81.7899,28.7456],[-81.7872,28.7456],[-81.7877,28.7433],[-81.7871,28.743],[-81.7893,28.742],[-81.79,28.7402],[-81.7929,28.7397],[-81.7942,28.7385],[-81.7917,28.7384],[-81.7924,28.7369],[-81.7918,28.7366],[-81.7881,28.7393],[-81.7864,28.7359],[-81.7866,28.7343],[-81.7762,28.7322],[-81.7752,28.7322],[-81.7711,28.7345],[-81.7679,28.7348],[-81.7657,28.743],[-81.7577,28.7459],[-81.7517,28.7448],[-81.7455,28.7419],[-81.7445,28.7391],[-81.7084,28.7391],[-81.7084,28.7544],[-81.6935,28.7464],[-81.6848,28.746],[-81.6773,28.7428],[-81.6586,28.7403],[-81.6586,28.7664],[-81.6564,28.7698],[-81.654,28.7675],[-81.6537,28.7663],[-81.6512,28.7659],[-81.649,28.7669],[-81.6465,28.7699],[-81.6452,28.7727],[-81.6447,28.776],[-81.646,28.7818],[-81.6478,28.7841],[-81.6465,28.7859],[-81.593,28.786],[-81.5929,28.8152],[-81.6014,28.8152],[-81.6014,28.826],[-81.6094,28.8261],[-81.6096,28.8365],[-81.6142,28.8415],[-81.6147,28.843],[-81.6144,28.8518],[-81.6015,28.8516],[-81.6017,28.8832],[-81.6008,28.8849],[-81.5949,28.8899],[-81.5941,28.8916],[-81.5934,28.9163],[-81.5939,28.962],[-81.5968,28.962],[-81.602,28.9603],[-81.6262,28.9604],[-81.6333,28.9638],[-81.6454,28.9641],[-81.6473,28.966],[-81.6469,28.9671],[-81.6483,28.9675],[-81.6487,28.9664],[-81.6492,28.9666],[-81.6487,28.9678],[-81.6521,28.9688],[-81.652,28.9675],[-81.6567,28.9676],[-81.6587,28.9668],[-81.6587,28.9603],[-81.6961,28.9601],[-81.7207,28.9611],[-81.8422,28.961],[-81.8423,28.9599],[-81.9542,28.9601],[-81.9542,28.9595]]]},"properties":{"chamber":"SLDL","district_number":"26","geoid":"12026","name":"State House District 26","label":"State House District 26"}},{"type":"Feature","geometry":{"type":"Polygon","coordinates":[[[-80.2551,25.7647],[-80.2546,25.7499],[-80.2464,25.7501],[-80.2459,25.7353],[-80.2377,25.7355],[-80.2374,25.7287],[-80.2388,25.7276],[-80.2375,25.7261],[-80.2382,25.7237],[-80.2376,25.7096],[-80.1956,25.7098],[-80.2085,25.6572],[-80.1001,25.6573],[-80.0988,25.6623],[-80.0977,25.6707],[-80.0989,25.6842],[-80.0956,25.6921],[-80.0939,25.6986],[-80.0918,25.7211],[-80.0845,25.7269],[-80.0787,25.7334],[-80.0739,25.7414],[-80.0706,25.7504],[-80.1099,25.7504],[-80.11,25.7533],[-80.1249,25.76],[-80.1314,25.7477],[-80.1325,25.7485],[-80.1322,25.7499],[-80.1488,25.7624],[-80.1491,25.7639],[-80.1386,25.7645],[-80.1376,25.7648],[-80.1382,25.7652],[-80.1369,25.7652],[-80.1691,25.7792],[-80.1617,25.8048],[-80.1894,25.8043],[-80.1893,25.782],[-80.1872,25.7743],[-80.1977,25.774],[-80.1977,25.7732],[-80.2006,25.773],[-80.2033,25.7764],[-80.212,25.7816],[-80.223,25.7855],[-80.2228,25.7722],[-80.2309,25.7714],[-80.2307,25.7654],[-80.2551,25.7647]]]},"properties":{"chamber":"SLDL","district_number":"113","geoid":"12113","name":"State House District 113","label":"State House District 113"}},{"type":"Feature","geometry":{"type":"Polygon","coordinates":[[[-80.2524,26.1207],[-80.2503,26.1134],[-80.2503,26.0998],[-80.2021,26.0881],[-80.2036,26.0889],[-80.2027,26.0917],[-80.2007,26.0916],[-80.2008,26.0878],[-80.1942,26.0855],[-80.1903,26.087],[-80.1837,26.0878],[-80.1787,26.091],[-80.1751,26.0914],[-80.1735,26.0945],[-80.1708,26.095],[-80.1703,26.0959],[-80.1689,26.0966],[-80.1685,26.0886],[-80.1537,26.0925],[-80.1404,26.0928],[-80.1428,26.1046],[-80.1433,26.1183],[-80.1453,26.119],[-80.1459,26.1296],[-80.145,26.1297],[-80.1436,26.1319],[-80.132,26.1441],[-80.1309,26.147],[-80.131,26.1529],[-80.1273,26.1545],[-80.1221,26.1544],[-80.1213,26.1556],[-80.1207,26.1547],[-80.12,26.1548],[-80.1189,26.1561],[-80.118,26.1609],[-80.1191,26.1621],[-80.1208,26.1622],[-80.121,26.1641],[-80.1244,26.1652],[-80.1256,26.1637],[-80.1273,26.1638],[-80.1281,26.1651],[-80.1302,26.1643],[-80.1304,26.1637],[-80.1292,26.163],[-80.1297,26.1626],[-80.1339,26.1638],[-80.1383,26.1638],[-80.1384,26.1667],[-80.1575,26.1662],[-80.1594,26.1657],[-80.1619,26.1623],[-80.1672,26.1513],[-80.1868,26.1508],[-80.1869,26.158],[-80.1879,26.1584],[-80.1872,26.1591],[-80.1873,26.1616],[-80.2131,26.1613],[-80.213,26.1557],[-80.2195,26.1557],[-80.2194,26.1502],[-80.227,26.1502],[-80.2267,26.1358],[-80.2507,26.1356],[-80.2502,26.1208],[-80.2524,26.1207]]]},"properties":{"chamber":"SLDL","district_number":"99","geoid":"12099","name":"State House District 99","label":"State House District 99"}},{"type":"Feature","geometry":{"type":"Polygon","coordinates":[[[-80.5016,25.4587],[-80.5016,25.4477],[-80.4934,25.4478],[-80.4933,25.4405],[-80.4913,25.4405],[-80.4913,25.4332],[-80.4606,25.4333],[-80.4606,25.4187],[-80.4422,25.4186],[-80.4422,25.4223],[-80.4402,25.4223],[-80.4402,25.4259],[-80.436,25.426],[-80.4361,25.4347],[-80.4321,25.4347],[-80.4321,25.4407],[-80.4361,25.4406],[-80.4362,25.4481],[-80.435,25.4481],[-80.4334,25.453],[-80.4335,25.4554],[-80.4362,25.4624],[-80.4362,25.4702],[-80.451,25.4701],[-80.4286,25.4842],[-80.4199,25.4916],[-80.4177,25.4954],[-80.4168,25.5043],[-80.4153,25.5078],[-80.4093,25.513],[-80.3962,25.5268],[-80.3922,25.5285],[-80.3715,25.5325],[-80.3669,25.5357],[-80.3645,25.5389],[-80.3626,25.5454],[-80.3628,25.5684],[-80.3723,25.57],[-80.3728,25.576],[-80.3657,25.5833],[-80.3644,25.5862],[-80.3588,25.5918],[-80.3566,25.5961],[-80.3553,25.5961],[-80.3472,25.6139],[-80.3435,25.6237],[-80.345,25.624],[-80.3447,25.6251],[-80.3456,25.6251],[-80.346,25.6262],[-80.347,25.6264],[-80.3489,25.631],[-80.3524,25.6312],[-80.3598,25.6356],[-80.3622,25.6356],[-80.3659,25.6384],[-80.3682,25.6386],[-80.3755,25.6414],[-80.3762,25.6419],[-80.3769,25.6461],[-80.383,25.646],[-80.3823,25.6298],[-80.3801,25.6279],[-80.3792,25.6254],[-80.3781,25.6034],[-80.3765,25.5995],[-80.3724,25.5953],[-80.3762,25.5945],[-80.389,25.5843],[-80.3886,25.5603],[-80.39,25.5588],[-80.3967,25.5588],[-80.3966,25.5521],[-80.3973,25.5514],[-80.3966,25.5511],[-80.4218,25.5254],[-80.4262,25.5199],[-80.462,25.4835],[-80.4659,25.4757],[-80.474,25.4666],[-80.4752,25.4625],[-80.4975,25.4624],[-80.4974,25.4587],[-80.5016,25.4587]]]},"properties":{"chamber":"SLDL","district_number":"117","geoid":"12117","name":"State House District 117","label":"State House District 117"}},{"type":"Feature","geometry":{"type":"Polygon","coordinates":[[[-80.2972,26.294],[-80.297,26.2933],[-80.2966,26.2966],[-80.295,26.2994],[-80.2927,26.3011],[-80.29,26.3021],[-80.2505,26.3017],[-80.2504,26.2987],[-80.2488,26.2934],[-80.2503,26.2884],[-80.2502,26.2797],[-80.2335,26.2794],[-80.2335,26.2751],[-80.2349,26.2722],[-80.2342,26.2721],[-80.2335,26.2283],[-80.221,26.2282],[-80.2206,26.2219],[-80.2126,26.2219],[-80.2125,26.2201],[-80.2044,26.2201],[-80.2041,26.215],[-80.2029,26.215],[-80.2029,26.2129],[-80.1994,26.213],[-80.1994,26.215],[-80.1956,26.215],[-80.1956,26.2103],[-80.1712,26.239],[-80.168,26.2445],[-80.1667,26.2489],[-80.1682,26.25],[-80.1666,26.2517],[-80.1668,26.2568],[-80.1686,26.2644],[-80.1689,26.2706],[-80.1705,26.2709],[-80.171,26.2716],[-80.1692,26.2741],[-80.1703,26.3278],[-80.2041,26.3278],[-80.297,26.3555],[-80.2972,26.294]]]},"properties":{"chamber":"SLDL","district_number":"95","geoid":"12095","name":"State House District 95","label":"State House District 95"}},{"type":"Feature","geometry":{"type":"Polygon","coordinates":[[[-81.9576,28.348],[-81.9576,28.3452],[-81.8752,28.3454],[-81.8575,28.346],[-81.8576,28.3619],[-81.7909,28.3618],[-81.7907,28.3464],[-81.6573,28.3471],[-81.6572,28.5698],[-81.6527,28.5711],[-81.6514,28.5751],[-81.6521,28.5772],[-81.6519,28.5805],[-81.6506,28.5819],[-81.6489,28.5827],[-81.6481,28.5845],[-81.6535,28.5904],[-81.6572,28.5926],[-81.6569,28.6078],[-81.6585,28.6796],[-81.6586,28.7403],[-81.6773,28.7428],[-81.6848,28.746],[-81.6935,28.7464],[-81.7084,28.7544],[-81.7084,28.7391],[-81.7445,28.7391],[-81.7455,28.7419],[-81.7517,28.7448],[-81.7577,28.7459],[-81.7657,28.743],[-81.7679,28.7348],[-81.7711,28.7345],[-81.7752,28.7322],[-81.7762,28.7322],[-81.7866,28.7343],[-81.7864,28.7359],[-81.7881,28.7393],[-81.7918,28.7366],[-81.7924,28.7369],[-81.7917,28.7384],[-81.7942,28.7385],[-81.7929,28.7397],[-81.79,28.7402],[-81.7893,28.742],[-81.7871,28.743],[-81.7877,28.7433],[-81.7872,28.7456],[-81.7899,28.7456],[-81.7936,28.7474],[-81.7948,28.7474],[-81.796,28.7462],[-81.7977,28.7456],[-81.7983,28.7445],[-81.799,28.7455],[-81.7992,28.7484],[-81.8009,28.7486],[-81.8123,28.745],[-81.8157,28.7449],[-81.8206,28.7458],[-81.8205,28.7438],[-81.8193,28.7434],[-81.82,28.7434],[-81.8208,28.7441],[-81.8207,28.7461],[-81.8231,28.7468],[-81.8234,28.7459],[-81.8232,28.7469],[-81.8286,28.7496],[-81.832,28.7522],[-81.8319,28.753],[-81.8329,28.7525],[-81.8333,28.751],[-81.8327,28.7531],[-81.8354,28.7548],[-81.8372,28.7542],[-81.835,28.7541],[-81.835,28.7528],[-81.8353,28.754],[-81.8373,28.754],[-81.8374,28.7531],[-81.8378,28.7545],[-81.8384,28.7535],[-81.8387,28.7546],[-81.842,28.7548],[-81.8467,28.7565],[-81.851,28.7567],[-81.8572,28.7595],[-81.8597,28.7621],[-81.8618,28.7605],[-81.86,28.7622],[-81.8625,28.7651],[-81.8653,28.7664],[-81.8696,28.7661],[-81.8713,28.7679],[-81.8718,28.767],[-81.8722,28.7686],[-81.8729,28.7681],[-81.8729,28.7672],[-81.8746,28.7664],[-81.8753,28.7667],[-81.8747,28.7667],[-81.875,28.7674],[-81.8771,28.768],[-81.8783,28.767],[-81.8785,28.7653],[-81.8808,28.7644],[-81.8814,28.7647],[-81.8807,28.7624],[-81.8816,28.7601],[-81.8955,28.7477],[-81.9184,28.748],[-81.9206,28.7496],[-81.9216,28.7539],[-81.9241,28.7552],[-81.9537,28.7553],[-81.9549,28.6424],[-81.9542,28.5561],[-81.9554,28.5003],[-81.9561,28.4142],[-81.9575,28.3753],[-81.9576,28.348]]]},"properties":{"chamber":"SLDL","district_number":"25","geoid":"12025","name":"State House District 25","label":"State House District 25"}},{"type":"Feature","geometry":{"type":"Polygon","coordinates":[[[-80.2926,25.9134],[-80.292,25.8986],[-80.282,25.8957],[-80.2753,25.8896],[-80.275,25.8816],[-80.2594,25.8821],[-80.2591,25.8707],[-80.2603,25.8707],[-80.2599,25.8482],[-80.2582,25.8482],[-80.2572,25.828],[-80.2532,25.8281],[-80.253,25.8239],[-80.256,25.8235],[-80.2559,25.8216],[-80.2549,25.8217],[-80.2549,25.8198],[-80.2559,25.8197],[-80.2558,25.8179],[-80.2568,25.8178],[-80.2566,25.811],[-80.2485,25.8123],[-80.2481,25.7995],[-80.2446,25.7967],[-80.2398,25.7943],[-80.2396,25.7926],[-80.2356,25.7903],[-80.2312,25.7888],[-80.2296,25.7875],[-80.2239,25.7862],[-80.212,25.7816],[-80.2033,25.7764],[-80.2006,25.773],[-80.1977,25.7732],[-80.1977,25.774],[-80.1872,25.7743],[-80.1893,25.782],[-80.1891,25.7981],[-80.1909,25.7981],[-80.1909,25.7989],[-80.1937,25.7989],[-80.1939,25.798],[-80.199,25.798],[-80.2054,25.7971],[-80.2055,25.8027],[-80.2073,25.8026],[-80.2076,25.8115],[-80.2066,25.8132],[-80.2078,25.8154],[-80.2089,25.842],[-80.2131,25.8419],[-80.2133,25.8488],[-80.2152,25.8487],[-80.2153,25.8505],[-80.2174,25.8505],[-80.2175,25.8552],[-80.2211,25.8553],[-80.2212,25.8567],[-80.226,25.8651],[-80.228,25.9122],[-80.2581,25.9113],[-80.2583,25.915],[-80.2926,25.9134]]]},"properties":{"chamber":"SLDL","district_number":"109","geoid":"12109","name":"State House District 109","label":"State House District 109"}},{"type":"Feature","geometry":{"type":"Polygon","coordinates":[[[-80.8812,26.3338],[-80.8797,26.2593],[-80.8794,26.1801],[-80.8726,26.0015],[-80.8729,25.9794],[-80.68,25.9787],[-80.68,25.9569],[-80.4394,25.9569],[-80.442,26.0442],[-80.4433,26.1129],[-80.4498,26.1407],[-80.4496,26.1446],[-80.4479,26.1446],[-80.4471,26.1461],[-80.4403,26.1456],[-80.3709,26.1294],[-80.3302,26.1192],[-80.3301,26.1459],[-80.3271,26.1459],[-80.3218,26.1446],[-80.3171,26.1458],[-80.3139,26.1459],[-80.314,26.1607],[-80.2981,26.1604],[-80.2979,26.1644],[-80.2674,26.1643],[-80.2681,26.1939],[-80.2521,26.1939],[-80.2528,26.2299],[-80.2337,26.2301],[-80.2342,26.2721],[-80.2349,26.2722],[-80.2335,26.2751],[-80.2335,26.2794],[-80.2502,26.2797],[-80.2503,26.2884],[-80.2488,26.2934],[-80.2504,26.2987],[-80.2505,26.3017],[-80.29,26.3021],[-80.2927,26.3011],[-80.2952,26.2992],[-80.2966,26.2966],[-80.2972,26.2933],[-80.297,26.3344],[-80.5399,26.3347],[-80.8812,26.3338]]]},"properties":{"chamber":"SLDL","district_number":"96","geoid":"12096","name":"State House District 96","label":"State House District 96"}},{"type":"Feature","geometry":{"type":"Polygon","coordinates":[[[-80.2035,26.3679],[-80.2029,26.3278],[-80.1,26.3278],[-80.0984,26.3265],[-80.0991,26.3238],[-80.0986,26.3227],[-80.0964,26.3224],[-80.0949,26.325],[-80.092,26.3264],[-80.0891,26.3247],[-80.0889,26.3224],[-80.0879,26.3208],[-80.0153,26.321],[-80.0144,26.3622],[-80.0069,26.4265],[-80.0623,26.4264],[-80.0614,26.4321],[-80.0642,26.4321],[-80.0647,26.4321],[-80.0648,26.4252],[-80.0655,26.4205],[-80.0714,26.4207],[-80.0733,26.4221],[-80.0771,26.4228],[-80.0793,26.4245],[-80.1716,26.4241],[-80.171,26.3943],[-80.1713,26.3939],[-80.1866,26.394],[-80.1867,26.3914],[-80.1877,26.3885],[-80.1866,26.3829],[-80.1866,26.3679],[-80.2035,26.3679]]]},"properties":{"chamber":"SLDL","district_number":"91","geoid":"12091","name":"State House District 91","label":"State House District 91"}},{"type":"Feature","geometry":{"type":"Polygon","coordinates":[[[-80.3229,25.8696],[-80.3226,25.8538],[-80.3047,25.8406],[-80.3221,25.8407],[-80.3208,25.7807],[-80.3142,25.7796],[-80.3024,25.7842],[-80.2891,25.784],[-80.2807,25.7853],[-80.2711,25.783],[-80.2641,25.7851],[-80.2637,25.7717],[-80.2542,25.7719],[-80.2544,25.7701],[-80.2554,25.77],[-80.2551,25.7647],[-80.2307,25.7654],[-80.2309,25.7714],[-80.2228,25.7722],[-80.223,25.7855],[-80.2296,25.7875],[-80.2312,25.7888],[-80.2356,25.7903],[-80.2396,25.7926],[-80.2398,25.7943],[-80.2446,25.7967],[-80.2481,25.7995],[-80.2485,25.8123],[-80.2566,25.811],[-80.2568,25.8178],[-80.2558,25.8179],[-80.2559,25.8197],[-80.2549,25.8198],[-80.2549,25.8217],[-80.2559,25.8216],[-80.256,25.8235],[-80.253,25.8236],[-80.2532,25.8281],[-80.2572,25.828],[-80.2582,25.8482],[-80.2599,25.8482],[-80.2603,25.8707],[-80.2776,25.8702],[-80.291,25.8708],[-80.2928,25.8697],[-80.3229,25.8696]]]},"properties":{"chamber":"SLDL","district_number":"112","geoid":"12112","name":"State House District 112","label":"State House District 112"}},{"type":"Feature","geometry":{"type":"Polygon","coordinates":[[[-80.3894,25.6899],[-80.3887,25.6717],[-80.384,25.6719],[-80.3837,25.6642],[-80.3718,25.6648],[-80.3514,25.6875],[-80.3335,25.6881],[-80.3358,25.7331],[-80.3357,25.7476],[-80.3367,25.7812],[-80.3578,25.7812],[-80.369,25.7801],[-80.3686,25.7842],[-80.3691,25.7971],[-80.3859,25.7971],[-80.386,25.7733],[-80.3835,25.7068],[-80.3843,25.6991],[-80.3887,25.6922],[-80.3894,25.6899]]]},"properties":{"chamber":"SLDL","district_number":"116","geoid":"12116","name":"State House District 116","label":"State House District 116"}},{"type":"Feature","geometry":{"type":"Polygon","coordinates":[[[-80.2659,26.1007],[-80.2649,26.0723],[-80.2643,26.0709],[-80.2612,26.0684],[-80.2604,26.0668],[-80.2598,26.0452],[-80.2516,26.0455],[-80.2512,26.043],[-80.2488,26.0379],[-80.2487,26.0312],[-80.1683,26.0336],[-80.15,26.0335],[-80.1481,25.9744],[-80.1339,25.9749],[-80.1339,25.9741],[-80.1332,25.9741],[-80.1239,25.9745],[-80.1233,25.9751],[-80.0629,25.9768],[-80.0611,25.9885],[-80.0602,26.0061],[-80.0545,26.0731],[-80.0508,26.0832],[-80.0493,26.0928],[-80.1051,26.0933],[-80.1512,26.0927],[-80.1544,26.0924],[-80.1685,26.0886],[-80.1689,26.0966],[-80.1703,26.0959],[-80.1708,26.095],[-80.1735,26.0945],[-80.1751,26.0914],[-80.1787,26.091],[-80.1837,26.0878],[-80.1904,26.087],[-80.1938,26.0854],[-80.2008,26.0878],[-80.2007,26.0916],[-80.2027,26.0917],[-80.2036,26.0889],[-80.2021,26.0881],[-80.2654,26.1035],[-80.2659,26.1007]]]},"properties":{"chamber":"SLDL","district_number":"101","geoid":"12101","name":"State House District 101","label":"State House District 101"}},{"type":"Feature","geometry":{"type":"Polygon","coordinates":[[[-80.4497,26.1418],[-80.4433,26.1129],[-80.442,26.0442],[-80.4394,25.9569],[-80.3521,25.957],[-80.3528,25.9748],[-80.3523,25.9779],[-80.3509,25.981],[-80.3437,25.9893],[-80.3413,25.9932],[-80.3281,25.9933],[-80.3286,26.0086],[-80.3301,26.0148],[-80.3284,26.0206],[-80.3292,26.0244],[-80.329,26.0284],[-80.3521,26.0294],[-80.3528,26.0334],[-80.3538,26.061],[-80.3555,26.066],[-80.36,26.0745],[-80.3619,26.0804],[-80.3627,26.0876],[-80.3625,26.0985],[-80.3606,26.1023],[-80.3598,26.1023],[-80.3498,26.1139],[-80.349,26.1167],[-80.3463,26.1167],[-80.3463,26.1231],[-80.3709,26.1294],[-80.4403,26.1456],[-80.4471,26.1461],[-80.4479,26.1446],[-80.4496,26.1446],[-80.4497,26.1418]]]},"properties":{"chamber":"SLDL","district_number":"103","geoid":"12103","name":"State House District 103","label":"State House District 103"}},{"type":"Feature","geometry":{"type":"Polygon","coordinates":[[[-81.7366,26.244],[-81.7353,26.1794],[-81.7348,26.1759],[-81.7333,26.1726],[-81.7289,26.1678],[-81.7227,26.1649],[-81.7182,26.1643],[-81.7025,26.1645],[-81.6866,26.1605],[-81.6874,26.0802],[-81.6887,26.0768],[-81.6991,26.0631],[-81.6372,26.0237],[-81.5924,25.9943],[-81.6216,25.9885],[-81.6255,25.9865],[-81.6274,25.9839],[-81.6482,25.9354],[-81.6495,25.9339],[-81.6524,25.933],[-81.6462,25.9287],[-81.6428,25.9251],[-81.6421,25.9199],[-81.6386,25.9121],[-81.6384,25.9094],[-81.6398,25.9016],[-81.6404,25.8925],[-81.6402,25.8754],[-81.6248,25.8754],[-81.6249,25.8025],[-81.4529,25.8037],[-81.3505,25.8032],[-81.2595,25.8042],[-81.1005,25.8033],[-80.9814,25.804],[-80.8731,25.8054],[-80.8736,25.9083],[-80.8726,26.0015],[-80.8794,26.1801],[-80.8797,26.2593],[-80.8819,26.3461],[-80.88,26.3461],[-80.8831,26.4475],[-80.8831,26.4782],[-80.8858,26.6092],[-80.8861,26.9492],[-80.8856,26.9589],[-80.9453,26.7691],[-81.1301,26.7682],[-81.4349,26.7688],[-81.4349,26.7835],[-81.4491,26.7835],[-81.4593,26.7835],[-81.4595,26.7689],[-81.5657,26.7696],[-81.5664,26.6948],[-81.5622,26.4226],[-81.6595,26.4211],[-81.6579,26.3176],[-81.6905,26.3173],[-81.6889,26.2613],[-81.6967,26.2613],[-81.6972,26.2589],[-81.7007,26.2588],[-81.7007,26.2571],[-81.7047,26.2571],[-81.7044,26.2509],[-81.7004,26.2509],[-81.7001,26.244],[-81.7366,26.244]]]},"properties":{"chamber":"SLDL","district_number":"82","geoid":"12082","name":"State House District 82","label":"State House District 82"}}],"vintage":"119th Congressional Districts; 2024 State Legislative Districts","source":"U.S. Census Bureau TIGERweb (Legislative)","source_url":"https://tigerweb.geo.census.gov/arcgisonline/rest/services/TIGERweb/Legislative/MapServer","retrieved":"2026-09-06"}
